

INSERT INTO [dbo].[MST_ACCOUNT] ([ACC_CODE], [ACC_NAME], [ACC_TYPE], [RETAINED_EARNINGS], [IS_ACTIVE])
VALUES 
  ('11100', 'Cash On Hand', 2, 0, 1)
GO

INSERT INTO [dbo].[MST_ACCOUNT] ([ACC_CODE], [ACC_NAME], [ACC_TYPE], [RETAINED_EARNINGS], [IS_ACTIVE])
VALUES 
  ('11200', 'Petty Cash', 2, 0, 1)
GO

INSERT INTO [dbo].[MST_ACCOUNT] ([ACC_CODE], [ACC_NAME], [ACC_TYPE], [RETAINED_EARNINGS], [IS_ACTIVE])
VALUES 
  ('11310', 'Bank - Public Bank', 2, 0, 1)
GO

INSERT INTO [dbo].[MST_ACCOUNT] ([ACC_CODE], [ACC_NAME], [ACC_TYPE], [RETAINED_EARNINGS], [IS_ACTIVE])
VALUES 
  ('11320', 'Bank - RHB Bank', 2, 0, 1)
GO

INSERT INTO [dbo].[MST_ACCOUNT] ([ACC_CODE], [ACC_NAME], [ACC_TYPE], [RETAINED_EARNINGS], [IS_ACTIVE])
VALUES 
  ('11400', 'Bank Deposit / Fix Deposit', 2, 0, 1)
GO

INSERT INTO [dbo].[MST_ACCOUNT] ([ACC_CODE], [ACC_NAME], [ACC_TYPE], [RETAINED_EARNINGS], [IS_ACTIVE])
VALUES 
  ('11500', 'Credit Card', 2, 0, 1)
GO

INSERT INTO [dbo].[MST_ACCOUNT] ([ACC_CODE], [ACC_NAME], [ACC_TYPE], [RETAINED_EARNINGS], [IS_ACTIVE])
VALUES 
  ('12100', 'Trade Debtor', 2, 0, 1)
GO

INSERT INTO [dbo].[MST_ACCOUNT] ([ACC_CODE], [ACC_NAME], [ACC_TYPE], [RETAINED_EARNINGS], [IS_ACTIVE])
VALUES 
  ('13100', 'Stock - Finished Stock', 2, 0, 1)
GO

INSERT INTO [dbo].[MST_ACCOUNT] ([ACC_CODE], [ACC_NAME], [ACC_TYPE], [RETAINED_EARNINGS], [IS_ACTIVE])
VALUES 
  ('13200', 'Stock - Raw Materials', 2, 0, 1)
GO

INSERT INTO [dbo].[MST_ACCOUNT] ([ACC_CODE], [ACC_NAME], [ACC_TYPE], [RETAINED_EARNINGS], [IS_ACTIVE])
VALUES 
  ('13300', 'Stock - Work In Progress', 2, 0, 1)
GO

INSERT INTO [dbo].[MST_ACCOUNT] ([ACC_CODE], [ACC_NAME], [ACC_TYPE], [RETAINED_EARNINGS], [IS_ACTIVE])
VALUES 
  ('14100', 'Deposit - Rental', 2, 0, 1)
GO

INSERT INTO [dbo].[MST_ACCOUNT] ([ACC_CODE], [ACC_NAME], [ACC_TYPE], [RETAINED_EARNINGS], [IS_ACTIVE])
VALUES 
  ('14110', 'Deposit - Water', 2, 0, 1)
GO

INSERT INTO [dbo].[MST_ACCOUNT] ([ACC_CODE], [ACC_NAME], [ACC_TYPE], [RETAINED_EARNINGS], [IS_ACTIVE])
VALUES 
  ('14120', 'Deposit - Electricity', 2, 0, 1)
GO

INSERT INTO [dbo].[MST_ACCOUNT] ([ACC_CODE], [ACC_NAME], [ACC_TYPE], [RETAINED_EARNINGS], [IS_ACTIVE])
VALUES 
  ('14200', 'Prepaid Expenses - Prepayment', 2, 0, 1)
GO

INSERT INTO [dbo].[MST_ACCOUNT] ([ACC_CODE], [ACC_NAME], [ACC_TYPE], [RETAINED_EARNINGS], [IS_ACTIVE])
VALUES 
  ('15100', 'Loan Receivable', 2, 0, 1)
GO

INSERT INTO [dbo].[MST_ACCOUNT] ([ACC_CODE], [ACC_NAME], [ACC_TYPE], [RETAINED_EARNINGS], [IS_ACTIVE])
VALUES 
  ('16100', 'Director''s Account', 2, 0, 1)
GO

INSERT INTO [dbo].[MST_ACCOUNT] ([ACC_CODE], [ACC_NAME], [ACC_TYPE], [RETAINED_EARNINGS], [IS_ACTIVE])
VALUES 
  ('17100', 'Inventory', 2, 0, 1)
GO

INSERT INTO [dbo].[MST_ACCOUNT] ([ACC_CODE], [ACC_NAME], [ACC_TYPE], [RETAINED_EARNINGS], [IS_ACTIVE])
VALUES 
  ('21100', 'Office Equipment', 1, 0, 1)
GO

INSERT INTO [dbo].[MST_ACCOUNT] ([ACC_CODE], [ACC_NAME], [ACC_TYPE], [RETAINED_EARNINGS], [IS_ACTIVE])
VALUES 
  ('21110', 'Office Equipment Accum. Depreciation', 1, 0, 1)
GO

INSERT INTO [dbo].[MST_ACCOUNT] ([ACC_CODE], [ACC_NAME], [ACC_TYPE], [RETAINED_EARNINGS], [IS_ACTIVE])
VALUES 
  ('21200', 'Furniture & Fixtures', 1, 0, 1)
GO

INSERT INTO [dbo].[MST_ACCOUNT] ([ACC_CODE], [ACC_NAME], [ACC_TYPE], [RETAINED_EARNINGS], [IS_ACTIVE])
VALUES 
  ('21210', 'Furniture & Fixtures Accum. Depreciation', 1, 0, 1)
GO

INSERT INTO [dbo].[MST_ACCOUNT] ([ACC_CODE], [ACC_NAME], [ACC_TYPE], [RETAINED_EARNINGS], [IS_ACTIVE])
VALUES 
  ('21300', 'Computer Equipment', 1, 0, 1)
GO

INSERT INTO [dbo].[MST_ACCOUNT] ([ACC_CODE], [ACC_NAME], [ACC_TYPE], [RETAINED_EARNINGS], [IS_ACTIVE])
VALUES 
  ('21310', 'Computer Accum. Depreciation', 1, 0, 1)
GO

INSERT INTO [dbo].[MST_ACCOUNT] ([ACC_CODE], [ACC_NAME], [ACC_TYPE], [RETAINED_EARNINGS], [IS_ACTIVE])
VALUES 
  ('21400', 'Air-cond', 1, 0, 1)
GO

INSERT INTO [dbo].[MST_ACCOUNT] ([ACC_CODE], [ACC_NAME], [ACC_TYPE], [RETAINED_EARNINGS], [IS_ACTIVE])
VALUES 
  ('21410', 'Air-cond Accum. Depreciation', 1, 0, 1)
GO

INSERT INTO [dbo].[MST_ACCOUNT] ([ACC_CODE], [ACC_NAME], [ACC_TYPE], [RETAINED_EARNINGS], [IS_ACTIVE])
VALUES 
  ('21500', 'Machinery', 1, 0, 1)
GO

INSERT INTO [dbo].[MST_ACCOUNT] ([ACC_CODE], [ACC_NAME], [ACC_TYPE], [RETAINED_EARNINGS], [IS_ACTIVE])
VALUES 
  ('21510', 'Machinery Accum. Depreciation', 1, 0, 1)
GO

INSERT INTO [dbo].[MST_ACCOUNT] ([ACC_CODE], [ACC_NAME], [ACC_TYPE], [RETAINED_EARNINGS], [IS_ACTIVE])
VALUES 
  ('21600', 'Motor Vehicle', 1, 0, 1)
GO

INSERT INTO [dbo].[MST_ACCOUNT] ([ACC_CODE], [ACC_NAME], [ACC_TYPE], [RETAINED_EARNINGS], [IS_ACTIVE])
VALUES 
  ('21610', 'Motor Vehicle Accum. Depreciation', 1, 0, 1)
GO

INSERT INTO [dbo].[MST_ACCOUNT] ([ACC_CODE], [ACC_NAME], [ACC_TYPE], [RETAINED_EARNINGS], [IS_ACTIVE])
VALUES 
  ('21700', 'Building', 1, 0, 1)
GO

INSERT INTO [dbo].[MST_ACCOUNT] ([ACC_CODE], [ACC_NAME], [ACC_TYPE], [RETAINED_EARNINGS], [IS_ACTIVE])
VALUES 
  ('21710', 'Building Accum. Depreciation', 1, 0, 1)
GO

INSERT INTO [dbo].[MST_ACCOUNT] ([ACC_CODE], [ACC_NAME], [ACC_TYPE], [RETAINED_EARNINGS], [IS_ACTIVE])
VALUES 
  ('31100', 'Trade Creditor', 4, 0, 1)
GO

INSERT INTO [dbo].[MST_ACCOUNT] ([ACC_CODE], [ACC_NAME], [ACC_TYPE], [RETAINED_EARNINGS], [IS_ACTIVE])
VALUES 
  ('31200', 'HP / Leasing Creditor', 4, 0, 1)
GO

INSERT INTO [dbo].[MST_ACCOUNT] ([ACC_CODE], [ACC_NAME], [ACC_TYPE], [RETAINED_EARNINGS], [IS_ACTIVE])
VALUES 
  ('31210', 'HP / Leasing Suspense Interest', 4, 0, 1)
GO

INSERT INTO [dbo].[MST_ACCOUNT] ([ACC_CODE], [ACC_NAME], [ACC_TYPE], [RETAINED_EARNINGS], [IS_ACTIVE])
VALUES 
  ('32000', 'Sales Tax Payable (Creditor)', 4, 0, 1)
GO

INSERT INTO [dbo].[MST_ACCOUNT] ([ACC_CODE], [ACC_NAME], [ACC_TYPE], [RETAINED_EARNINGS], [IS_ACTIVE])
VALUES 
  ('33000', 'Accrued Expenses', 4, 0, 1)
GO

INSERT INTO [dbo].[MST_ACCOUNT] ([ACC_CODE], [ACC_NAME], [ACC_TYPE], [RETAINED_EARNINGS], [IS_ACTIVE])
VALUES 
  ('34000', 'Loan Payable', 4, 0, 1)
GO

INSERT INTO [dbo].[MST_ACCOUNT] ([ACC_CODE], [ACC_NAME], [ACC_TYPE], [RETAINED_EARNINGS], [IS_ACTIVE])
VALUES 
  ('34100', 'Wages Payable Control Account', 4, 0, 1)
GO

INSERT INTO [dbo].[MST_ACCOUNT] ([ACC_CODE], [ACC_NAME], [ACC_TYPE], [RETAINED_EARNINGS], [IS_ACTIVE])
VALUES 
  ('34200', 'EPF Payable', 4, 0, 1)
GO

INSERT INTO [dbo].[MST_ACCOUNT] ([ACC_CODE], [ACC_NAME], [ACC_TYPE], [RETAINED_EARNINGS], [IS_ACTIVE])
VALUES 
  ('34300', 'SOCSO Payable', 4, 0, 1)
GO

INSERT INTO [dbo].[MST_ACCOUNT] ([ACC_CODE], [ACC_NAME], [ACC_TYPE], [RETAINED_EARNINGS], [IS_ACTIVE])
VALUES 
  ('34400', 'Monthly Income Tax Payable', 4, 0, 1)
GO

INSERT INTO [dbo].[MST_ACCOUNT] ([ACC_CODE], [ACC_NAME], [ACC_TYPE], [RETAINED_EARNINGS], [IS_ACTIVE])
VALUES 
  ('35100', 'Company Tax Payable', 4, 0, 1)
GO

INSERT INTO [dbo].[MST_ACCOUNT] ([ACC_CODE], [ACC_NAME], [ACC_TYPE], [RETAINED_EARNINGS], [IS_ACTIVE])
VALUES 
  ('41100', 'Capital', 5, 0, 1)
GO

INSERT INTO [dbo].[MST_ACCOUNT] ([ACC_CODE], [ACC_NAME], [ACC_TYPE], [RETAINED_EARNINGS], [IS_ACTIVE])
VALUES 
  ('41200', 'Share Premium Account', 5, 0, 1)
GO

INSERT INTO [dbo].[MST_ACCOUNT] ([ACC_CODE], [ACC_NAME], [ACC_TYPE], [RETAINED_EARNINGS], [IS_ACTIVE])
VALUES 
  ('41300', 'Accumulated Profit & Loss', 5, 1, 1)
GO

INSERT INTO [dbo].[MST_ACCOUNT] ([ACC_CODE], [ACC_NAME], [ACC_TYPE], [RETAINED_EARNINGS], [IS_ACTIVE])
VALUES 
  ('42100', 'Partnership Capital', 5, 0, 1)
GO

INSERT INTO [dbo].[MST_ACCOUNT] ([ACC_CODE], [ACC_NAME], [ACC_TYPE], [RETAINED_EARNINGS], [IS_ACTIVE])
VALUES 
  ('51100', 'Cash Sales', 6, 0, 1)
GO

INSERT INTO [dbo].[MST_ACCOUNT] ([ACC_CODE], [ACC_NAME], [ACC_TYPE], [RETAINED_EARNINGS], [IS_ACTIVE])
VALUES 
  ('51200', 'Credit Sales', 6, 0, 1)
GO

INSERT INTO [dbo].[MST_ACCOUNT] ([ACC_CODE], [ACC_NAME], [ACC_TYPE], [RETAINED_EARNINGS], [IS_ACTIVE])
VALUES 
  ('52100', 'Sales Return', 6, 0, 1)
GO

INSERT INTO [dbo].[MST_ACCOUNT] ([ACC_CODE], [ACC_NAME], [ACC_TYPE], [RETAINED_EARNINGS], [IS_ACTIVE])
VALUES 
  ('52200', 'Sales Discount', 6, 0, 1)
GO

INSERT INTO [dbo].[MST_ACCOUNT] ([ACC_CODE], [ACC_NAME], [ACC_TYPE], [RETAINED_EARNINGS], [IS_ACTIVE])
VALUES 
  ('53000', 'Miscellaneous Income', 6, 0, 1)
GO

INSERT INTO [dbo].[MST_ACCOUNT] ([ACC_CODE], [ACC_NAME], [ACC_TYPE], [RETAINED_EARNINGS], [IS_ACTIVE])
VALUES 
  ('61100', 'Cash Purchase', 7, 0, 1)
GO

INSERT INTO [dbo].[MST_ACCOUNT] ([ACC_CODE], [ACC_NAME], [ACC_TYPE], [RETAINED_EARNINGS], [IS_ACTIVE])
VALUES 
  ('61200', 'Credit Purchase', 7, 0, 1)
GO

INSERT INTO [dbo].[MST_ACCOUNT] ([ACC_CODE], [ACC_NAME], [ACC_TYPE], [RETAINED_EARNINGS], [IS_ACTIVE])
VALUES 
  ('61300', 'Purchase Return', 7, 0, 1)
GO

INSERT INTO [dbo].[MST_ACCOUNT] ([ACC_CODE], [ACC_NAME], [ACC_TYPE], [RETAINED_EARNINGS], [IS_ACTIVE])
VALUES 
  ('61400', 'Purchase Discount', 7, 0, 1)
GO

INSERT INTO [dbo].[MST_ACCOUNT] ([ACC_CODE], [ACC_NAME], [ACC_TYPE], [RETAINED_EARNINGS], [IS_ACTIVE])
VALUES 
  ('62000', 'Freight Charges', 7, 0, 1)
GO

INSERT INTO [dbo].[MST_ACCOUNT] ([ACC_CODE], [ACC_NAME], [ACC_TYPE], [RETAINED_EARNINGS], [IS_ACTIVE])
VALUES 
  ('63000', 'Import Duty', 7, 0, 1)
GO

INSERT INTO [dbo].[MST_ACCOUNT] ([ACC_CODE], [ACC_NAME], [ACC_TYPE], [RETAINED_EARNINGS], [IS_ACTIVE])
VALUES 
  ('64000', 'Commission Payable', 7, 0, 1)
GO

INSERT INTO [dbo].[MST_ACCOUNT] ([ACC_CODE], [ACC_NAME], [ACC_TYPE], [RETAINED_EARNINGS], [IS_ACTIVE])
VALUES 
  ('70100', 'Assets Disposals', 7, 0, 1)
GO

INSERT INTO [dbo].[MST_ACCOUNT] ([ACC_CODE], [ACC_NAME], [ACC_TYPE], [RETAINED_EARNINGS], [IS_ACTIVE])
VALUES 
  ('70200', 'Currency Gain / Loss', 7, 0, 1)
GO

INSERT INTO [dbo].[MST_ACCOUNT] ([ACC_CODE], [ACC_NAME], [ACC_TYPE], [RETAINED_EARNINGS], [IS_ACTIVE])
VALUES 
  ('70300', 'Advertising', 7, 0, 1)
GO

INSERT INTO [dbo].[MST_ACCOUNT] ([ACC_CODE], [ACC_NAME], [ACC_TYPE], [RETAINED_EARNINGS], [IS_ACTIVE])
VALUES 
  ('70400', 'Bank Charges', 7, 0, 1)
GO

INSERT INTO [dbo].[MST_ACCOUNT] ([ACC_CODE], [ACC_NAME], [ACC_TYPE], [RETAINED_EARNINGS], [IS_ACTIVE])
VALUES 
  ('70500', 'Interest Charges', 7, 0, 1)
GO

INSERT INTO [dbo].[MST_ACCOUNT] ([ACC_CODE], [ACC_NAME], [ACC_TYPE], [RETAINED_EARNINGS], [IS_ACTIVE])
VALUES 
  ('70600', 'Depreciation Expenses', 7, 0, 1)
GO

INSERT INTO [dbo].[MST_ACCOUNT] ([ACC_CODE], [ACC_NAME], [ACC_TYPE], [RETAINED_EARNINGS], [IS_ACTIVE])
VALUES 
  ('70700', 'HP / Leasing Interests', 7, 0, 1)
GO

INSERT INTO [dbo].[MST_ACCOUNT] ([ACC_CODE], [ACC_NAME], [ACC_TYPE], [RETAINED_EARNINGS], [IS_ACTIVE])
VALUES 
  ('70800', 'Insurance', 7, 0, 1)
GO

INSERT INTO [dbo].[MST_ACCOUNT] ([ACC_CODE], [ACC_NAME], [ACC_TYPE], [RETAINED_EARNINGS], [IS_ACTIVE])
VALUES 
  ('70900', 'Legal, Accounting & Secretarial Fee', 7, 0, 1)
GO

INSERT INTO [dbo].[MST_ACCOUNT] ([ACC_CODE], [ACC_NAME], [ACC_TYPE], [RETAINED_EARNINGS], [IS_ACTIVE])
VALUES 
  ('71000', 'Audit Fee', 7, 0, 1)
GO

INSERT INTO [dbo].[MST_ACCOUNT] ([ACC_CODE], [ACC_NAME], [ACC_TYPE], [RETAINED_EARNINGS], [IS_ACTIVE])
VALUES 
  ('71100', 'Salary', 7, 0, 1)
GO

INSERT INTO [dbo].[MST_ACCOUNT] ([ACC_CODE], [ACC_NAME], [ACC_TYPE], [RETAINED_EARNINGS], [IS_ACTIVE])
VALUES 
  ('71200', 'Wages', 7, 0, 1)
GO

INSERT INTO [dbo].[MST_ACCOUNT] ([ACC_CODE], [ACC_NAME], [ACC_TYPE], [RETAINED_EARNINGS], [IS_ACTIVE])
VALUES 
  ('71300', 'Director Fee', 7, 0, 1)
GO

INSERT INTO [dbo].[MST_ACCOUNT] ([ACC_CODE], [ACC_NAME], [ACC_TYPE], [RETAINED_EARNINGS], [IS_ACTIVE])
VALUES 
  ('71400', 'Bonus', 7, 0, 1)
GO

INSERT INTO [dbo].[MST_ACCOUNT] ([ACC_CODE], [ACC_NAME], [ACC_TYPE], [RETAINED_EARNINGS], [IS_ACTIVE])
VALUES 
  ('71500', 'EPF', 7, 0, 1)
GO

INSERT INTO [dbo].[MST_ACCOUNT] ([ACC_CODE], [ACC_NAME], [ACC_TYPE], [RETAINED_EARNINGS], [IS_ACTIVE])
VALUES 
  ('71600', 'SOCSO', 7, 0, 1)
GO

INSERT INTO [dbo].[MST_ACCOUNT] ([ACC_CODE], [ACC_NAME], [ACC_TYPE], [RETAINED_EARNINGS], [IS_ACTIVE])
VALUES 
  ('72000', 'Staff Welfare', 7, 0, 1)
GO

INSERT INTO [dbo].[MST_ACCOUNT] ([ACC_CODE], [ACC_NAME], [ACC_TYPE], [RETAINED_EARNINGS], [IS_ACTIVE])
VALUES 
  ('72100', 'Rent Charges', 7, 0, 1)
GO

INSERT INTO [dbo].[MST_ACCOUNT] ([ACC_CODE], [ACC_NAME], [ACC_TYPE], [RETAINED_EARNINGS], [IS_ACTIVE])
VALUES 
  ('72200', 'Office Supplies', 7, 0, 1)
GO

INSERT INTO [dbo].[MST_ACCOUNT] ([ACC_CODE], [ACC_NAME], [ACC_TYPE], [RETAINED_EARNINGS], [IS_ACTIVE])
VALUES 
  ('72300', 'Postage & Printing', 7, 0, 1)
GO

INSERT INTO [dbo].[MST_ACCOUNT] ([ACC_CODE], [ACC_NAME], [ACC_TYPE], [RETAINED_EARNINGS], [IS_ACTIVE])
VALUES 
  ('72400', 'Newspaper & Subscriptions', 7, 0, 1)
GO

INSERT INTO [dbo].[MST_ACCOUNT] ([ACC_CODE], [ACC_NAME], [ACC_TYPE], [RETAINED_EARNINGS], [IS_ACTIVE])
VALUES 
  ('72500', 'Office Telephone', 7, 0, 1)
GO

INSERT INTO [dbo].[MST_ACCOUNT] ([ACC_CODE], [ACC_NAME], [ACC_TYPE], [RETAINED_EARNINGS], [IS_ACTIVE])
VALUES 
  ('72600', 'Mobile Phone', 7, 0, 1)
GO

INSERT INTO [dbo].[MST_ACCOUNT] ([ACC_CODE], [ACC_NAME], [ACC_TYPE], [RETAINED_EARNINGS], [IS_ACTIVE])
VALUES 
  ('72700', 'Electricity', 7, 0, 1)
GO

INSERT INTO [dbo].[MST_ACCOUNT] ([ACC_CODE], [ACC_NAME], [ACC_TYPE], [RETAINED_EARNINGS], [IS_ACTIVE])
VALUES 
  ('72800', 'Water', 7, 0, 1)
GO

INSERT INTO [dbo].[MST_ACCOUNT] ([ACC_CODE], [ACC_NAME], [ACC_TYPE], [RETAINED_EARNINGS], [IS_ACTIVE])
VALUES 
  ('72900', 'Petrol', 7, 0, 1)
GO

INSERT INTO [dbo].[MST_ACCOUNT] ([ACC_CODE], [ACC_NAME], [ACC_TYPE], [RETAINED_EARNINGS], [IS_ACTIVE])
VALUES 
  ('73000', 'Parking & Toll Fee', 7, 0, 1)
GO

INSERT INTO [dbo].[MST_ACCOUNT] ([ACC_CODE], [ACC_NAME], [ACC_TYPE], [RETAINED_EARNINGS], [IS_ACTIVE])
VALUES 
  ('73100', 'Motor Vehicle Maintenance', 7, 0, 1)
GO

INSERT INTO [dbo].[MST_ACCOUNT] ([ACC_CODE], [ACC_NAME], [ACC_TYPE], [RETAINED_EARNINGS], [IS_ACTIVE])
VALUES 
  ('73200', 'Travel & Entertainment', 7, 0, 1)
GO

INSERT INTO [dbo].[MST_ACCOUNT] ([ACC_CODE], [ACC_NAME], [ACC_TYPE], [RETAINED_EARNINGS], [IS_ACTIVE])
VALUES 
  ('73300', 'Outstation Expenses', 7, 0, 1)
GO

INSERT INTO [dbo].[MST_ACCOUNT] ([ACC_CODE], [ACC_NAME], [ACC_TYPE], [RETAINED_EARNINGS], [IS_ACTIVE])
VALUES 
  ('73400', 'Cost of Good Sold', 7, 0, 1)
GO

--
-- 89 record(s) inserted to [dbo].[MST_ACCOUNT]
--

--
-- Data for table MST_TEMPLATE  (LIMIT 0,1000)
--

INSERT INTO [dbo].[MST_TEMPLATE] ([TEMPLATE_CODE], [TEMPLATE_NAME])
VALUES 
  ('BLBUDGET', 'Balance Sheet Compare Budget')
GO

INSERT INTO [dbo].[MST_TEMPLATE] ([TEMPLATE_CODE], [TEMPLATE_NAME])
VALUES 
  ('BLSIMPLE', 'Balance Sheet Simple')
GO

INSERT INTO [dbo].[MST_TEMPLATE] ([TEMPLATE_CODE], [TEMPLATE_NAME])
VALUES 
  ('BLYEAR', 'Balance Sheet Compare Year')
GO

INSERT INTO [dbo].[MST_TEMPLATE] ([TEMPLATE_CODE], [TEMPLATE_NAME])
VALUES 
  ('PLBUDGET', 'P&L Compare Budget')
GO

INSERT INTO [dbo].[MST_TEMPLATE] ([TEMPLATE_CODE], [TEMPLATE_NAME])
VALUES 
  ('PLMONTH', 'P&L Compare Month')
GO

INSERT INTO [dbo].[MST_TEMPLATE] ([TEMPLATE_CODE], [TEMPLATE_NAME])
VALUES 
  ('PLSIMPLE', 'P&L Simple')
GO

INSERT INTO [dbo].[MST_TEMPLATE] ([TEMPLATE_CODE], [TEMPLATE_NAME])
VALUES 
  ('PLYEAR', 'P&L Compare Year')
GO

--
-- 7 record(s) inserted to [dbo].[MST_TEMPLATE]
--

--
-- Data for table MST_ACCREPORT  (LIMIT 0,1000)
--

INSERT INTO [dbo].[MST_ACCREPORT] ([ACCRPTNO], [ACCRPT_NAME], [TEMPLATE_CODE])
VALUES 
  (16, 'Balance Sheet Simple', 'BLSIMPLE')
GO

INSERT INTO [dbo].[MST_ACCREPORT] ([ACCRPTNO], [ACCRPT_NAME], [TEMPLATE_CODE])
VALUES 
  (20, 'Profit & Loss Simple', 'PLSIMPLE')
GO

INSERT INTO [dbo].[MST_ACCREPORT] ([ACCRPTNO], [ACCRPT_NAME], [TEMPLATE_CODE])
VALUES 
  (23, 'Balance Sheet Compare Budget', 'BLBUDGET')
GO

INSERT INTO [dbo].[MST_ACCREPORT] ([ACCRPTNO], [ACCRPT_NAME], [TEMPLATE_CODE])
VALUES 
  (24, 'Balance Sheet Compare Year', 'BLYEAR')
GO

INSERT INTO [dbo].[MST_ACCREPORT] ([ACCRPTNO], [ACCRPT_NAME], [TEMPLATE_CODE])
VALUES 
  (25, 'Profit & Loss Compare Budget', 'PLBUDGET')
GO

INSERT INTO [dbo].[MST_ACCREPORT] ([ACCRPTNO], [ACCRPT_NAME], [TEMPLATE_CODE])
VALUES 
  (26, 'Profit & Loss Compare Month', 'PLMONTH')
GO

INSERT INTO [dbo].[MST_ACCREPORT] ([ACCRPTNO], [ACCRPT_NAME], [TEMPLATE_CODE])
VALUES 
  (27, 'Profit & Loss Compare Year', 'PLYEAR')
GO

--
-- 7 record(s) inserted to [dbo].[MST_ACCREPORT]
--

--
-- Data for table SYS_RPTTYPE  (LIMIT 0,1000)
--

INSERT INTO [dbo].[SYS_RPTTYPE] ([RPTTYPE_CODE], [RPTTYPE_NAME], [REVERSE_VALUE])
VALUES 
  ('DETAIL', 'Detail', 0)
GO

INSERT INTO [dbo].[SYS_RPTTYPE] ([RPTTYPE_CODE], [RPTTYPE_NAME], [REVERSE_VALUE])
VALUES 
  ('DETAILR', 'Detail With Reverse Value', 1)
GO

INSERT INTO [dbo].[SYS_RPTTYPE] ([RPTTYPE_CODE], [RPTTYPE_NAME], [REVERSE_VALUE])
VALUES 
  ('HEADING', 'Heading', 0)
GO

INSERT INTO [dbo].[SYS_RPTTYPE] ([RPTTYPE_CODE], [RPTTYPE_NAME], [REVERSE_VALUE])
VALUES 
  ('TOTAL', 'Total', 0)
GO

INSERT INTO [dbo].[SYS_RPTTYPE] ([RPTTYPE_CODE], [RPTTYPE_NAME], [REVERSE_VALUE])
VALUES 
  ('TOTALR', 'Total With Reverse Value', 1)
GO

--
-- 5 record(s) inserted to [dbo].[SYS_RPTTYPE]
--


--
-- Data for table MST_ACCREPORTD  (LIMIT 0,1000)
--

INSERT INTO [dbo].[MST_ACCREPORTD] ([ACCRPTDNO], [ACCRPTNO], [PRINTDESC], [RPTTYPE_CODE], [SORTORDER])
VALUES 
  (1, 16, 'Fixed Assets', 'HEADING', 1)
GO

INSERT INTO [dbo].[MST_ACCREPORTD] ([ACCRPTDNO], [ACCRPTNO], [PRINTDESC], [RPTTYPE_CODE], [SORTORDER])
VALUES 
  (3, 16, 'Office Equipment', 'DETAIL', 2)
GO

INSERT INTO [dbo].[MST_ACCREPORTD] ([ACCRPTDNO], [ACCRPTNO], [PRINTDESC], [RPTTYPE_CODE], [SORTORDER])
VALUES 
  (5, 16, 'Office Equipment Accum Dep', 'DETAIL', 3)
GO

INSERT INTO [dbo].[MST_ACCREPORTD] ([ACCRPTDNO], [ACCRPTNO], [PRINTDESC], [RPTTYPE_CODE], [SORTORDER])
VALUES 
  (6, 16, 'Furniture & Fixtures', 'DETAIL', 4)
GO

INSERT INTO [dbo].[MST_ACCREPORTD] ([ACCRPTDNO], [ACCRPTNO], [PRINTDESC], [RPTTYPE_CODE], [SORTORDER])
VALUES 
  (8, 16, 'Furniture & Fixture Accum Dep', 'DETAIL', 5)
GO

INSERT INTO [dbo].[MST_ACCREPORTD] ([ACCRPTDNO], [ACCRPTNO], [PRINTDESC], [RPTTYPE_CODE], [SORTORDER])
VALUES 
  (9, 16, 'Computer Equipment', 'DETAIL', 6)
GO

INSERT INTO [dbo].[MST_ACCREPORTD] ([ACCRPTDNO], [ACCRPTNO], [PRINTDESC], [RPTTYPE_CODE], [SORTORDER])
VALUES 
  (10, 16, 'Computer Equipment Accum Dep', 'DETAIL', 7)
GO

INSERT INTO [dbo].[MST_ACCREPORTD] ([ACCRPTDNO], [ACCRPTNO], [PRINTDESC], [RPTTYPE_CODE], [SORTORDER])
VALUES 
  (12, 16, 'Air-cond', 'DETAIL', 8)
GO

INSERT INTO [dbo].[MST_ACCREPORTD] ([ACCRPTDNO], [ACCRPTNO], [PRINTDESC], [RPTTYPE_CODE], [SORTORDER])
VALUES 
  (13, 16, 'Air-cond Accum Dep', 'DETAIL', 9)
GO

INSERT INTO [dbo].[MST_ACCREPORTD] ([ACCRPTDNO], [ACCRPTNO], [PRINTDESC], [RPTTYPE_CODE], [SORTORDER])
VALUES 
  (14, 16, 'Machinery', 'DETAIL', 10)
GO

INSERT INTO [dbo].[MST_ACCREPORTD] ([ACCRPTDNO], [ACCRPTNO], [PRINTDESC], [RPTTYPE_CODE], [SORTORDER])
VALUES 
  (15, 16, 'Machinery Accum Dep', 'DETAIL', 11)
GO

INSERT INTO [dbo].[MST_ACCREPORTD] ([ACCRPTDNO], [ACCRPTNO], [PRINTDESC], [RPTTYPE_CODE], [SORTORDER])
VALUES 
  (16, 16, 'Motor Vehicle', 'DETAIL', 12)
GO

INSERT INTO [dbo].[MST_ACCREPORTD] ([ACCRPTDNO], [ACCRPTNO], [PRINTDESC], [RPTTYPE_CODE], [SORTORDER])
VALUES 
  (17, 16, 'Motor Vehicle Accum Dep', 'DETAIL', 13)
GO

INSERT INTO [dbo].[MST_ACCREPORTD] ([ACCRPTDNO], [ACCRPTNO], [PRINTDESC], [RPTTYPE_CODE], [SORTORDER])
VALUES 
  (18, 16, 'Building', 'DETAIL', 14)
GO

INSERT INTO [dbo].[MST_ACCREPORTD] ([ACCRPTDNO], [ACCRPTNO], [PRINTDESC], [RPTTYPE_CODE], [SORTORDER])
VALUES 
  (19, 16, 'Building Accum Dep', 'DETAIL', 15)
GO

INSERT INTO [dbo].[MST_ACCREPORTD] ([ACCRPTDNO], [ACCRPTNO], [PRINTDESC], [RPTTYPE_CODE], [SORTORDER])
VALUES 
  (20, 16, 'Total Fixed Assets', 'TOTAL', 16)
GO

INSERT INTO [dbo].[MST_ACCREPORTD] ([ACCRPTDNO], [ACCRPTNO], [PRINTDESC], [RPTTYPE_CODE], [SORTORDER])
VALUES 
  (21, 16, '', 'HEADING', 17)
GO

INSERT INTO [dbo].[MST_ACCREPORTD] ([ACCRPTDNO], [ACCRPTNO], [PRINTDESC], [RPTTYPE_CODE], [SORTORDER])
VALUES 
  (22, 16, 'Current Assets', 'HEADING', 18)
GO

INSERT INTO [dbo].[MST_ACCREPORTD] ([ACCRPTDNO], [ACCRPTNO], [PRINTDESC], [RPTTYPE_CODE], [SORTORDER])
VALUES 
  (23, 16, 'Cash On Hand', 'DETAIL', 19)
GO

INSERT INTO [dbo].[MST_ACCREPORTD] ([ACCRPTDNO], [ACCRPTNO], [PRINTDESC], [RPTTYPE_CODE], [SORTORDER])
VALUES 
  (26, 16, 'Petty Cash', 'DETAIL', 20)
GO

INSERT INTO [dbo].[MST_ACCREPORTD] ([ACCRPTDNO], [ACCRPTNO], [PRINTDESC], [RPTTYPE_CODE], [SORTORDER])
VALUES 
  (27, 16, 'Bank', 'DETAIL', 21)
GO

INSERT INTO [dbo].[MST_ACCREPORTD] ([ACCRPTDNO], [ACCRPTNO], [PRINTDESC], [RPTTYPE_CODE], [SORTORDER])
VALUES 
  (29, 16, 'Trade Debtor', 'DETAIL', 22)
GO

INSERT INTO [dbo].[MST_ACCREPORTD] ([ACCRPTDNO], [ACCRPTNO], [PRINTDESC], [RPTTYPE_CODE], [SORTORDER])
VALUES 
  (30, 16, 'Stock - Finished Stock', 'DETAIL', 23)
GO

INSERT INTO [dbo].[MST_ACCREPORTD] ([ACCRPTDNO], [ACCRPTNO], [PRINTDESC], [RPTTYPE_CODE], [SORTORDER])
VALUES 
  (31, 16, 'Total Current Assets', 'TOTAL', 25)
GO

INSERT INTO [dbo].[MST_ACCREPORTD] ([ACCRPTDNO], [ACCRPTNO], [PRINTDESC], [RPTTYPE_CODE], [SORTORDER])
VALUES 
  (32, 16, 'Deposit Paid', 'DETAIL', 24)
GO

INSERT INTO [dbo].[MST_ACCREPORTD] ([ACCRPTDNO], [ACCRPTNO], [PRINTDESC], [RPTTYPE_CODE], [SORTORDER])
VALUES 
  (33, 16, 'Liability', 'HEADING', 27)
GO

INSERT INTO [dbo].[MST_ACCREPORTD] ([ACCRPTDNO], [ACCRPTNO], [PRINTDESC], [RPTTYPE_CODE], [SORTORDER])
VALUES 
  (34, 16, 'Trade Creditor', 'DETAIL', 28)
GO

INSERT INTO [dbo].[MST_ACCREPORTD] ([ACCRPTDNO], [ACCRPTNO], [PRINTDESC], [RPTTYPE_CODE], [SORTORDER])
VALUES 
  (35, 16, 'HP / Leasing Creditor', 'DETAIL', 29)
GO

INSERT INTO [dbo].[MST_ACCREPORTD] ([ACCRPTDNO], [ACCRPTNO], [PRINTDESC], [RPTTYPE_CODE], [SORTORDER])
VALUES 
  (36, 16, 'Sales Tax Payable (Creditor)', 'DETAIL', 30)
GO

INSERT INTO [dbo].[MST_ACCREPORTD] ([ACCRPTDNO], [ACCRPTNO], [PRINTDESC], [RPTTYPE_CODE], [SORTORDER])
VALUES 
  (38, 16, 'Total Liability', 'TOTAL', 32)
GO

INSERT INTO [dbo].[MST_ACCREPORTD] ([ACCRPTDNO], [ACCRPTNO], [PRINTDESC], [RPTTYPE_CODE], [SORTORDER])
VALUES 
  (39, 16, 'Net Assets', 'TOTAL', 34)
GO

INSERT INTO [dbo].[MST_ACCREPORTD] ([ACCRPTDNO], [ACCRPTNO], [PRINTDESC], [RPTTYPE_CODE], [SORTORDER])
VALUES 
  (40, 16, 'Capital', 'HEADING', 36)
GO

INSERT INTO [dbo].[MST_ACCREPORTD] ([ACCRPTDNO], [ACCRPTNO], [PRINTDESC], [RPTTYPE_CODE], [SORTORDER])
VALUES 
  (41, 16, 'Capital', 'DETAILR', 37)
GO

INSERT INTO [dbo].[MST_ACCREPORTD] ([ACCRPTDNO], [ACCRPTNO], [PRINTDESC], [RPTTYPE_CODE], [SORTORDER])
VALUES 
  (42, 16, 'Share Premium Account', 'DETAILR', 38)
GO

INSERT INTO [dbo].[MST_ACCREPORTD] ([ACCRPTDNO], [ACCRPTNO], [PRINTDESC], [RPTTYPE_CODE], [SORTORDER])
VALUES 
  (44, 16, 'Accumulated Profit & Loss', 'DETAILR', 39)
GO

INSERT INTO [dbo].[MST_ACCREPORTD] ([ACCRPTDNO], [ACCRPTNO], [PRINTDESC], [RPTTYPE_CODE], [SORTORDER])
VALUES 
  (47, 16, 'Current Profit & Loss', 'DETAILR', 40)
GO

INSERT INTO [dbo].[MST_ACCREPORTD] ([ACCRPTDNO], [ACCRPTNO], [PRINTDESC], [RPTTYPE_CODE], [SORTORDER])
VALUES 
  (48, 16, 'Total Capital', 'TOTALR', 41)
GO

INSERT INTO [dbo].[MST_ACCREPORTD] ([ACCRPTDNO], [ACCRPTNO], [PRINTDESC], [RPTTYPE_CODE], [SORTORDER])
VALUES 
  (150, 20, 'Income', 'HEADING', 1)
GO

INSERT INTO [dbo].[MST_ACCREPORTD] ([ACCRPTDNO], [ACCRPTNO], [PRINTDESC], [RPTTYPE_CODE], [SORTORDER])
VALUES 
  (151, 20, 'Cash Sales', 'DETAILR', 2)
GO

INSERT INTO [dbo].[MST_ACCREPORTD] ([ACCRPTDNO], [ACCRPTNO], [PRINTDESC], [RPTTYPE_CODE], [SORTORDER])
VALUES 
  (152, 20, 'Credit Sales', 'DETAILR', 3)
GO

INSERT INTO [dbo].[MST_ACCREPORTD] ([ACCRPTDNO], [ACCRPTNO], [PRINTDESC], [RPTTYPE_CODE], [SORTORDER])
VALUES 
  (153, 20, 'Sales Return', 'DETAILR', 4)
GO

INSERT INTO [dbo].[MST_ACCREPORTD] ([ACCRPTDNO], [ACCRPTNO], [PRINTDESC], [RPTTYPE_CODE], [SORTORDER])
VALUES 
  (154, 20, 'Sales Discount', 'DETAILR', 5)
GO

INSERT INTO [dbo].[MST_ACCREPORTD] ([ACCRPTDNO], [ACCRPTNO], [PRINTDESC], [RPTTYPE_CODE], [SORTORDER])
VALUES 
  (155, 20, 'Total Income', 'TOTAL', 6)
GO

INSERT INTO [dbo].[MST_ACCREPORTD] ([ACCRPTDNO], [ACCRPTNO], [PRINTDESC], [RPTTYPE_CODE], [SORTORDER])
VALUES 
  (156, 20, '', 'HEADING', 7)
GO

INSERT INTO [dbo].[MST_ACCREPORTD] ([ACCRPTDNO], [ACCRPTNO], [PRINTDESC], [RPTTYPE_CODE], [SORTORDER])
VALUES 
  (157, 20, 'Cost Of Goods Sold', 'HEADING', 8)
GO

INSERT INTO [dbo].[MST_ACCREPORTD] ([ACCRPTDNO], [ACCRPTNO], [PRINTDESC], [RPTTYPE_CODE], [SORTORDER])
VALUES 
  (159, 20, 'Cash Purchase', 'DETAILR', 10)
GO

INSERT INTO [dbo].[MST_ACCREPORTD] ([ACCRPTDNO], [ACCRPTNO], [PRINTDESC], [RPTTYPE_CODE], [SORTORDER])
VALUES 
  (160, 20, 'Credit Purchase', 'DETAILR', 11)
GO

INSERT INTO [dbo].[MST_ACCREPORTD] ([ACCRPTDNO], [ACCRPTNO], [PRINTDESC], [RPTTYPE_CODE], [SORTORDER])
VALUES 
  (161, 20, 'Purchase Return', 'DETAILR', 12)
GO

INSERT INTO [dbo].[MST_ACCREPORTD] ([ACCRPTDNO], [ACCRPTNO], [PRINTDESC], [RPTTYPE_CODE], [SORTORDER])
VALUES 
  (162, 20, 'Purchase Discount', 'DETAILR', 13)
GO

INSERT INTO [dbo].[MST_ACCREPORTD] ([ACCRPTDNO], [ACCRPTNO], [PRINTDESC], [RPTTYPE_CODE], [SORTORDER])
VALUES 
  (163, 20, 'Freight Charges', 'DETAILR', 14)
GO

INSERT INTO [dbo].[MST_ACCREPORTD] ([ACCRPTDNO], [ACCRPTNO], [PRINTDESC], [RPTTYPE_CODE], [SORTORDER])
VALUES 
  (164, 20, 'Import Duty', 'DETAILR', 15)
GO

INSERT INTO [dbo].[MST_ACCREPORTD] ([ACCRPTDNO], [ACCRPTNO], [PRINTDESC], [RPTTYPE_CODE], [SORTORDER])
VALUES 
  (165, 20, 'Commission Payable', 'DETAILR', 16)
GO

INSERT INTO [dbo].[MST_ACCREPORTD] ([ACCRPTDNO], [ACCRPTNO], [PRINTDESC], [RPTTYPE_CODE], [SORTORDER])
VALUES 
  (166, 20, 'Stock - Finished Stock', 'DETAILR', 17)
GO

INSERT INTO [dbo].[MST_ACCREPORTD] ([ACCRPTDNO], [ACCRPTNO], [PRINTDESC], [RPTTYPE_CODE], [SORTORDER])
VALUES 
  (167, 20, 'Total Cost of Goods Sold', 'TOTAL', 18)
GO

INSERT INTO [dbo].[MST_ACCREPORTD] ([ACCRPTDNO], [ACCRPTNO], [PRINTDESC], [RPTTYPE_CODE], [SORTORDER])
VALUES 
  (168, 20, 'Gross Profit', 'TOTAL', 20)
GO

INSERT INTO [dbo].[MST_ACCREPORTD] ([ACCRPTDNO], [ACCRPTNO], [PRINTDESC], [RPTTYPE_CODE], [SORTORDER])
VALUES 
  (169, 20, '', 'HEADING', 21)
GO

INSERT INTO [dbo].[MST_ACCREPORTD] ([ACCRPTDNO], [ACCRPTNO], [PRINTDESC], [RPTTYPE_CODE], [SORTORDER])
VALUES 
  (170, 20, 'Expenses', 'HEADING', 22)
GO

INSERT INTO [dbo].[MST_ACCREPORTD] ([ACCRPTDNO], [ACCRPTNO], [PRINTDESC], [RPTTYPE_CODE], [SORTORDER])
VALUES 
  (171, 20, 'Advertising', 'DETAILR', 23)
GO

INSERT INTO [dbo].[MST_ACCREPORTD] ([ACCRPTDNO], [ACCRPTNO], [PRINTDESC], [RPTTYPE_CODE], [SORTORDER])
VALUES 
  (172, 20, 'Bank Charges', 'DETAILR', 24)
GO

INSERT INTO [dbo].[MST_ACCREPORTD] ([ACCRPTDNO], [ACCRPTNO], [PRINTDESC], [RPTTYPE_CODE], [SORTORDER])
VALUES 
  (173, 20, 'Interest Charges', 'DETAILR', 25)
GO

INSERT INTO [dbo].[MST_ACCREPORTD] ([ACCRPTDNO], [ACCRPTNO], [PRINTDESC], [RPTTYPE_CODE], [SORTORDER])
VALUES 
  (174, 20, 'Depreciation Expenses', 'DETAILR', 26)
GO

INSERT INTO [dbo].[MST_ACCREPORTD] ([ACCRPTDNO], [ACCRPTNO], [PRINTDESC], [RPTTYPE_CODE], [SORTORDER])
VALUES 
  (175, 20, 'Insurance', 'DETAILR', 27)
GO

INSERT INTO [dbo].[MST_ACCREPORTD] ([ACCRPTDNO], [ACCRPTNO], [PRINTDESC], [RPTTYPE_CODE], [SORTORDER])
VALUES 
  (176, 20, 'Legal, Accounting & Secretarial Fee', 'DETAILR', 28)
GO

INSERT INTO [dbo].[MST_ACCREPORTD] ([ACCRPTDNO], [ACCRPTNO], [PRINTDESC], [RPTTYPE_CODE], [SORTORDER])
VALUES 
  (177, 20, 'Audit Fee', 'DETAILR', 29)
GO

INSERT INTO [dbo].[MST_ACCREPORTD] ([ACCRPTDNO], [ACCRPTNO], [PRINTDESC], [RPTTYPE_CODE], [SORTORDER])
VALUES 
  (178, 20, 'Salary', 'DETAILR', 30)
GO

INSERT INTO [dbo].[MST_ACCREPORTD] ([ACCRPTDNO], [ACCRPTNO], [PRINTDESC], [RPTTYPE_CODE], [SORTORDER])
VALUES 
  (179, 20, 'Wages', 'DETAILR', 31)
GO

INSERT INTO [dbo].[MST_ACCREPORTD] ([ACCRPTDNO], [ACCRPTNO], [PRINTDESC], [RPTTYPE_CODE], [SORTORDER])
VALUES 
  (180, 20, 'Director Fee', 'DETAILR', 32)
GO

INSERT INTO [dbo].[MST_ACCREPORTD] ([ACCRPTDNO], [ACCRPTNO], [PRINTDESC], [RPTTYPE_CODE], [SORTORDER])
VALUES 
  (181, 20, 'Bonus', 'DETAILR', 33)
GO

INSERT INTO [dbo].[MST_ACCREPORTD] ([ACCRPTDNO], [ACCRPTNO], [PRINTDESC], [RPTTYPE_CODE], [SORTORDER])
VALUES 
  (182, 20, 'EPF', 'DETAILR', 34)
GO

INSERT INTO [dbo].[MST_ACCREPORTD] ([ACCRPTDNO], [ACCRPTNO], [PRINTDESC], [RPTTYPE_CODE], [SORTORDER])
VALUES 
  (183, 20, 'SOCSO', 'DETAILR', 35)
GO

INSERT INTO [dbo].[MST_ACCREPORTD] ([ACCRPTDNO], [ACCRPTNO], [PRINTDESC], [RPTTYPE_CODE], [SORTORDER])
VALUES 
  (185, 20, 'Staff Welfare', 'DETAILR', 36)
GO

INSERT INTO [dbo].[MST_ACCREPORTD] ([ACCRPTDNO], [ACCRPTNO], [PRINTDESC], [RPTTYPE_CODE], [SORTORDER])
VALUES 
  (186, 20, 'Rent Charges', 'DETAILR', 37)
GO

INSERT INTO [dbo].[MST_ACCREPORTD] ([ACCRPTDNO], [ACCRPTNO], [PRINTDESC], [RPTTYPE_CODE], [SORTORDER])
VALUES 
  (187, 20, 'Office Supplies', 'DETAILR', 38)
GO

INSERT INTO [dbo].[MST_ACCREPORTD] ([ACCRPTDNO], [ACCRPTNO], [PRINTDESC], [RPTTYPE_CODE], [SORTORDER])
VALUES 
  (188, 20, 'Postage & Printing', 'DETAILR', 39)
GO

INSERT INTO [dbo].[MST_ACCREPORTD] ([ACCRPTDNO], [ACCRPTNO], [PRINTDESC], [RPTTYPE_CODE], [SORTORDER])
VALUES 
  (189, 20, 'Newspaper & Subcription', 'DETAILR', 40)
GO

INSERT INTO [dbo].[MST_ACCREPORTD] ([ACCRPTDNO], [ACCRPTNO], [PRINTDESC], [RPTTYPE_CODE], [SORTORDER])
VALUES 
  (190, 20, 'Office Telephone', 'DETAILR', 41)
GO

INSERT INTO [dbo].[MST_ACCREPORTD] ([ACCRPTDNO], [ACCRPTNO], [PRINTDESC], [RPTTYPE_CODE], [SORTORDER])
VALUES 
  (191, 20, 'Mobile Phone', 'DETAILR', 42)
GO

INSERT INTO [dbo].[MST_ACCREPORTD] ([ACCRPTDNO], [ACCRPTNO], [PRINTDESC], [RPTTYPE_CODE], [SORTORDER])
VALUES 
  (192, 20, 'Electricity', 'DETAILR', 43)
GO

INSERT INTO [dbo].[MST_ACCREPORTD] ([ACCRPTDNO], [ACCRPTNO], [PRINTDESC], [RPTTYPE_CODE], [SORTORDER])
VALUES 
  (193, 20, 'Water', 'DETAILR', 44)
GO

INSERT INTO [dbo].[MST_ACCREPORTD] ([ACCRPTDNO], [ACCRPTNO], [PRINTDESC], [RPTTYPE_CODE], [SORTORDER])
VALUES 
  (194, 20, 'Petrol', 'DETAILR', 45)
GO

INSERT INTO [dbo].[MST_ACCREPORTD] ([ACCRPTDNO], [ACCRPTNO], [PRINTDESC], [RPTTYPE_CODE], [SORTORDER])
VALUES 
  (195, 20, 'Parking & Toll Fee', 'DETAILR', 46)
GO

INSERT INTO [dbo].[MST_ACCREPORTD] ([ACCRPTDNO], [ACCRPTNO], [PRINTDESC], [RPTTYPE_CODE], [SORTORDER])
VALUES 
  (196, 20, 'Motor Vehicle Maintenance', 'DETAILR', 47)
GO

INSERT INTO [dbo].[MST_ACCREPORTD] ([ACCRPTDNO], [ACCRPTNO], [PRINTDESC], [RPTTYPE_CODE], [SORTORDER])
VALUES 
  (197, 20, 'Travel & Entertainment', 'DETAILR', 48)
GO

INSERT INTO [dbo].[MST_ACCREPORTD] ([ACCRPTDNO], [ACCRPTNO], [PRINTDESC], [RPTTYPE_CODE], [SORTORDER])
VALUES 
  (198, 20, 'Outstation Expenses', 'DETAILR', 49)
GO

INSERT INTO [dbo].[MST_ACCREPORTD] ([ACCRPTDNO], [ACCRPTNO], [PRINTDESC], [RPTTYPE_CODE], [SORTORDER])
VALUES 
  (199, 20, 'Total Expenses', 'TOTAL', 50)
GO

INSERT INTO [dbo].[MST_ACCREPORTD] ([ACCRPTDNO], [ACCRPTNO], [PRINTDESC], [RPTTYPE_CODE], [SORTORDER])
VALUES 
  (200, 20, 'Net Profit / (Loss)', 'TOTALR', 52)
GO

INSERT INTO [dbo].[MST_ACCREPORTD] ([ACCRPTDNO], [ACCRPTNO], [PRINTDESC], [RPTTYPE_CODE], [SORTORDER])
VALUES 
  (201, 16, '', 'HEADING', 35)
GO

INSERT INTO [dbo].[MST_ACCREPORTD] ([ACCRPTDNO], [ACCRPTNO], [PRINTDESC], [RPTTYPE_CODE], [SORTORDER])
VALUES 
  (280, 16, '', 'HEADING', 26)
GO

INSERT INTO [dbo].[MST_ACCREPORTD] ([ACCRPTDNO], [ACCRPTNO], [PRINTDESC], [RPTTYPE_CODE], [SORTORDER])
VALUES 
  (282, 16, '', 'HEADING', 33)
GO

INSERT INTO [dbo].[MST_ACCREPORTD] ([ACCRPTDNO], [ACCRPTNO], [PRINTDESC], [RPTTYPE_CODE], [SORTORDER])
VALUES 
  (283, 23, 'Fixed Assets', 'HEADING', 1)
GO

INSERT INTO [dbo].[MST_ACCREPORTD] ([ACCRPTDNO], [ACCRPTNO], [PRINTDESC], [RPTTYPE_CODE], [SORTORDER])
VALUES 
  (284, 23, 'Office Equipment', 'DETAIL', 2)
GO

INSERT INTO [dbo].[MST_ACCREPORTD] ([ACCRPTDNO], [ACCRPTNO], [PRINTDESC], [RPTTYPE_CODE], [SORTORDER])
VALUES 
  (285, 23, 'Office Equipment Accum Dep', 'DETAIL', 3)
GO

INSERT INTO [dbo].[MST_ACCREPORTD] ([ACCRPTDNO], [ACCRPTNO], [PRINTDESC], [RPTTYPE_CODE], [SORTORDER])
VALUES 
  (286, 23, 'Furniture & Fixtures', 'DETAIL', 4)
GO

INSERT INTO [dbo].[MST_ACCREPORTD] ([ACCRPTDNO], [ACCRPTNO], [PRINTDESC], [RPTTYPE_CODE], [SORTORDER])
VALUES 
  (287, 23, 'Furniture & Fixture Accum Dep', 'DETAIL', 5)
GO

INSERT INTO [dbo].[MST_ACCREPORTD] ([ACCRPTDNO], [ACCRPTNO], [PRINTDESC], [RPTTYPE_CODE], [SORTORDER])
VALUES 
  (288, 23, 'Computer Equipment', 'DETAIL', 6)
GO

INSERT INTO [dbo].[MST_ACCREPORTD] ([ACCRPTDNO], [ACCRPTNO], [PRINTDESC], [RPTTYPE_CODE], [SORTORDER])
VALUES 
  (289, 23, 'Computer Equipment Accum Dep', 'DETAIL', 7)
GO

INSERT INTO [dbo].[MST_ACCREPORTD] ([ACCRPTDNO], [ACCRPTNO], [PRINTDESC], [RPTTYPE_CODE], [SORTORDER])
VALUES 
  (290, 23, 'Air-cond', 'DETAIL', 8)
GO

INSERT INTO [dbo].[MST_ACCREPORTD] ([ACCRPTDNO], [ACCRPTNO], [PRINTDESC], [RPTTYPE_CODE], [SORTORDER])
VALUES 
  (291, 23, 'Air-cond Accum Dep', 'DETAIL', 9)
GO

INSERT INTO [dbo].[MST_ACCREPORTD] ([ACCRPTDNO], [ACCRPTNO], [PRINTDESC], [RPTTYPE_CODE], [SORTORDER])
VALUES 
  (292, 23, 'Machinery', 'DETAIL', 10)
GO

INSERT INTO [dbo].[MST_ACCREPORTD] ([ACCRPTDNO], [ACCRPTNO], [PRINTDESC], [RPTTYPE_CODE], [SORTORDER])
VALUES 
  (293, 23, 'Machinery Accum Dep', 'DETAIL', 11)
GO

INSERT INTO [dbo].[MST_ACCREPORTD] ([ACCRPTDNO], [ACCRPTNO], [PRINTDESC], [RPTTYPE_CODE], [SORTORDER])
VALUES 
  (294, 23, 'Motor Vehicle', 'DETAIL', 12)
GO

INSERT INTO [dbo].[MST_ACCREPORTD] ([ACCRPTDNO], [ACCRPTNO], [PRINTDESC], [RPTTYPE_CODE], [SORTORDER])
VALUES 
  (295, 23, 'Motor Vehicle Accum Dep', 'DETAIL', 13)
GO

INSERT INTO [dbo].[MST_ACCREPORTD] ([ACCRPTDNO], [ACCRPTNO], [PRINTDESC], [RPTTYPE_CODE], [SORTORDER])
VALUES 
  (296, 23, 'Building', 'DETAIL', 14)
GO

INSERT INTO [dbo].[MST_ACCREPORTD] ([ACCRPTDNO], [ACCRPTNO], [PRINTDESC], [RPTTYPE_CODE], [SORTORDER])
VALUES 
  (297, 23, 'Building Accum Dep', 'DETAIL', 15)
GO

INSERT INTO [dbo].[MST_ACCREPORTD] ([ACCRPTDNO], [ACCRPTNO], [PRINTDESC], [RPTTYPE_CODE], [SORTORDER])
VALUES 
  (298, 23, 'Total Fixed Assets', 'TOTAL', 16)
GO

INSERT INTO [dbo].[MST_ACCREPORTD] ([ACCRPTDNO], [ACCRPTNO], [PRINTDESC], [RPTTYPE_CODE], [SORTORDER])
VALUES 
  (299, 23, '', 'HEADING', 17)
GO

INSERT INTO [dbo].[MST_ACCREPORTD] ([ACCRPTDNO], [ACCRPTNO], [PRINTDESC], [RPTTYPE_CODE], [SORTORDER])
VALUES 
  (300, 23, 'Current Assets', 'HEADING', 18)
GO

INSERT INTO [dbo].[MST_ACCREPORTD] ([ACCRPTDNO], [ACCRPTNO], [PRINTDESC], [RPTTYPE_CODE], [SORTORDER])
VALUES 
  (301, 23, 'Cash On Hand', 'DETAIL', 19)
GO

INSERT INTO [dbo].[MST_ACCREPORTD] ([ACCRPTDNO], [ACCRPTNO], [PRINTDESC], [RPTTYPE_CODE], [SORTORDER])
VALUES 
  (302, 23, 'Petty Cash', 'DETAIL', 20)
GO

INSERT INTO [dbo].[MST_ACCREPORTD] ([ACCRPTDNO], [ACCRPTNO], [PRINTDESC], [RPTTYPE_CODE], [SORTORDER])
VALUES 
  (303, 23, 'Bank', 'DETAIL', 21)
GO

INSERT INTO [dbo].[MST_ACCREPORTD] ([ACCRPTDNO], [ACCRPTNO], [PRINTDESC], [RPTTYPE_CODE], [SORTORDER])
VALUES 
  (304, 23, 'Trade Debtor', 'DETAIL', 22)
GO

INSERT INTO [dbo].[MST_ACCREPORTD] ([ACCRPTDNO], [ACCRPTNO], [PRINTDESC], [RPTTYPE_CODE], [SORTORDER])
VALUES 
  (305, 23, 'Stock - Finished Stock', 'DETAIL', 23)
GO

INSERT INTO [dbo].[MST_ACCREPORTD] ([ACCRPTDNO], [ACCRPTNO], [PRINTDESC], [RPTTYPE_CODE], [SORTORDER])
VALUES 
  (306, 23, 'Deposit Paid', 'DETAIL', 24)
GO

INSERT INTO [dbo].[MST_ACCREPORTD] ([ACCRPTDNO], [ACCRPTNO], [PRINTDESC], [RPTTYPE_CODE], [SORTORDER])
VALUES 
  (307, 23, 'Total Current Assets', 'TOTAL', 25)
GO

INSERT INTO [dbo].[MST_ACCREPORTD] ([ACCRPTDNO], [ACCRPTNO], [PRINTDESC], [RPTTYPE_CODE], [SORTORDER])
VALUES 
  (308, 23, '', 'HEADING', 26)
GO

INSERT INTO [dbo].[MST_ACCREPORTD] ([ACCRPTDNO], [ACCRPTNO], [PRINTDESC], [RPTTYPE_CODE], [SORTORDER])
VALUES 
  (309, 23, 'Liability', 'HEADING', 27)
GO

INSERT INTO [dbo].[MST_ACCREPORTD] ([ACCRPTDNO], [ACCRPTNO], [PRINTDESC], [RPTTYPE_CODE], [SORTORDER])
VALUES 
  (310, 23, 'Trade Creditor', 'DETAIL', 28)
GO

INSERT INTO [dbo].[MST_ACCREPORTD] ([ACCRPTDNO], [ACCRPTNO], [PRINTDESC], [RPTTYPE_CODE], [SORTORDER])
VALUES 
  (311, 23, 'HP / Leasing Creditor', 'DETAIL', 29)
GO

INSERT INTO [dbo].[MST_ACCREPORTD] ([ACCRPTDNO], [ACCRPTNO], [PRINTDESC], [RPTTYPE_CODE], [SORTORDER])
VALUES 
  (312, 23, 'Sales Tax Payable (Creditor)', 'DETAIL', 30)
GO

INSERT INTO [dbo].[MST_ACCREPORTD] ([ACCRPTDNO], [ACCRPTNO], [PRINTDESC], [RPTTYPE_CODE], [SORTORDER])
VALUES 
  (313, 23, 'Total Liability', 'TOTAL', 32)
GO

INSERT INTO [dbo].[MST_ACCREPORTD] ([ACCRPTDNO], [ACCRPTNO], [PRINTDESC], [RPTTYPE_CODE], [SORTORDER])
VALUES 
  (314, 23, '', 'HEADING', 33)
GO

INSERT INTO [dbo].[MST_ACCREPORTD] ([ACCRPTDNO], [ACCRPTNO], [PRINTDESC], [RPTTYPE_CODE], [SORTORDER])
VALUES 
  (315, 23, 'Net Assets', 'TOTAL', 34)
GO

INSERT INTO [dbo].[MST_ACCREPORTD] ([ACCRPTDNO], [ACCRPTNO], [PRINTDESC], [RPTTYPE_CODE], [SORTORDER])
VALUES 
  (316, 23, '', 'HEADING', 35)
GO

INSERT INTO [dbo].[MST_ACCREPORTD] ([ACCRPTDNO], [ACCRPTNO], [PRINTDESC], [RPTTYPE_CODE], [SORTORDER])
VALUES 
  (317, 23, 'Capital', 'HEADING', 36)
GO

INSERT INTO [dbo].[MST_ACCREPORTD] ([ACCRPTDNO], [ACCRPTNO], [PRINTDESC], [RPTTYPE_CODE], [SORTORDER])
VALUES 
  (318, 23, 'Capital', 'DETAILR', 37)
GO

INSERT INTO [dbo].[MST_ACCREPORTD] ([ACCRPTDNO], [ACCRPTNO], [PRINTDESC], [RPTTYPE_CODE], [SORTORDER])
VALUES 
  (319, 23, 'Share Premium Account', 'DETAILR', 38)
GO

INSERT INTO [dbo].[MST_ACCREPORTD] ([ACCRPTDNO], [ACCRPTNO], [PRINTDESC], [RPTTYPE_CODE], [SORTORDER])
VALUES 
  (320, 23, 'Accumulated Profit & Loss', 'DETAILR', 39)
GO

INSERT INTO [dbo].[MST_ACCREPORTD] ([ACCRPTDNO], [ACCRPTNO], [PRINTDESC], [RPTTYPE_CODE], [SORTORDER])
VALUES 
  (321, 23, 'Current Profit & Loss', 'DETAILR', 40)
GO

INSERT INTO [dbo].[MST_ACCREPORTD] ([ACCRPTDNO], [ACCRPTNO], [PRINTDESC], [RPTTYPE_CODE], [SORTORDER])
VALUES 
  (322, 23, 'Total Capital', 'TOTALR', 41)
GO

INSERT INTO [dbo].[MST_ACCREPORTD] ([ACCRPTDNO], [ACCRPTNO], [PRINTDESC], [RPTTYPE_CODE], [SORTORDER])
VALUES 
  (323, 24, 'Fixed Assets', 'HEADING', 1)
GO

INSERT INTO [dbo].[MST_ACCREPORTD] ([ACCRPTDNO], [ACCRPTNO], [PRINTDESC], [RPTTYPE_CODE], [SORTORDER])
VALUES 
  (324, 24, 'Office Equipment', 'DETAIL', 2)
GO

INSERT INTO [dbo].[MST_ACCREPORTD] ([ACCRPTDNO], [ACCRPTNO], [PRINTDESC], [RPTTYPE_CODE], [SORTORDER])
VALUES 
  (325, 24, 'Office Equipment Accum Dep', 'DETAIL', 3)
GO

INSERT INTO [dbo].[MST_ACCREPORTD] ([ACCRPTDNO], [ACCRPTNO], [PRINTDESC], [RPTTYPE_CODE], [SORTORDER])
VALUES 
  (326, 24, 'Furniture & Fixtures', 'DETAIL', 4)
GO

INSERT INTO [dbo].[MST_ACCREPORTD] ([ACCRPTDNO], [ACCRPTNO], [PRINTDESC], [RPTTYPE_CODE], [SORTORDER])
VALUES 
  (327, 24, 'Furniture & Fixture Accum Dep', 'DETAIL', 5)
GO

INSERT INTO [dbo].[MST_ACCREPORTD] ([ACCRPTDNO], [ACCRPTNO], [PRINTDESC], [RPTTYPE_CODE], [SORTORDER])
VALUES 
  (328, 24, 'Computer Equipment', 'DETAIL', 6)
GO

INSERT INTO [dbo].[MST_ACCREPORTD] ([ACCRPTDNO], [ACCRPTNO], [PRINTDESC], [RPTTYPE_CODE], [SORTORDER])
VALUES 
  (329, 24, 'Computer Equipment Accum Dep', 'DETAIL', 7)
GO

INSERT INTO [dbo].[MST_ACCREPORTD] ([ACCRPTDNO], [ACCRPTNO], [PRINTDESC], [RPTTYPE_CODE], [SORTORDER])
VALUES 
  (330, 24, 'Air-cond', 'DETAIL', 8)
GO

INSERT INTO [dbo].[MST_ACCREPORTD] ([ACCRPTDNO], [ACCRPTNO], [PRINTDESC], [RPTTYPE_CODE], [SORTORDER])
VALUES 
  (331, 24, 'Air-cond Accum Dep', 'DETAIL', 9)
GO

INSERT INTO [dbo].[MST_ACCREPORTD] ([ACCRPTDNO], [ACCRPTNO], [PRINTDESC], [RPTTYPE_CODE], [SORTORDER])
VALUES 
  (332, 24, 'Machinery', 'DETAIL', 10)
GO

INSERT INTO [dbo].[MST_ACCREPORTD] ([ACCRPTDNO], [ACCRPTNO], [PRINTDESC], [RPTTYPE_CODE], [SORTORDER])
VALUES 
  (333, 24, 'Machinery Accum Dep', 'DETAIL', 11)
GO

INSERT INTO [dbo].[MST_ACCREPORTD] ([ACCRPTDNO], [ACCRPTNO], [PRINTDESC], [RPTTYPE_CODE], [SORTORDER])
VALUES 
  (334, 24, 'Motor Vehicle', 'DETAIL', 12)
GO

INSERT INTO [dbo].[MST_ACCREPORTD] ([ACCRPTDNO], [ACCRPTNO], [PRINTDESC], [RPTTYPE_CODE], [SORTORDER])
VALUES 
  (335, 24, 'Motor Vehicle Accum Dep', 'DETAIL', 13)
GO

INSERT INTO [dbo].[MST_ACCREPORTD] ([ACCRPTDNO], [ACCRPTNO], [PRINTDESC], [RPTTYPE_CODE], [SORTORDER])
VALUES 
  (336, 24, 'Building', 'DETAIL', 14)
GO

INSERT INTO [dbo].[MST_ACCREPORTD] ([ACCRPTDNO], [ACCRPTNO], [PRINTDESC], [RPTTYPE_CODE], [SORTORDER])
VALUES 
  (337, 24, 'Building Accum Dep', 'DETAIL', 15)
GO

INSERT INTO [dbo].[MST_ACCREPORTD] ([ACCRPTDNO], [ACCRPTNO], [PRINTDESC], [RPTTYPE_CODE], [SORTORDER])
VALUES 
  (338, 24, 'Total Fixed Assets', 'TOTAL', 16)
GO

INSERT INTO [dbo].[MST_ACCREPORTD] ([ACCRPTDNO], [ACCRPTNO], [PRINTDESC], [RPTTYPE_CODE], [SORTORDER])
VALUES 
  (339, 24, '', 'HEADING', 17)
GO

INSERT INTO [dbo].[MST_ACCREPORTD] ([ACCRPTDNO], [ACCRPTNO], [PRINTDESC], [RPTTYPE_CODE], [SORTORDER])
VALUES 
  (340, 24, 'Current Assets', 'HEADING', 18)
GO

INSERT INTO [dbo].[MST_ACCREPORTD] ([ACCRPTDNO], [ACCRPTNO], [PRINTDESC], [RPTTYPE_CODE], [SORTORDER])
VALUES 
  (341, 24, 'Cash On Hand', 'DETAIL', 19)
GO

INSERT INTO [dbo].[MST_ACCREPORTD] ([ACCRPTDNO], [ACCRPTNO], [PRINTDESC], [RPTTYPE_CODE], [SORTORDER])
VALUES 
  (342, 24, 'Petty Cash', 'DETAIL', 20)
GO

INSERT INTO [dbo].[MST_ACCREPORTD] ([ACCRPTDNO], [ACCRPTNO], [PRINTDESC], [RPTTYPE_CODE], [SORTORDER])
VALUES 
  (343, 24, 'Bank', 'DETAIL', 21)
GO

INSERT INTO [dbo].[MST_ACCREPORTD] ([ACCRPTDNO], [ACCRPTNO], [PRINTDESC], [RPTTYPE_CODE], [SORTORDER])
VALUES 
  (344, 24, 'Trade Debtor', 'DETAIL', 22)
GO

INSERT INTO [dbo].[MST_ACCREPORTD] ([ACCRPTDNO], [ACCRPTNO], [PRINTDESC], [RPTTYPE_CODE], [SORTORDER])
VALUES 
  (345, 24, 'Stock - Finished Stock', 'DETAIL', 23)
GO

INSERT INTO [dbo].[MST_ACCREPORTD] ([ACCRPTDNO], [ACCRPTNO], [PRINTDESC], [RPTTYPE_CODE], [SORTORDER])
VALUES 
  (346, 24, 'Deposit Paid', 'DETAIL', 24)
GO

INSERT INTO [dbo].[MST_ACCREPORTD] ([ACCRPTDNO], [ACCRPTNO], [PRINTDESC], [RPTTYPE_CODE], [SORTORDER])
VALUES 
  (347, 24, 'Total Current Assets', 'TOTAL', 25)
GO

INSERT INTO [dbo].[MST_ACCREPORTD] ([ACCRPTDNO], [ACCRPTNO], [PRINTDESC], [RPTTYPE_CODE], [SORTORDER])
VALUES 
  (348, 24, '', 'HEADING', 26)
GO

INSERT INTO [dbo].[MST_ACCREPORTD] ([ACCRPTDNO], [ACCRPTNO], [PRINTDESC], [RPTTYPE_CODE], [SORTORDER])
VALUES 
  (349, 24, 'Liability', 'HEADING', 27)
GO

INSERT INTO [dbo].[MST_ACCREPORTD] ([ACCRPTDNO], [ACCRPTNO], [PRINTDESC], [RPTTYPE_CODE], [SORTORDER])
VALUES 
  (350, 24, 'Trade Creditor', 'DETAIL', 28)
GO

INSERT INTO [dbo].[MST_ACCREPORTD] ([ACCRPTDNO], [ACCRPTNO], [PRINTDESC], [RPTTYPE_CODE], [SORTORDER])
VALUES 
  (351, 24, 'HP / Leasing Creditor', 'DETAIL', 29)
GO

INSERT INTO [dbo].[MST_ACCREPORTD] ([ACCRPTDNO], [ACCRPTNO], [PRINTDESC], [RPTTYPE_CODE], [SORTORDER])
VALUES 
  (352, 24, 'Sales Tax Payable (Creditor)', 'DETAIL', 30)
GO

INSERT INTO [dbo].[MST_ACCREPORTD] ([ACCRPTDNO], [ACCRPTNO], [PRINTDESC], [RPTTYPE_CODE], [SORTORDER])
VALUES 
  (353, 24, 'Total Liability', 'TOTAL', 32)
GO

INSERT INTO [dbo].[MST_ACCREPORTD] ([ACCRPTDNO], [ACCRPTNO], [PRINTDESC], [RPTTYPE_CODE], [SORTORDER])
VALUES 
  (354, 24, '', 'HEADING', 33)
GO

INSERT INTO [dbo].[MST_ACCREPORTD] ([ACCRPTDNO], [ACCRPTNO], [PRINTDESC], [RPTTYPE_CODE], [SORTORDER])
VALUES 
  (355, 24, 'Net Assets', 'TOTAL', 34)
GO

INSERT INTO [dbo].[MST_ACCREPORTD] ([ACCRPTDNO], [ACCRPTNO], [PRINTDESC], [RPTTYPE_CODE], [SORTORDER])
VALUES 
  (356, 24, '', 'HEADING', 35)
GO

INSERT INTO [dbo].[MST_ACCREPORTD] ([ACCRPTDNO], [ACCRPTNO], [PRINTDESC], [RPTTYPE_CODE], [SORTORDER])
VALUES 
  (357, 24, 'Capital', 'HEADING', 36)
GO

INSERT INTO [dbo].[MST_ACCREPORTD] ([ACCRPTDNO], [ACCRPTNO], [PRINTDESC], [RPTTYPE_CODE], [SORTORDER])
VALUES 
  (358, 24, 'Capital', 'DETAILR', 37)
GO

INSERT INTO [dbo].[MST_ACCREPORTD] ([ACCRPTDNO], [ACCRPTNO], [PRINTDESC], [RPTTYPE_CODE], [SORTORDER])
VALUES 
  (359, 24, 'Share Premium Account', 'DETAILR', 38)
GO

INSERT INTO [dbo].[MST_ACCREPORTD] ([ACCRPTDNO], [ACCRPTNO], [PRINTDESC], [RPTTYPE_CODE], [SORTORDER])
VALUES 
  (360, 24, 'Accumulated Profit & Loss', 'DETAILR', 39)
GO

INSERT INTO [dbo].[MST_ACCREPORTD] ([ACCRPTDNO], [ACCRPTNO], [PRINTDESC], [RPTTYPE_CODE], [SORTORDER])
VALUES 
  (361, 24, 'Current Profit & Loss', 'DETAILR', 40)
GO

INSERT INTO [dbo].[MST_ACCREPORTD] ([ACCRPTDNO], [ACCRPTNO], [PRINTDESC], [RPTTYPE_CODE], [SORTORDER])
VALUES 
  (362, 24, 'Total Capital', 'TOTALR', 41)
GO

INSERT INTO [dbo].[MST_ACCREPORTD] ([ACCRPTDNO], [ACCRPTNO], [PRINTDESC], [RPTTYPE_CODE], [SORTORDER])
VALUES 
  (363, 20, '', 'HEADING', 19)
GO

INSERT INTO [dbo].[MST_ACCREPORTD] ([ACCRPTDNO], [ACCRPTNO], [PRINTDESC], [RPTTYPE_CODE], [SORTORDER])
VALUES 
  (364, 20, '', 'HEADING', 51)
GO

INSERT INTO [dbo].[MST_ACCREPORTD] ([ACCRPTDNO], [ACCRPTNO], [PRINTDESC], [RPTTYPE_CODE], [SORTORDER])
VALUES 
  (365, 25, 'Income', 'HEADING', 1)
GO

INSERT INTO [dbo].[MST_ACCREPORTD] ([ACCRPTDNO], [ACCRPTNO], [PRINTDESC], [RPTTYPE_CODE], [SORTORDER])
VALUES 
  (366, 25, 'Cash Sales', 'DETAILR', 2)
GO

INSERT INTO [dbo].[MST_ACCREPORTD] ([ACCRPTDNO], [ACCRPTNO], [PRINTDESC], [RPTTYPE_CODE], [SORTORDER])
VALUES 
  (367, 25, 'Credit Sales', 'DETAILR', 3)
GO

INSERT INTO [dbo].[MST_ACCREPORTD] ([ACCRPTDNO], [ACCRPTNO], [PRINTDESC], [RPTTYPE_CODE], [SORTORDER])
VALUES 
  (368, 25, 'Sales Return', 'DETAILR', 4)
GO

INSERT INTO [dbo].[MST_ACCREPORTD] ([ACCRPTDNO], [ACCRPTNO], [PRINTDESC], [RPTTYPE_CODE], [SORTORDER])
VALUES 
  (369, 25, 'Sales Discount', 'DETAILR', 5)
GO

INSERT INTO [dbo].[MST_ACCREPORTD] ([ACCRPTDNO], [ACCRPTNO], [PRINTDESC], [RPTTYPE_CODE], [SORTORDER])
VALUES 
  (370, 25, 'Total Income', 'TOTAL', 6)
GO

INSERT INTO [dbo].[MST_ACCREPORTD] ([ACCRPTDNO], [ACCRPTNO], [PRINTDESC], [RPTTYPE_CODE], [SORTORDER])
VALUES 
  (371, 25, '', 'HEADING', 7)
GO

INSERT INTO [dbo].[MST_ACCREPORTD] ([ACCRPTDNO], [ACCRPTNO], [PRINTDESC], [RPTTYPE_CODE], [SORTORDER])
VALUES 
  (372, 25, 'Cost Of Goods Sold', 'HEADING', 8)
GO

INSERT INTO [dbo].[MST_ACCREPORTD] ([ACCRPTDNO], [ACCRPTNO], [PRINTDESC], [RPTTYPE_CODE], [SORTORDER])
VALUES 
  (373, 25, 'Cash Purchase', 'DETAILR', 10)
GO

INSERT INTO [dbo].[MST_ACCREPORTD] ([ACCRPTDNO], [ACCRPTNO], [PRINTDESC], [RPTTYPE_CODE], [SORTORDER])
VALUES 
  (374, 25, 'Credit Purchase', 'DETAILR', 11)
GO

INSERT INTO [dbo].[MST_ACCREPORTD] ([ACCRPTDNO], [ACCRPTNO], [PRINTDESC], [RPTTYPE_CODE], [SORTORDER])
VALUES 
  (375, 25, 'Purchase Return', 'DETAILR', 12)
GO

INSERT INTO [dbo].[MST_ACCREPORTD] ([ACCRPTDNO], [ACCRPTNO], [PRINTDESC], [RPTTYPE_CODE], [SORTORDER])
VALUES 
  (376, 25, 'Purchase Discount', 'DETAILR', 13)
GO

INSERT INTO [dbo].[MST_ACCREPORTD] ([ACCRPTDNO], [ACCRPTNO], [PRINTDESC], [RPTTYPE_CODE], [SORTORDER])
VALUES 
  (377, 25, 'Freight Charges', 'DETAILR', 14)
GO

INSERT INTO [dbo].[MST_ACCREPORTD] ([ACCRPTDNO], [ACCRPTNO], [PRINTDESC], [RPTTYPE_CODE], [SORTORDER])
VALUES 
  (378, 25, 'Import Duty', 'DETAILR', 15)
GO

INSERT INTO [dbo].[MST_ACCREPORTD] ([ACCRPTDNO], [ACCRPTNO], [PRINTDESC], [RPTTYPE_CODE], [SORTORDER])
VALUES 
  (379, 25, 'Commission Payable', 'DETAILR', 16)
GO

INSERT INTO [dbo].[MST_ACCREPORTD] ([ACCRPTDNO], [ACCRPTNO], [PRINTDESC], [RPTTYPE_CODE], [SORTORDER])
VALUES 
  (380, 25, 'Stock - Finished Stock', 'DETAILR', 17)
GO

INSERT INTO [dbo].[MST_ACCREPORTD] ([ACCRPTDNO], [ACCRPTNO], [PRINTDESC], [RPTTYPE_CODE], [SORTORDER])
VALUES 
  (381, 25, 'Total Cost of Goods Sold', 'TOTAL', 18)
GO

INSERT INTO [dbo].[MST_ACCREPORTD] ([ACCRPTDNO], [ACCRPTNO], [PRINTDESC], [RPTTYPE_CODE], [SORTORDER])
VALUES 
  (382, 25, '', 'HEADING', 19)
GO

INSERT INTO [dbo].[MST_ACCREPORTD] ([ACCRPTDNO], [ACCRPTNO], [PRINTDESC], [RPTTYPE_CODE], [SORTORDER])
VALUES 
  (383, 25, 'Gross Profit', 'TOTAL', 20)
GO

INSERT INTO [dbo].[MST_ACCREPORTD] ([ACCRPTDNO], [ACCRPTNO], [PRINTDESC], [RPTTYPE_CODE], [SORTORDER])
VALUES 
  (384, 25, '', 'HEADING', 21)
GO

INSERT INTO [dbo].[MST_ACCREPORTD] ([ACCRPTDNO], [ACCRPTNO], [PRINTDESC], [RPTTYPE_CODE], [SORTORDER])
VALUES 
  (385, 25, 'Expenses', 'HEADING', 22)
GO

INSERT INTO [dbo].[MST_ACCREPORTD] ([ACCRPTDNO], [ACCRPTNO], [PRINTDESC], [RPTTYPE_CODE], [SORTORDER])
VALUES 
  (386, 25, 'Advertising', 'DETAILR', 23)
GO

INSERT INTO [dbo].[MST_ACCREPORTD] ([ACCRPTDNO], [ACCRPTNO], [PRINTDESC], [RPTTYPE_CODE], [SORTORDER])
VALUES 
  (387, 25, 'Bank Charges', 'DETAILR', 24)
GO

INSERT INTO [dbo].[MST_ACCREPORTD] ([ACCRPTDNO], [ACCRPTNO], [PRINTDESC], [RPTTYPE_CODE], [SORTORDER])
VALUES 
  (388, 25, 'Interest Charges', 'DETAILR', 25)
GO

INSERT INTO [dbo].[MST_ACCREPORTD] ([ACCRPTDNO], [ACCRPTNO], [PRINTDESC], [RPTTYPE_CODE], [SORTORDER])
VALUES 
  (389, 25, 'Depreciation Expenses', 'DETAILR', 26)
GO

INSERT INTO [dbo].[MST_ACCREPORTD] ([ACCRPTDNO], [ACCRPTNO], [PRINTDESC], [RPTTYPE_CODE], [SORTORDER])
VALUES 
  (390, 25, 'Insurance', 'DETAILR', 27)
GO

INSERT INTO [dbo].[MST_ACCREPORTD] ([ACCRPTDNO], [ACCRPTNO], [PRINTDESC], [RPTTYPE_CODE], [SORTORDER])
VALUES 
  (391, 25, 'Legal, Accounting & Secretarial Fee', 'DETAILR', 28)
GO

INSERT INTO [dbo].[MST_ACCREPORTD] ([ACCRPTDNO], [ACCRPTNO], [PRINTDESC], [RPTTYPE_CODE], [SORTORDER])
VALUES 
  (392, 25, 'Audit Fee', 'DETAILR', 29)
GO

INSERT INTO [dbo].[MST_ACCREPORTD] ([ACCRPTDNO], [ACCRPTNO], [PRINTDESC], [RPTTYPE_CODE], [SORTORDER])
VALUES 
  (393, 25, 'Salary', 'DETAILR', 30)
GO

INSERT INTO [dbo].[MST_ACCREPORTD] ([ACCRPTDNO], [ACCRPTNO], [PRINTDESC], [RPTTYPE_CODE], [SORTORDER])
VALUES 
  (394, 25, 'Wages', 'DETAILR', 31)
GO

INSERT INTO [dbo].[MST_ACCREPORTD] ([ACCRPTDNO], [ACCRPTNO], [PRINTDESC], [RPTTYPE_CODE], [SORTORDER])
VALUES 
  (395, 25, 'Director Fee', 'DETAILR', 32)
GO

INSERT INTO [dbo].[MST_ACCREPORTD] ([ACCRPTDNO], [ACCRPTNO], [PRINTDESC], [RPTTYPE_CODE], [SORTORDER])
VALUES 
  (396, 25, 'Bonus', 'DETAILR', 33)
GO

INSERT INTO [dbo].[MST_ACCREPORTD] ([ACCRPTDNO], [ACCRPTNO], [PRINTDESC], [RPTTYPE_CODE], [SORTORDER])
VALUES 
  (397, 25, 'EPF', 'DETAILR', 34)
GO

INSERT INTO [dbo].[MST_ACCREPORTD] ([ACCRPTDNO], [ACCRPTNO], [PRINTDESC], [RPTTYPE_CODE], [SORTORDER])
VALUES 
  (398, 25, 'SOCSO', 'DETAILR', 35)
GO

INSERT INTO [dbo].[MST_ACCREPORTD] ([ACCRPTDNO], [ACCRPTNO], [PRINTDESC], [RPTTYPE_CODE], [SORTORDER])
VALUES 
  (399, 25, 'Staff Welfare', 'DETAILR', 36)
GO

INSERT INTO [dbo].[MST_ACCREPORTD] ([ACCRPTDNO], [ACCRPTNO], [PRINTDESC], [RPTTYPE_CODE], [SORTORDER])
VALUES 
  (400, 25, 'Rent Charges', 'DETAILR', 37)
GO

INSERT INTO [dbo].[MST_ACCREPORTD] ([ACCRPTDNO], [ACCRPTNO], [PRINTDESC], [RPTTYPE_CODE], [SORTORDER])
VALUES 
  (401, 25, 'Office Supplies', 'DETAILR', 38)
GO

INSERT INTO [dbo].[MST_ACCREPORTD] ([ACCRPTDNO], [ACCRPTNO], [PRINTDESC], [RPTTYPE_CODE], [SORTORDER])
VALUES 
  (402, 25, 'Postage & Printing', 'DETAILR', 39)
GO

INSERT INTO [dbo].[MST_ACCREPORTD] ([ACCRPTDNO], [ACCRPTNO], [PRINTDESC], [RPTTYPE_CODE], [SORTORDER])
VALUES 
  (403, 25, 'Newspaper & Subcription', 'DETAILR', 40)
GO

INSERT INTO [dbo].[MST_ACCREPORTD] ([ACCRPTDNO], [ACCRPTNO], [PRINTDESC], [RPTTYPE_CODE], [SORTORDER])
VALUES 
  (404, 25, 'Office Telephone', 'DETAILR', 41)
GO

INSERT INTO [dbo].[MST_ACCREPORTD] ([ACCRPTDNO], [ACCRPTNO], [PRINTDESC], [RPTTYPE_CODE], [SORTORDER])
VALUES 
  (405, 25, 'Mobile Phone', 'DETAILR', 42)
GO

INSERT INTO [dbo].[MST_ACCREPORTD] ([ACCRPTDNO], [ACCRPTNO], [PRINTDESC], [RPTTYPE_CODE], [SORTORDER])
VALUES 
  (406, 25, 'Electricity', 'DETAILR', 43)
GO

INSERT INTO [dbo].[MST_ACCREPORTD] ([ACCRPTDNO], [ACCRPTNO], [PRINTDESC], [RPTTYPE_CODE], [SORTORDER])
VALUES 
  (407, 25, 'Water', 'DETAILR', 44)
GO

INSERT INTO [dbo].[MST_ACCREPORTD] ([ACCRPTDNO], [ACCRPTNO], [PRINTDESC], [RPTTYPE_CODE], [SORTORDER])
VALUES 
  (408, 25, 'Petrol', 'DETAILR', 45)
GO

INSERT INTO [dbo].[MST_ACCREPORTD] ([ACCRPTDNO], [ACCRPTNO], [PRINTDESC], [RPTTYPE_CODE], [SORTORDER])
VALUES 
  (409, 25, 'Parking & Toll Fee', 'DETAILR', 46)
GO

INSERT INTO [dbo].[MST_ACCREPORTD] ([ACCRPTDNO], [ACCRPTNO], [PRINTDESC], [RPTTYPE_CODE], [SORTORDER])
VALUES 
  (410, 25, 'Motor Vehicle Maintenance', 'DETAILR', 47)
GO

INSERT INTO [dbo].[MST_ACCREPORTD] ([ACCRPTDNO], [ACCRPTNO], [PRINTDESC], [RPTTYPE_CODE], [SORTORDER])
VALUES 
  (411, 25, 'Travel & Entertainment', 'DETAILR', 48)
GO

INSERT INTO [dbo].[MST_ACCREPORTD] ([ACCRPTDNO], [ACCRPTNO], [PRINTDESC], [RPTTYPE_CODE], [SORTORDER])
VALUES 
  (412, 25, 'Outstation Expenses', 'DETAILR', 49)
GO

INSERT INTO [dbo].[MST_ACCREPORTD] ([ACCRPTDNO], [ACCRPTNO], [PRINTDESC], [RPTTYPE_CODE], [SORTORDER])
VALUES 
  (413, 25, 'Total Expenses', 'TOTAL', 50)
GO

INSERT INTO [dbo].[MST_ACCREPORTD] ([ACCRPTDNO], [ACCRPTNO], [PRINTDESC], [RPTTYPE_CODE], [SORTORDER])
VALUES 
  (414, 25, '', 'HEADING', 51)
GO

INSERT INTO [dbo].[MST_ACCREPORTD] ([ACCRPTDNO], [ACCRPTNO], [PRINTDESC], [RPTTYPE_CODE], [SORTORDER])
VALUES 
  (415, 25, 'Net Profit / (Loss)', 'TOTALR', 52)
GO

INSERT INTO [dbo].[MST_ACCREPORTD] ([ACCRPTDNO], [ACCRPTNO], [PRINTDESC], [RPTTYPE_CODE], [SORTORDER])
VALUES 
  (416, 26, 'Income', 'HEADING', 1)
GO

INSERT INTO [dbo].[MST_ACCREPORTD] ([ACCRPTDNO], [ACCRPTNO], [PRINTDESC], [RPTTYPE_CODE], [SORTORDER])
VALUES 
  (417, 26, 'Cash Sales', 'DETAILR', 2)
GO

INSERT INTO [dbo].[MST_ACCREPORTD] ([ACCRPTDNO], [ACCRPTNO], [PRINTDESC], [RPTTYPE_CODE], [SORTORDER])
VALUES 
  (418, 26, 'Credit Sales', 'DETAILR', 3)
GO

INSERT INTO [dbo].[MST_ACCREPORTD] ([ACCRPTDNO], [ACCRPTNO], [PRINTDESC], [RPTTYPE_CODE], [SORTORDER])
VALUES 
  (419, 26, 'Sales Return', 'DETAILR', 4)
GO

INSERT INTO [dbo].[MST_ACCREPORTD] ([ACCRPTDNO], [ACCRPTNO], [PRINTDESC], [RPTTYPE_CODE], [SORTORDER])
VALUES 
  (420, 26, 'Sales Discount', 'DETAILR', 5)
GO

INSERT INTO [dbo].[MST_ACCREPORTD] ([ACCRPTDNO], [ACCRPTNO], [PRINTDESC], [RPTTYPE_CODE], [SORTORDER])
VALUES 
  (421, 26, 'Total Income', 'TOTAL', 6)
GO

INSERT INTO [dbo].[MST_ACCREPORTD] ([ACCRPTDNO], [ACCRPTNO], [PRINTDESC], [RPTTYPE_CODE], [SORTORDER])
VALUES 
  (422, 26, '', 'HEADING', 7)
GO

INSERT INTO [dbo].[MST_ACCREPORTD] ([ACCRPTDNO], [ACCRPTNO], [PRINTDESC], [RPTTYPE_CODE], [SORTORDER])
VALUES 
  (423, 26, 'Cost Of Goods Sold', 'HEADING', 8)
GO

INSERT INTO [dbo].[MST_ACCREPORTD] ([ACCRPTDNO], [ACCRPTNO], [PRINTDESC], [RPTTYPE_CODE], [SORTORDER])
VALUES 
  (424, 26, 'Cash Purchase', 'DETAILR', 10)
GO

INSERT INTO [dbo].[MST_ACCREPORTD] ([ACCRPTDNO], [ACCRPTNO], [PRINTDESC], [RPTTYPE_CODE], [SORTORDER])
VALUES 
  (425, 26, 'Credit Purchase', 'DETAILR', 11)
GO

INSERT INTO [dbo].[MST_ACCREPORTD] ([ACCRPTDNO], [ACCRPTNO], [PRINTDESC], [RPTTYPE_CODE], [SORTORDER])
VALUES 
  (426, 26, 'Purchase Return', 'DETAILR', 12)
GO

INSERT INTO [dbo].[MST_ACCREPORTD] ([ACCRPTDNO], [ACCRPTNO], [PRINTDESC], [RPTTYPE_CODE], [SORTORDER])
VALUES 
  (427, 26, 'Purchase Discount', 'DETAILR', 13)
GO

INSERT INTO [dbo].[MST_ACCREPORTD] ([ACCRPTDNO], [ACCRPTNO], [PRINTDESC], [RPTTYPE_CODE], [SORTORDER])
VALUES 
  (428, 26, 'Freight Charges', 'DETAILR', 14)
GO

INSERT INTO [dbo].[MST_ACCREPORTD] ([ACCRPTDNO], [ACCRPTNO], [PRINTDESC], [RPTTYPE_CODE], [SORTORDER])
VALUES 
  (429, 26, 'Import Duty', 'DETAILR', 15)
GO

INSERT INTO [dbo].[MST_ACCREPORTD] ([ACCRPTDNO], [ACCRPTNO], [PRINTDESC], [RPTTYPE_CODE], [SORTORDER])
VALUES 
  (430, 26, 'Commission Payable', 'DETAILR', 16)
GO

INSERT INTO [dbo].[MST_ACCREPORTD] ([ACCRPTDNO], [ACCRPTNO], [PRINTDESC], [RPTTYPE_CODE], [SORTORDER])
VALUES 
  (431, 26, 'Stock - Finished Stock', 'DETAILR', 17)
GO

INSERT INTO [dbo].[MST_ACCREPORTD] ([ACCRPTDNO], [ACCRPTNO], [PRINTDESC], [RPTTYPE_CODE], [SORTORDER])
VALUES 
  (432, 26, 'Total Cost of Goods Sold', 'TOTAL', 18)
GO

INSERT INTO [dbo].[MST_ACCREPORTD] ([ACCRPTDNO], [ACCRPTNO], [PRINTDESC], [RPTTYPE_CODE], [SORTORDER])
VALUES 
  (433, 26, '', 'HEADING', 19)
GO

INSERT INTO [dbo].[MST_ACCREPORTD] ([ACCRPTDNO], [ACCRPTNO], [PRINTDESC], [RPTTYPE_CODE], [SORTORDER])
VALUES 
  (434, 26, 'Gross Profit', 'TOTAL', 20)
GO

INSERT INTO [dbo].[MST_ACCREPORTD] ([ACCRPTDNO], [ACCRPTNO], [PRINTDESC], [RPTTYPE_CODE], [SORTORDER])
VALUES 
  (435, 26, '', 'HEADING', 21)
GO

INSERT INTO [dbo].[MST_ACCREPORTD] ([ACCRPTDNO], [ACCRPTNO], [PRINTDESC], [RPTTYPE_CODE], [SORTORDER])
VALUES 
  (436, 26, 'Expenses', 'HEADING', 22)
GO

INSERT INTO [dbo].[MST_ACCREPORTD] ([ACCRPTDNO], [ACCRPTNO], [PRINTDESC], [RPTTYPE_CODE], [SORTORDER])
VALUES 
  (437, 26, 'Advertising', 'DETAILR', 23)
GO

INSERT INTO [dbo].[MST_ACCREPORTD] ([ACCRPTDNO], [ACCRPTNO], [PRINTDESC], [RPTTYPE_CODE], [SORTORDER])
VALUES 
  (438, 26, 'Bank Charges', 'DETAILR', 24)
GO

INSERT INTO [dbo].[MST_ACCREPORTD] ([ACCRPTDNO], [ACCRPTNO], [PRINTDESC], [RPTTYPE_CODE], [SORTORDER])
VALUES 
  (439, 26, 'Interest Charges', 'DETAILR', 25)
GO

INSERT INTO [dbo].[MST_ACCREPORTD] ([ACCRPTDNO], [ACCRPTNO], [PRINTDESC], [RPTTYPE_CODE], [SORTORDER])
VALUES 
  (440, 26, 'Depreciation Expenses', 'DETAILR', 26)
GO

INSERT INTO [dbo].[MST_ACCREPORTD] ([ACCRPTDNO], [ACCRPTNO], [PRINTDESC], [RPTTYPE_CODE], [SORTORDER])
VALUES 
  (441, 26, 'Insurance', 'DETAILR', 27)
GO

INSERT INTO [dbo].[MST_ACCREPORTD] ([ACCRPTDNO], [ACCRPTNO], [PRINTDESC], [RPTTYPE_CODE], [SORTORDER])
VALUES 
  (442, 26, 'Legal, Accounting & Secretarial Fee', 'DETAILR', 28)
GO

INSERT INTO [dbo].[MST_ACCREPORTD] ([ACCRPTDNO], [ACCRPTNO], [PRINTDESC], [RPTTYPE_CODE], [SORTORDER])
VALUES 
  (443, 26, 'Audit Fee', 'DETAILR', 29)
GO

INSERT INTO [dbo].[MST_ACCREPORTD] ([ACCRPTDNO], [ACCRPTNO], [PRINTDESC], [RPTTYPE_CODE], [SORTORDER])
VALUES 
  (444, 26, 'Salary', 'DETAILR', 30)
GO

INSERT INTO [dbo].[MST_ACCREPORTD] ([ACCRPTDNO], [ACCRPTNO], [PRINTDESC], [RPTTYPE_CODE], [SORTORDER])
VALUES 
  (445, 26, 'Wages', 'DETAILR', 31)
GO

INSERT INTO [dbo].[MST_ACCREPORTD] ([ACCRPTDNO], [ACCRPTNO], [PRINTDESC], [RPTTYPE_CODE], [SORTORDER])
VALUES 
  (446, 26, 'Director Fee', 'DETAILR', 32)
GO

INSERT INTO [dbo].[MST_ACCREPORTD] ([ACCRPTDNO], [ACCRPTNO], [PRINTDESC], [RPTTYPE_CODE], [SORTORDER])
VALUES 
  (447, 26, 'Bonus', 'DETAILR', 33)
GO

INSERT INTO [dbo].[MST_ACCREPORTD] ([ACCRPTDNO], [ACCRPTNO], [PRINTDESC], [RPTTYPE_CODE], [SORTORDER])
VALUES 
  (448, 26, 'EPF', 'DETAILR', 34)
GO

INSERT INTO [dbo].[MST_ACCREPORTD] ([ACCRPTDNO], [ACCRPTNO], [PRINTDESC], [RPTTYPE_CODE], [SORTORDER])
VALUES 
  (449, 26, 'SOCSO', 'DETAILR', 35)
GO

INSERT INTO [dbo].[MST_ACCREPORTD] ([ACCRPTDNO], [ACCRPTNO], [PRINTDESC], [RPTTYPE_CODE], [SORTORDER])
VALUES 
  (450, 26, 'Staff Welfare', 'DETAILR', 36)
GO

INSERT INTO [dbo].[MST_ACCREPORTD] ([ACCRPTDNO], [ACCRPTNO], [PRINTDESC], [RPTTYPE_CODE], [SORTORDER])
VALUES 
  (451, 26, 'Rent Charges', 'DETAILR', 37)
GO

INSERT INTO [dbo].[MST_ACCREPORTD] ([ACCRPTDNO], [ACCRPTNO], [PRINTDESC], [RPTTYPE_CODE], [SORTORDER])
VALUES 
  (452, 26, 'Office Supplies', 'DETAILR', 38)
GO

INSERT INTO [dbo].[MST_ACCREPORTD] ([ACCRPTDNO], [ACCRPTNO], [PRINTDESC], [RPTTYPE_CODE], [SORTORDER])
VALUES 
  (453, 26, 'Postage & Printing', 'DETAILR', 39)
GO

INSERT INTO [dbo].[MST_ACCREPORTD] ([ACCRPTDNO], [ACCRPTNO], [PRINTDESC], [RPTTYPE_CODE], [SORTORDER])
VALUES 
  (454, 26, 'Newspaper & Subcription', 'DETAILR', 40)
GO

INSERT INTO [dbo].[MST_ACCREPORTD] ([ACCRPTDNO], [ACCRPTNO], [PRINTDESC], [RPTTYPE_CODE], [SORTORDER])
VALUES 
  (455, 26, 'Office Telephone', 'DETAILR', 41)
GO

INSERT INTO [dbo].[MST_ACCREPORTD] ([ACCRPTDNO], [ACCRPTNO], [PRINTDESC], [RPTTYPE_CODE], [SORTORDER])
VALUES 
  (456, 26, 'Mobile Phone', 'DETAILR', 42)
GO

INSERT INTO [dbo].[MST_ACCREPORTD] ([ACCRPTDNO], [ACCRPTNO], [PRINTDESC], [RPTTYPE_CODE], [SORTORDER])
VALUES 
  (457, 26, 'Electricity', 'DETAILR', 43)
GO

INSERT INTO [dbo].[MST_ACCREPORTD] ([ACCRPTDNO], [ACCRPTNO], [PRINTDESC], [RPTTYPE_CODE], [SORTORDER])
VALUES 
  (458, 26, 'Water', 'DETAILR', 44)
GO

INSERT INTO [dbo].[MST_ACCREPORTD] ([ACCRPTDNO], [ACCRPTNO], [PRINTDESC], [RPTTYPE_CODE], [SORTORDER])
VALUES 
  (459, 26, 'Petrol', 'DETAILR', 45)
GO

INSERT INTO [dbo].[MST_ACCREPORTD] ([ACCRPTDNO], [ACCRPTNO], [PRINTDESC], [RPTTYPE_CODE], [SORTORDER])
VALUES 
  (460, 26, 'Parking & Toll Fee', 'DETAILR', 46)
GO

INSERT INTO [dbo].[MST_ACCREPORTD] ([ACCRPTDNO], [ACCRPTNO], [PRINTDESC], [RPTTYPE_CODE], [SORTORDER])
VALUES 
  (461, 26, 'Motor Vehicle Maintenance', 'DETAILR', 47)
GO

INSERT INTO [dbo].[MST_ACCREPORTD] ([ACCRPTDNO], [ACCRPTNO], [PRINTDESC], [RPTTYPE_CODE], [SORTORDER])
VALUES 
  (462, 26, 'Travel & Entertainment', 'DETAILR', 48)
GO

INSERT INTO [dbo].[MST_ACCREPORTD] ([ACCRPTDNO], [ACCRPTNO], [PRINTDESC], [RPTTYPE_CODE], [SORTORDER])
VALUES 
  (463, 26, 'Outstation Expenses', 'DETAILR', 49)
GO

INSERT INTO [dbo].[MST_ACCREPORTD] ([ACCRPTDNO], [ACCRPTNO], [PRINTDESC], [RPTTYPE_CODE], [SORTORDER])
VALUES 
  (464, 26, 'Total Expenses', 'TOTAL', 50)
GO

INSERT INTO [dbo].[MST_ACCREPORTD] ([ACCRPTDNO], [ACCRPTNO], [PRINTDESC], [RPTTYPE_CODE], [SORTORDER])
VALUES 
  (465, 26, '', 'HEADING', 51)
GO

INSERT INTO [dbo].[MST_ACCREPORTD] ([ACCRPTDNO], [ACCRPTNO], [PRINTDESC], [RPTTYPE_CODE], [SORTORDER])
VALUES 
  (466, 26, 'Net Profit / (Loss)', 'TOTALR', 52)
GO

INSERT INTO [dbo].[MST_ACCREPORTD] ([ACCRPTDNO], [ACCRPTNO], [PRINTDESC], [RPTTYPE_CODE], [SORTORDER])
VALUES 
  (467, 27, 'Income', 'HEADING', 1)
GO

INSERT INTO [dbo].[MST_ACCREPORTD] ([ACCRPTDNO], [ACCRPTNO], [PRINTDESC], [RPTTYPE_CODE], [SORTORDER])
VALUES 
  (468, 27, 'Cash Sales', 'DETAILR', 2)
GO

INSERT INTO [dbo].[MST_ACCREPORTD] ([ACCRPTDNO], [ACCRPTNO], [PRINTDESC], [RPTTYPE_CODE], [SORTORDER])
VALUES 
  (469, 27, 'Credit Sales', 'DETAILR', 3)
GO

INSERT INTO [dbo].[MST_ACCREPORTD] ([ACCRPTDNO], [ACCRPTNO], [PRINTDESC], [RPTTYPE_CODE], [SORTORDER])
VALUES 
  (470, 27, 'Sales Return', 'DETAILR', 4)
GO

INSERT INTO [dbo].[MST_ACCREPORTD] ([ACCRPTDNO], [ACCRPTNO], [PRINTDESC], [RPTTYPE_CODE], [SORTORDER])
VALUES 
  (471, 27, 'Sales Discount', 'DETAILR', 5)
GO

INSERT INTO [dbo].[MST_ACCREPORTD] ([ACCRPTDNO], [ACCRPTNO], [PRINTDESC], [RPTTYPE_CODE], [SORTORDER])
VALUES 
  (472, 27, 'Total Income', 'TOTAL', 6)
GO

INSERT INTO [dbo].[MST_ACCREPORTD] ([ACCRPTDNO], [ACCRPTNO], [PRINTDESC], [RPTTYPE_CODE], [SORTORDER])
VALUES 
  (473, 27, '', 'HEADING', 7)
GO

INSERT INTO [dbo].[MST_ACCREPORTD] ([ACCRPTDNO], [ACCRPTNO], [PRINTDESC], [RPTTYPE_CODE], [SORTORDER])
VALUES 
  (474, 27, 'Cost Of Goods Sold', 'HEADING', 8)
GO

INSERT INTO [dbo].[MST_ACCREPORTD] ([ACCRPTDNO], [ACCRPTNO], [PRINTDESC], [RPTTYPE_CODE], [SORTORDER])
VALUES 
  (475, 27, 'Cash Purchase', 'DETAILR', 10)
GO

INSERT INTO [dbo].[MST_ACCREPORTD] ([ACCRPTDNO], [ACCRPTNO], [PRINTDESC], [RPTTYPE_CODE], [SORTORDER])
VALUES 
  (476, 27, 'Credit Purchase', 'DETAILR', 11)
GO

INSERT INTO [dbo].[MST_ACCREPORTD] ([ACCRPTDNO], [ACCRPTNO], [PRINTDESC], [RPTTYPE_CODE], [SORTORDER])
VALUES 
  (477, 27, 'Purchase Return', 'DETAILR', 12)
GO

INSERT INTO [dbo].[MST_ACCREPORTD] ([ACCRPTDNO], [ACCRPTNO], [PRINTDESC], [RPTTYPE_CODE], [SORTORDER])
VALUES 
  (478, 27, 'Purchase Discount', 'DETAILR', 13)
GO

INSERT INTO [dbo].[MST_ACCREPORTD] ([ACCRPTDNO], [ACCRPTNO], [PRINTDESC], [RPTTYPE_CODE], [SORTORDER])
VALUES 
  (479, 27, 'Freight Charges', 'DETAILR', 14)
GO

INSERT INTO [dbo].[MST_ACCREPORTD] ([ACCRPTDNO], [ACCRPTNO], [PRINTDESC], [RPTTYPE_CODE], [SORTORDER])
VALUES 
  (480, 27, 'Import Duty', 'DETAILR', 15)
GO

INSERT INTO [dbo].[MST_ACCREPORTD] ([ACCRPTDNO], [ACCRPTNO], [PRINTDESC], [RPTTYPE_CODE], [SORTORDER])
VALUES 
  (481, 27, 'Commission Payable', 'DETAILR', 16)
GO

INSERT INTO [dbo].[MST_ACCREPORTD] ([ACCRPTDNO], [ACCRPTNO], [PRINTDESC], [RPTTYPE_CODE], [SORTORDER])
VALUES 
  (482, 27, 'Stock - Finished Stock', 'DETAILR', 17)
GO

INSERT INTO [dbo].[MST_ACCREPORTD] ([ACCRPTDNO], [ACCRPTNO], [PRINTDESC], [RPTTYPE_CODE], [SORTORDER])
VALUES 
  (483, 27, 'Total Cost of Goods Sold', 'TOTAL', 18)
GO

INSERT INTO [dbo].[MST_ACCREPORTD] ([ACCRPTDNO], [ACCRPTNO], [PRINTDESC], [RPTTYPE_CODE], [SORTORDER])
VALUES 
  (484, 27, '', 'HEADING', 19)
GO

INSERT INTO [dbo].[MST_ACCREPORTD] ([ACCRPTDNO], [ACCRPTNO], [PRINTDESC], [RPTTYPE_CODE], [SORTORDER])
VALUES 
  (485, 27, 'Gross Profit', 'TOTAL', 20)
GO

INSERT INTO [dbo].[MST_ACCREPORTD] ([ACCRPTDNO], [ACCRPTNO], [PRINTDESC], [RPTTYPE_CODE], [SORTORDER])
VALUES 
  (486, 27, '', 'HEADING', 21)
GO

INSERT INTO [dbo].[MST_ACCREPORTD] ([ACCRPTDNO], [ACCRPTNO], [PRINTDESC], [RPTTYPE_CODE], [SORTORDER])
VALUES 
  (487, 27, 'Expenses', 'HEADING', 22)
GO

INSERT INTO [dbo].[MST_ACCREPORTD] ([ACCRPTDNO], [ACCRPTNO], [PRINTDESC], [RPTTYPE_CODE], [SORTORDER])
VALUES 
  (488, 27, 'Advertising', 'DETAILR', 23)
GO

INSERT INTO [dbo].[MST_ACCREPORTD] ([ACCRPTDNO], [ACCRPTNO], [PRINTDESC], [RPTTYPE_CODE], [SORTORDER])
VALUES 
  (489, 27, 'Bank Charges', 'DETAILR', 24)
GO

INSERT INTO [dbo].[MST_ACCREPORTD] ([ACCRPTDNO], [ACCRPTNO], [PRINTDESC], [RPTTYPE_CODE], [SORTORDER])
VALUES 
  (490, 27, 'Interest Charges', 'DETAILR', 25)
GO

INSERT INTO [dbo].[MST_ACCREPORTD] ([ACCRPTDNO], [ACCRPTNO], [PRINTDESC], [RPTTYPE_CODE], [SORTORDER])
VALUES 
  (491, 27, 'Depreciation Expenses', 'DETAILR', 26)
GO

INSERT INTO [dbo].[MST_ACCREPORTD] ([ACCRPTDNO], [ACCRPTNO], [PRINTDESC], [RPTTYPE_CODE], [SORTORDER])
VALUES 
  (492, 27, 'Insurance', 'DETAILR', 27)
GO

INSERT INTO [dbo].[MST_ACCREPORTD] ([ACCRPTDNO], [ACCRPTNO], [PRINTDESC], [RPTTYPE_CODE], [SORTORDER])
VALUES 
  (493, 27, 'Legal, Accounting & Secretarial Fee', 'DETAILR', 28)
GO

INSERT INTO [dbo].[MST_ACCREPORTD] ([ACCRPTDNO], [ACCRPTNO], [PRINTDESC], [RPTTYPE_CODE], [SORTORDER])
VALUES 
  (494, 27, 'Audit Fee', 'DETAILR', 29)
GO

INSERT INTO [dbo].[MST_ACCREPORTD] ([ACCRPTDNO], [ACCRPTNO], [PRINTDESC], [RPTTYPE_CODE], [SORTORDER])
VALUES 
  (495, 27, 'Salary', 'DETAILR', 30)
GO

INSERT INTO [dbo].[MST_ACCREPORTD] ([ACCRPTDNO], [ACCRPTNO], [PRINTDESC], [RPTTYPE_CODE], [SORTORDER])
VALUES 
  (496, 27, 'Wages', 'DETAILR', 31)
GO

INSERT INTO [dbo].[MST_ACCREPORTD] ([ACCRPTDNO], [ACCRPTNO], [PRINTDESC], [RPTTYPE_CODE], [SORTORDER])
VALUES 
  (497, 27, 'Director Fee', 'DETAILR', 32)
GO

INSERT INTO [dbo].[MST_ACCREPORTD] ([ACCRPTDNO], [ACCRPTNO], [PRINTDESC], [RPTTYPE_CODE], [SORTORDER])
VALUES 
  (498, 27, 'Bonus', 'DETAILR', 33)
GO

INSERT INTO [dbo].[MST_ACCREPORTD] ([ACCRPTDNO], [ACCRPTNO], [PRINTDESC], [RPTTYPE_CODE], [SORTORDER])
VALUES 
  (499, 27, 'EPF', 'DETAILR', 34)
GO

INSERT INTO [dbo].[MST_ACCREPORTD] ([ACCRPTDNO], [ACCRPTNO], [PRINTDESC], [RPTTYPE_CODE], [SORTORDER])
VALUES 
  (500, 27, 'SOCSO', 'DETAILR', 35)
GO

INSERT INTO [dbo].[MST_ACCREPORTD] ([ACCRPTDNO], [ACCRPTNO], [PRINTDESC], [RPTTYPE_CODE], [SORTORDER])
VALUES 
  (501, 27, 'Staff Welfare', 'DETAILR', 36)
GO

INSERT INTO [dbo].[MST_ACCREPORTD] ([ACCRPTDNO], [ACCRPTNO], [PRINTDESC], [RPTTYPE_CODE], [SORTORDER])
VALUES 
  (502, 27, 'Rent Charges', 'DETAILR', 37)
GO

INSERT INTO [dbo].[MST_ACCREPORTD] ([ACCRPTDNO], [ACCRPTNO], [PRINTDESC], [RPTTYPE_CODE], [SORTORDER])
VALUES 
  (503, 27, 'Office Supplies', 'DETAILR', 38)
GO

INSERT INTO [dbo].[MST_ACCREPORTD] ([ACCRPTDNO], [ACCRPTNO], [PRINTDESC], [RPTTYPE_CODE], [SORTORDER])
VALUES 
  (504, 27, 'Postage & Printing', 'DETAILR', 39)
GO

INSERT INTO [dbo].[MST_ACCREPORTD] ([ACCRPTDNO], [ACCRPTNO], [PRINTDESC], [RPTTYPE_CODE], [SORTORDER])
VALUES 
  (505, 27, 'Newspaper & Subcription', 'DETAILR', 40)
GO

INSERT INTO [dbo].[MST_ACCREPORTD] ([ACCRPTDNO], [ACCRPTNO], [PRINTDESC], [RPTTYPE_CODE], [SORTORDER])
VALUES 
  (506, 27, 'Office Telephone', 'DETAILR', 41)
GO

INSERT INTO [dbo].[MST_ACCREPORTD] ([ACCRPTDNO], [ACCRPTNO], [PRINTDESC], [RPTTYPE_CODE], [SORTORDER])
VALUES 
  (507, 27, 'Mobile Phone', 'DETAILR', 42)
GO

INSERT INTO [dbo].[MST_ACCREPORTD] ([ACCRPTDNO], [ACCRPTNO], [PRINTDESC], [RPTTYPE_CODE], [SORTORDER])
VALUES 
  (508, 27, 'Electricity', 'DETAILR', 43)
GO

INSERT INTO [dbo].[MST_ACCREPORTD] ([ACCRPTDNO], [ACCRPTNO], [PRINTDESC], [RPTTYPE_CODE], [SORTORDER])
VALUES 
  (509, 27, 'Water', 'DETAILR', 44)
GO

INSERT INTO [dbo].[MST_ACCREPORTD] ([ACCRPTDNO], [ACCRPTNO], [PRINTDESC], [RPTTYPE_CODE], [SORTORDER])
VALUES 
  (510, 27, 'Petrol', 'DETAILR', 45)
GO

INSERT INTO [dbo].[MST_ACCREPORTD] ([ACCRPTDNO], [ACCRPTNO], [PRINTDESC], [RPTTYPE_CODE], [SORTORDER])
VALUES 
  (511, 27, 'Parking & Toll Fee', 'DETAILR', 46)
GO

INSERT INTO [dbo].[MST_ACCREPORTD] ([ACCRPTDNO], [ACCRPTNO], [PRINTDESC], [RPTTYPE_CODE], [SORTORDER])
VALUES 
  (512, 27, 'Motor Vehicle Maintenance', 'DETAILR', 47)
GO

INSERT INTO [dbo].[MST_ACCREPORTD] ([ACCRPTDNO], [ACCRPTNO], [PRINTDESC], [RPTTYPE_CODE], [SORTORDER])
VALUES 
  (513, 27, 'Travel & Entertainment', 'DETAILR', 48)
GO

INSERT INTO [dbo].[MST_ACCREPORTD] ([ACCRPTDNO], [ACCRPTNO], [PRINTDESC], [RPTTYPE_CODE], [SORTORDER])
VALUES 
  (514, 27, 'Outstation Expenses', 'DETAILR', 49)
GO

INSERT INTO [dbo].[MST_ACCREPORTD] ([ACCRPTDNO], [ACCRPTNO], [PRINTDESC], [RPTTYPE_CODE], [SORTORDER])
VALUES 
  (515, 27, 'Total Expenses', 'TOTAL', 50)
GO

INSERT INTO [dbo].[MST_ACCREPORTD] ([ACCRPTDNO], [ACCRPTNO], [PRINTDESC], [RPTTYPE_CODE], [SORTORDER])
VALUES 
  (516, 27, '', 'HEADING', 51)
GO

INSERT INTO [dbo].[MST_ACCREPORTD] ([ACCRPTDNO], [ACCRPTNO], [PRINTDESC], [RPTTYPE_CODE], [SORTORDER])
VALUES 
  (517, 27, 'Net Profit / (Loss)', 'TOTALR', 52)
GO

--
-- 324 record(s) inserted to [dbo].[MST_ACCREPORTD]
--



--
-- Data for table MST_ACCREPORTDD  (LIMIT 0,1000)
--

INSERT INTO [dbo].[MST_ACCREPORTDD] ([ACCRPTDDNO], [ACCRPTDNO], [FRACC], [TOACC])
VALUES 
  (3, 1, '11100', '11100')
GO

INSERT INTO [dbo].[MST_ACCREPORTDD] ([ACCRPTDDNO], [ACCRPTDNO], [FRACC], [TOACC])
VALUES 
  (4, 3, '21100', '21100')
GO

INSERT INTO [dbo].[MST_ACCREPORTDD] ([ACCRPTDDNO], [ACCRPTDNO], [FRACC], [TOACC])
VALUES 
  (5, 5, '21110', '21110')
GO

INSERT INTO [dbo].[MST_ACCREPORTDD] ([ACCRPTDDNO], [ACCRPTDNO], [FRACC], [TOACC])
VALUES 
  (6, 6, '21200', '21200')
GO

INSERT INTO [dbo].[MST_ACCREPORTDD] ([ACCRPTDDNO], [ACCRPTDNO], [FRACC], [TOACC])
VALUES 
  (10, 8, '21210', '21210')
GO

INSERT INTO [dbo].[MST_ACCREPORTDD] ([ACCRPTDDNO], [ACCRPTDNO], [FRACC], [TOACC])
VALUES 
  (11, 9, '21300', '21300')
GO

INSERT INTO [dbo].[MST_ACCREPORTDD] ([ACCRPTDDNO], [ACCRPTDNO], [FRACC], [TOACC])
VALUES 
  (12, 10, '21400', '21400')
GO

INSERT INTO [dbo].[MST_ACCREPORTDD] ([ACCRPTDDNO], [ACCRPTDNO], [FRACC], [TOACC])
VALUES 
  (15, 12, '21400', '21400')
GO

INSERT INTO [dbo].[MST_ACCREPORTDD] ([ACCRPTDDNO], [ACCRPTDNO], [FRACC], [TOACC])
VALUES 
  (16, 13, '21410', '21410')
GO

INSERT INTO [dbo].[MST_ACCREPORTDD] ([ACCRPTDDNO], [ACCRPTDNO], [FRACC], [TOACC])
VALUES 
  (17, 14, '21500', '21500')
GO

INSERT INTO [dbo].[MST_ACCREPORTDD] ([ACCRPTDDNO], [ACCRPTDNO], [FRACC], [TOACC])
VALUES 
  (18, 15, '21510', '21510')
GO

INSERT INTO [dbo].[MST_ACCREPORTDD] ([ACCRPTDDNO], [ACCRPTDNO], [FRACC], [TOACC])
VALUES 
  (21, 16, '21600', '21600')
GO

INSERT INTO [dbo].[MST_ACCREPORTDD] ([ACCRPTDDNO], [ACCRPTDNO], [FRACC], [TOACC])
VALUES 
  (22, 17, '21610', '21610')
GO

INSERT INTO [dbo].[MST_ACCREPORTDD] ([ACCRPTDDNO], [ACCRPTDNO], [FRACC], [TOACC])
VALUES 
  (23, 18, '21700', '21700')
GO

INSERT INTO [dbo].[MST_ACCREPORTDD] ([ACCRPTDDNO], [ACCRPTDNO], [FRACC], [TOACC])
VALUES 
  (24, 19, '21710', '21710')
GO

INSERT INTO [dbo].[MST_ACCREPORTDD] ([ACCRPTDDNO], [ACCRPTDNO], [FRACC], [TOACC])
VALUES 
  (25, 23, '11100', '11100')
GO

INSERT INTO [dbo].[MST_ACCREPORTDD] ([ACCRPTDDNO], [ACCRPTDNO], [FRACC], [TOACC])
VALUES 
  (26, 26, '11200', '11200')
GO

INSERT INTO [dbo].[MST_ACCREPORTDD] ([ACCRPTDDNO], [ACCRPTDNO], [FRACC], [TOACC])
VALUES 
  (27, 27, '11310', '11320')
GO

INSERT INTO [dbo].[MST_ACCREPORTDD] ([ACCRPTDDNO], [ACCRPTDNO], [FRACC], [TOACC])
VALUES 
  (30, 29, '12100', '12100')
GO

INSERT INTO [dbo].[MST_ACCREPORTDD] ([ACCRPTDDNO], [ACCRPTDNO], [FRACC], [TOACC])
VALUES 
  (31, 30, '13100', '13100')
GO

INSERT INTO [dbo].[MST_ACCREPORTDD] ([ACCRPTDDNO], [ACCRPTDNO], [FRACC], [TOACC])
VALUES 
  (32, 34, '31100', '31100')
GO

INSERT INTO [dbo].[MST_ACCREPORTDD] ([ACCRPTDDNO], [ACCRPTDNO], [FRACC], [TOACC])
VALUES 
  (33, 35, '31200', '31200')
GO

INSERT INTO [dbo].[MST_ACCREPORTDD] ([ACCRPTDDNO], [ACCRPTDNO], [FRACC], [TOACC])
VALUES 
  (34, 36, '32000', '32000')
GO

INSERT INTO [dbo].[MST_ACCREPORTDD] ([ACCRPTDDNO], [ACCRPTDNO], [FRACC], [TOACC])
VALUES 
  (36, 41, '41100', '41100')
GO

INSERT INTO [dbo].[MST_ACCREPORTDD] ([ACCRPTDDNO], [ACCRPTDNO], [FRACC], [TOACC])
VALUES 
  (37, 42, '41200', '41200')
GO

INSERT INTO [dbo].[MST_ACCREPORTDD] ([ACCRPTDDNO], [ACCRPTDNO], [FRACC], [TOACC])
VALUES 
  (45, 44, '41300', '41300')
GO

INSERT INTO [dbo].[MST_ACCREPORTDD] ([ACCRPTDDNO], [ACCRPTDNO], [FRACC], [TOACC])
VALUES 
  (46, 47, '70300', '73300')
GO

INSERT INTO [dbo].[MST_ACCREPORTDD] ([ACCRPTDDNO], [ACCRPTDNO], [FRACC], [TOACC])
VALUES 
  (47, 47, '51100', '52200')
GO

INSERT INTO [dbo].[MST_ACCREPORTDD] ([ACCRPTDDNO], [ACCRPTDNO], [FRACC], [TOACC])
VALUES 
  (48, 47, '61100', '61400')
GO

INSERT INTO [dbo].[MST_ACCREPORTDD] ([ACCRPTDDNO], [ACCRPTDNO], [FRACC], [TOACC])
VALUES 
  (49, 47, '13100', '13300')
GO

INSERT INTO [dbo].[MST_ACCREPORTDD] ([ACCRPTDDNO], [ACCRPTDNO], [FRACC], [TOACC])
VALUES 
  (132, 151, '51100', '51100')
GO

INSERT INTO [dbo].[MST_ACCREPORTDD] ([ACCRPTDDNO], [ACCRPTDNO], [FRACC], [TOACC])
VALUES 
  (133, 152, '51200', '51200')
GO

INSERT INTO [dbo].[MST_ACCREPORTDD] ([ACCRPTDDNO], [ACCRPTDNO], [FRACC], [TOACC])
VALUES 
  (134, 153, '52100', '52100')
GO

INSERT INTO [dbo].[MST_ACCREPORTDD] ([ACCRPTDDNO], [ACCRPTDNO], [FRACC], [TOACC])
VALUES 
  (135, 154, '52200', '52200')
GO

INSERT INTO [dbo].[MST_ACCREPORTDD] ([ACCRPTDDNO], [ACCRPTDNO], [FRACC], [TOACC])
VALUES 
  (143, 159, '61100', '61100')
GO

INSERT INTO [dbo].[MST_ACCREPORTDD] ([ACCRPTDDNO], [ACCRPTDNO], [FRACC], [TOACC])
VALUES 
  (144, 160, '61200', '61200')
GO

INSERT INTO [dbo].[MST_ACCREPORTDD] ([ACCRPTDDNO], [ACCRPTDNO], [FRACC], [TOACC])
VALUES 
  (145, 161, '61300', '61300')
GO

INSERT INTO [dbo].[MST_ACCREPORTDD] ([ACCRPTDDNO], [ACCRPTDNO], [FRACC], [TOACC])
VALUES 
  (146, 162, '61400', '61400')
GO

INSERT INTO [dbo].[MST_ACCREPORTDD] ([ACCRPTDDNO], [ACCRPTDNO], [FRACC], [TOACC])
VALUES 
  (147, 163, '62000', '62000')
GO

INSERT INTO [dbo].[MST_ACCREPORTDD] ([ACCRPTDDNO], [ACCRPTDNO], [FRACC], [TOACC])
VALUES 
  (148, 164, '63000', '63000')
GO

INSERT INTO [dbo].[MST_ACCREPORTDD] ([ACCRPTDDNO], [ACCRPTDNO], [FRACC], [TOACC])
VALUES 
  (149, 165, '64000', '64000')
GO

INSERT INTO [dbo].[MST_ACCREPORTDD] ([ACCRPTDDNO], [ACCRPTDNO], [FRACC], [TOACC])
VALUES 
  (150, 166, '13100', '13100')
GO

INSERT INTO [dbo].[MST_ACCREPORTDD] ([ACCRPTDDNO], [ACCRPTDNO], [FRACC], [TOACC])
VALUES 
  (151, 171, '70300', '70300')
GO

INSERT INTO [dbo].[MST_ACCREPORTDD] ([ACCRPTDDNO], [ACCRPTDNO], [FRACC], [TOACC])
VALUES 
  (152, 172, '70400', '70400')
GO

INSERT INTO [dbo].[MST_ACCREPORTDD] ([ACCRPTDDNO], [ACCRPTDNO], [FRACC], [TOACC])
VALUES 
  (153, 173, '70500', '70500')
GO

INSERT INTO [dbo].[MST_ACCREPORTDD] ([ACCRPTDDNO], [ACCRPTDNO], [FRACC], [TOACC])
VALUES 
  (154, 174, '70600', '70600')
GO

INSERT INTO [dbo].[MST_ACCREPORTDD] ([ACCRPTDDNO], [ACCRPTDNO], [FRACC], [TOACC])
VALUES 
  (155, 175, '70800', '70800')
GO

INSERT INTO [dbo].[MST_ACCREPORTDD] ([ACCRPTDDNO], [ACCRPTDNO], [FRACC], [TOACC])
VALUES 
  (156, 176, '70900', '70900')
GO

INSERT INTO [dbo].[MST_ACCREPORTDD] ([ACCRPTDDNO], [ACCRPTDNO], [FRACC], [TOACC])
VALUES 
  (157, 177, '71000', '71000')
GO

INSERT INTO [dbo].[MST_ACCREPORTDD] ([ACCRPTDDNO], [ACCRPTDNO], [FRACC], [TOACC])
VALUES 
  (158, 178, '71100', '71100')
GO

INSERT INTO [dbo].[MST_ACCREPORTDD] ([ACCRPTDDNO], [ACCRPTDNO], [FRACC], [TOACC])
VALUES 
  (159, 179, '71200', '71200')
GO

INSERT INTO [dbo].[MST_ACCREPORTDD] ([ACCRPTDDNO], [ACCRPTDNO], [FRACC], [TOACC])
VALUES 
  (160, 180, '71300', '71300')
GO

INSERT INTO [dbo].[MST_ACCREPORTDD] ([ACCRPTDDNO], [ACCRPTDNO], [FRACC], [TOACC])
VALUES 
  (161, 181, '71400', '71400')
GO

INSERT INTO [dbo].[MST_ACCREPORTDD] ([ACCRPTDDNO], [ACCRPTDNO], [FRACC], [TOACC])
VALUES 
  (162, 182, '71500', '71500')
GO

INSERT INTO [dbo].[MST_ACCREPORTDD] ([ACCRPTDDNO], [ACCRPTDNO], [FRACC], [TOACC])
VALUES 
  (163, 183, '71600', '71600')
GO

INSERT INTO [dbo].[MST_ACCREPORTDD] ([ACCRPTDDNO], [ACCRPTDNO], [FRACC], [TOACC])
VALUES 
  (164, 185, '72000', '72000')
GO

INSERT INTO [dbo].[MST_ACCREPORTDD] ([ACCRPTDDNO], [ACCRPTDNO], [FRACC], [TOACC])
VALUES 
  (165, 186, '72100', '72100')
GO

INSERT INTO [dbo].[MST_ACCREPORTDD] ([ACCRPTDDNO], [ACCRPTDNO], [FRACC], [TOACC])
VALUES 
  (166, 187, '72200', '72200')
GO

INSERT INTO [dbo].[MST_ACCREPORTDD] ([ACCRPTDDNO], [ACCRPTDNO], [FRACC], [TOACC])
VALUES 
  (167, 188, '72300', '72300')
GO

INSERT INTO [dbo].[MST_ACCREPORTDD] ([ACCRPTDDNO], [ACCRPTDNO], [FRACC], [TOACC])
VALUES 
  (168, 189, '72400', '72400')
GO

INSERT INTO [dbo].[MST_ACCREPORTDD] ([ACCRPTDDNO], [ACCRPTDNO], [FRACC], [TOACC])
VALUES 
  (169, 190, '72500', '72500')
GO

INSERT INTO [dbo].[MST_ACCREPORTDD] ([ACCRPTDDNO], [ACCRPTDNO], [FRACC], [TOACC])
VALUES 
  (170, 191, '72600', '72600')
GO

INSERT INTO [dbo].[MST_ACCREPORTDD] ([ACCRPTDDNO], [ACCRPTDNO], [FRACC], [TOACC])
VALUES 
  (171, 192, '72700', '72700')
GO

INSERT INTO [dbo].[MST_ACCREPORTDD] ([ACCRPTDDNO], [ACCRPTDNO], [FRACC], [TOACC])
VALUES 
  (172, 193, '72800', '72800')
GO

INSERT INTO [dbo].[MST_ACCREPORTDD] ([ACCRPTDDNO], [ACCRPTDNO], [FRACC], [TOACC])
VALUES 
  (173, 194, '72900', '72900')
GO

INSERT INTO [dbo].[MST_ACCREPORTDD] ([ACCRPTDDNO], [ACCRPTDNO], [FRACC], [TOACC])
VALUES 
  (174, 195, '73000', '73000')
GO

INSERT INTO [dbo].[MST_ACCREPORTDD] ([ACCRPTDDNO], [ACCRPTDNO], [FRACC], [TOACC])
VALUES 
  (175, 196, '73100', '73100')
GO

INSERT INTO [dbo].[MST_ACCREPORTDD] ([ACCRPTDDNO], [ACCRPTDNO], [FRACC], [TOACC])
VALUES 
  (176, 197, '73200', '73200')
GO

INSERT INTO [dbo].[MST_ACCREPORTDD] ([ACCRPTDDNO], [ACCRPTDNO], [FRACC], [TOACC])
VALUES 
  (177, 198, '73300', '73300')
GO

INSERT INTO [dbo].[MST_ACCREPORTDD] ([ACCRPTDDNO], [ACCRPTDNO], [FRACC], [TOACC])
VALUES 
  (241, 32, '14100', '14120')
GO

INSERT INTO [dbo].[MST_ACCREPORTDD] ([ACCRPTDDNO], [ACCRPTDNO], [FRACC], [TOACC])
VALUES 
  (242, 283, '11100', '11100')
GO

INSERT INTO [dbo].[MST_ACCREPORTDD] ([ACCRPTDDNO], [ACCRPTDNO], [FRACC], [TOACC])
VALUES 
  (243, 284, '21100', '21100')
GO

INSERT INTO [dbo].[MST_ACCREPORTDD] ([ACCRPTDDNO], [ACCRPTDNO], [FRACC], [TOACC])
VALUES 
  (244, 285, '21110', '21110')
GO

INSERT INTO [dbo].[MST_ACCREPORTDD] ([ACCRPTDDNO], [ACCRPTDNO], [FRACC], [TOACC])
VALUES 
  (245, 286, '21200', '21200')
GO

INSERT INTO [dbo].[MST_ACCREPORTDD] ([ACCRPTDDNO], [ACCRPTDNO], [FRACC], [TOACC])
VALUES 
  (246, 287, '21210', '21210')
GO

INSERT INTO [dbo].[MST_ACCREPORTDD] ([ACCRPTDDNO], [ACCRPTDNO], [FRACC], [TOACC])
VALUES 
  (247, 288, '21300', '21300')
GO

INSERT INTO [dbo].[MST_ACCREPORTDD] ([ACCRPTDDNO], [ACCRPTDNO], [FRACC], [TOACC])
VALUES 
  (248, 289, '21400', '21400')
GO

INSERT INTO [dbo].[MST_ACCREPORTDD] ([ACCRPTDDNO], [ACCRPTDNO], [FRACC], [TOACC])
VALUES 
  (249, 290, '21400', '21400')
GO

INSERT INTO [dbo].[MST_ACCREPORTDD] ([ACCRPTDDNO], [ACCRPTDNO], [FRACC], [TOACC])
VALUES 
  (250, 291, '21410', '21410')
GO

INSERT INTO [dbo].[MST_ACCREPORTDD] ([ACCRPTDDNO], [ACCRPTDNO], [FRACC], [TOACC])
VALUES 
  (251, 292, '21500', '21500')
GO

INSERT INTO [dbo].[MST_ACCREPORTDD] ([ACCRPTDDNO], [ACCRPTDNO], [FRACC], [TOACC])
VALUES 
  (252, 293, '21510', '21510')
GO

INSERT INTO [dbo].[MST_ACCREPORTDD] ([ACCRPTDDNO], [ACCRPTDNO], [FRACC], [TOACC])
VALUES 
  (253, 294, '21600', '21600')
GO

INSERT INTO [dbo].[MST_ACCREPORTDD] ([ACCRPTDDNO], [ACCRPTDNO], [FRACC], [TOACC])
VALUES 
  (254, 295, '21610', '21610')
GO

INSERT INTO [dbo].[MST_ACCREPORTDD] ([ACCRPTDDNO], [ACCRPTDNO], [FRACC], [TOACC])
VALUES 
  (255, 296, '21700', '21700')
GO

INSERT INTO [dbo].[MST_ACCREPORTDD] ([ACCRPTDDNO], [ACCRPTDNO], [FRACC], [TOACC])
VALUES 
  (256, 297, '21710', '21710')
GO

INSERT INTO [dbo].[MST_ACCREPORTDD] ([ACCRPTDDNO], [ACCRPTDNO], [FRACC], [TOACC])
VALUES 
  (257, 301, '11100', '11100')
GO

INSERT INTO [dbo].[MST_ACCREPORTDD] ([ACCRPTDDNO], [ACCRPTDNO], [FRACC], [TOACC])
VALUES 
  (258, 302, '11200', '11200')
GO

INSERT INTO [dbo].[MST_ACCREPORTDD] ([ACCRPTDDNO], [ACCRPTDNO], [FRACC], [TOACC])
VALUES 
  (259, 303, '11310', '11320')
GO

INSERT INTO [dbo].[MST_ACCREPORTDD] ([ACCRPTDDNO], [ACCRPTDNO], [FRACC], [TOACC])
VALUES 
  (260, 304, '12100', '12100')
GO

INSERT INTO [dbo].[MST_ACCREPORTDD] ([ACCRPTDDNO], [ACCRPTDNO], [FRACC], [TOACC])
VALUES 
  (261, 305, '13100', '13100')
GO

INSERT INTO [dbo].[MST_ACCREPORTDD] ([ACCRPTDDNO], [ACCRPTDNO], [FRACC], [TOACC])
VALUES 
  (262, 306, '14100', '14120')
GO

INSERT INTO [dbo].[MST_ACCREPORTDD] ([ACCRPTDDNO], [ACCRPTDNO], [FRACC], [TOACC])
VALUES 
  (263, 310, '31100', '31100')
GO

INSERT INTO [dbo].[MST_ACCREPORTDD] ([ACCRPTDDNO], [ACCRPTDNO], [FRACC], [TOACC])
VALUES 
  (264, 311, '31200', '31200')
GO

INSERT INTO [dbo].[MST_ACCREPORTDD] ([ACCRPTDDNO], [ACCRPTDNO], [FRACC], [TOACC])
VALUES 
  (265, 312, '32000', '32000')
GO

INSERT INTO [dbo].[MST_ACCREPORTDD] ([ACCRPTDDNO], [ACCRPTDNO], [FRACC], [TOACC])
VALUES 
  (266, 318, '41100', '41100')
GO

INSERT INTO [dbo].[MST_ACCREPORTDD] ([ACCRPTDDNO], [ACCRPTDNO], [FRACC], [TOACC])
VALUES 
  (267, 319, '41200', '41200')
GO

INSERT INTO [dbo].[MST_ACCREPORTDD] ([ACCRPTDDNO], [ACCRPTDNO], [FRACC], [TOACC])
VALUES 
  (268, 320, '41300', '41300')
GO

INSERT INTO [dbo].[MST_ACCREPORTDD] ([ACCRPTDDNO], [ACCRPTDNO], [FRACC], [TOACC])
VALUES 
  (269, 321, '70300', '73300')
GO

INSERT INTO [dbo].[MST_ACCREPORTDD] ([ACCRPTDDNO], [ACCRPTDNO], [FRACC], [TOACC])
VALUES 
  (270, 321, '51100', '52200')
GO

INSERT INTO [dbo].[MST_ACCREPORTDD] ([ACCRPTDDNO], [ACCRPTDNO], [FRACC], [TOACC])
VALUES 
  (271, 321, '61100', '61400')
GO

INSERT INTO [dbo].[MST_ACCREPORTDD] ([ACCRPTDDNO], [ACCRPTDNO], [FRACC], [TOACC])
VALUES 
  (272, 321, '13100', '13300')
GO

INSERT INTO [dbo].[MST_ACCREPORTDD] ([ACCRPTDDNO], [ACCRPTDNO], [FRACC], [TOACC])
VALUES 
  (273, 323, '11100', '11100')
GO

INSERT INTO [dbo].[MST_ACCREPORTDD] ([ACCRPTDDNO], [ACCRPTDNO], [FRACC], [TOACC])
VALUES 
  (274, 324, '21100', '21100')
GO

INSERT INTO [dbo].[MST_ACCREPORTDD] ([ACCRPTDDNO], [ACCRPTDNO], [FRACC], [TOACC])
VALUES 
  (275, 325, '21110', '21110')
GO

INSERT INTO [dbo].[MST_ACCREPORTDD] ([ACCRPTDDNO], [ACCRPTDNO], [FRACC], [TOACC])
VALUES 
  (276, 326, '21200', '21200')
GO

INSERT INTO [dbo].[MST_ACCREPORTDD] ([ACCRPTDDNO], [ACCRPTDNO], [FRACC], [TOACC])
VALUES 
  (277, 327, '21210', '21210')
GO

INSERT INTO [dbo].[MST_ACCREPORTDD] ([ACCRPTDDNO], [ACCRPTDNO], [FRACC], [TOACC])
VALUES 
  (278, 328, '21300', '21300')
GO

INSERT INTO [dbo].[MST_ACCREPORTDD] ([ACCRPTDDNO], [ACCRPTDNO], [FRACC], [TOACC])
VALUES 
  (279, 329, '21400', '21400')
GO

INSERT INTO [dbo].[MST_ACCREPORTDD] ([ACCRPTDDNO], [ACCRPTDNO], [FRACC], [TOACC])
VALUES 
  (280, 330, '21400', '21400')
GO

INSERT INTO [dbo].[MST_ACCREPORTDD] ([ACCRPTDDNO], [ACCRPTDNO], [FRACC], [TOACC])
VALUES 
  (281, 331, '21410', '21410')
GO

INSERT INTO [dbo].[MST_ACCREPORTDD] ([ACCRPTDDNO], [ACCRPTDNO], [FRACC], [TOACC])
VALUES 
  (282, 332, '21500', '21500')
GO

INSERT INTO [dbo].[MST_ACCREPORTDD] ([ACCRPTDDNO], [ACCRPTDNO], [FRACC], [TOACC])
VALUES 
  (283, 333, '21510', '21510')
GO

INSERT INTO [dbo].[MST_ACCREPORTDD] ([ACCRPTDDNO], [ACCRPTDNO], [FRACC], [TOACC])
VALUES 
  (284, 334, '21600', '21600')
GO

INSERT INTO [dbo].[MST_ACCREPORTDD] ([ACCRPTDDNO], [ACCRPTDNO], [FRACC], [TOACC])
VALUES 
  (285, 335, '21610', '21610')
GO

INSERT INTO [dbo].[MST_ACCREPORTDD] ([ACCRPTDDNO], [ACCRPTDNO], [FRACC], [TOACC])
VALUES 
  (286, 336, '21700', '21700')
GO

INSERT INTO [dbo].[MST_ACCREPORTDD] ([ACCRPTDDNO], [ACCRPTDNO], [FRACC], [TOACC])
VALUES 
  (287, 337, '21710', '21710')
GO

INSERT INTO [dbo].[MST_ACCREPORTDD] ([ACCRPTDDNO], [ACCRPTDNO], [FRACC], [TOACC])
VALUES 
  (288, 341, '11100', '11100')
GO

INSERT INTO [dbo].[MST_ACCREPORTDD] ([ACCRPTDDNO], [ACCRPTDNO], [FRACC], [TOACC])
VALUES 
  (289, 342, '11200', '11200')
GO

INSERT INTO [dbo].[MST_ACCREPORTDD] ([ACCRPTDDNO], [ACCRPTDNO], [FRACC], [TOACC])
VALUES 
  (290, 343, '11310', '11320')
GO

INSERT INTO [dbo].[MST_ACCREPORTDD] ([ACCRPTDDNO], [ACCRPTDNO], [FRACC], [TOACC])
VALUES 
  (291, 344, '12100', '12100')
GO

INSERT INTO [dbo].[MST_ACCREPORTDD] ([ACCRPTDDNO], [ACCRPTDNO], [FRACC], [TOACC])
VALUES 
  (292, 345, '13100', '13100')
GO

INSERT INTO [dbo].[MST_ACCREPORTDD] ([ACCRPTDDNO], [ACCRPTDNO], [FRACC], [TOACC])
VALUES 
  (293, 346, '14100', '14120')
GO

INSERT INTO [dbo].[MST_ACCREPORTDD] ([ACCRPTDDNO], [ACCRPTDNO], [FRACC], [TOACC])
VALUES 
  (294, 350, '31100', '31100')
GO

INSERT INTO [dbo].[MST_ACCREPORTDD] ([ACCRPTDDNO], [ACCRPTDNO], [FRACC], [TOACC])
VALUES 
  (295, 351, '31200', '31200')
GO

INSERT INTO [dbo].[MST_ACCREPORTDD] ([ACCRPTDDNO], [ACCRPTDNO], [FRACC], [TOACC])
VALUES 
  (296, 352, '32000', '32000')
GO

INSERT INTO [dbo].[MST_ACCREPORTDD] ([ACCRPTDDNO], [ACCRPTDNO], [FRACC], [TOACC])
VALUES 
  (297, 358, '41100', '41100')
GO

INSERT INTO [dbo].[MST_ACCREPORTDD] ([ACCRPTDDNO], [ACCRPTDNO], [FRACC], [TOACC])
VALUES 
  (298, 359, '41200', '41200')
GO

INSERT INTO [dbo].[MST_ACCREPORTDD] ([ACCRPTDDNO], [ACCRPTDNO], [FRACC], [TOACC])
VALUES 
  (299, 360, '41300', '41300')
GO

INSERT INTO [dbo].[MST_ACCREPORTDD] ([ACCRPTDDNO], [ACCRPTDNO], [FRACC], [TOACC])
VALUES 
  (300, 361, '70300', '73300')
GO

INSERT INTO [dbo].[MST_ACCREPORTDD] ([ACCRPTDDNO], [ACCRPTDNO], [FRACC], [TOACC])
VALUES 
  (301, 361, '51100', '52200')
GO

INSERT INTO [dbo].[MST_ACCREPORTDD] ([ACCRPTDDNO], [ACCRPTDNO], [FRACC], [TOACC])
VALUES 
  (302, 361, '61100', '61400')
GO

INSERT INTO [dbo].[MST_ACCREPORTDD] ([ACCRPTDDNO], [ACCRPTDNO], [FRACC], [TOACC])
VALUES 
  (303, 361, '13100', '13300')
GO

INSERT INTO [dbo].[MST_ACCREPORTDD] ([ACCRPTDDNO], [ACCRPTDNO], [FRACC], [TOACC])
VALUES 
  (308, 168, '13100', '13100')
GO

INSERT INTO [dbo].[MST_ACCREPORTDD] ([ACCRPTDDNO], [ACCRPTDNO], [FRACC], [TOACC])
VALUES 
  (309, 366, '51100', '51100')
GO

INSERT INTO [dbo].[MST_ACCREPORTDD] ([ACCRPTDDNO], [ACCRPTDNO], [FRACC], [TOACC])
VALUES 
  (310, 367, '51200', '51200')
GO

INSERT INTO [dbo].[MST_ACCREPORTDD] ([ACCRPTDDNO], [ACCRPTDNO], [FRACC], [TOACC])
VALUES 
  (311, 368, '52100', '52100')
GO

INSERT INTO [dbo].[MST_ACCREPORTDD] ([ACCRPTDDNO], [ACCRPTDNO], [FRACC], [TOACC])
VALUES 
  (312, 369, '52200', '52200')
GO

INSERT INTO [dbo].[MST_ACCREPORTDD] ([ACCRPTDDNO], [ACCRPTDNO], [FRACC], [TOACC])
VALUES 
  (313, 373, '61100', '61100')
GO

INSERT INTO [dbo].[MST_ACCREPORTDD] ([ACCRPTDDNO], [ACCRPTDNO], [FRACC], [TOACC])
VALUES 
  (314, 374, '61200', '61200')
GO

INSERT INTO [dbo].[MST_ACCREPORTDD] ([ACCRPTDDNO], [ACCRPTDNO], [FRACC], [TOACC])
VALUES 
  (315, 375, '61300', '61300')
GO

INSERT INTO [dbo].[MST_ACCREPORTDD] ([ACCRPTDDNO], [ACCRPTDNO], [FRACC], [TOACC])
VALUES 
  (316, 376, '61400', '61400')
GO

INSERT INTO [dbo].[MST_ACCREPORTDD] ([ACCRPTDDNO], [ACCRPTDNO], [FRACC], [TOACC])
VALUES 
  (317, 377, '62000', '62000')
GO

INSERT INTO [dbo].[MST_ACCREPORTDD] ([ACCRPTDDNO], [ACCRPTDNO], [FRACC], [TOACC])
VALUES 
  (318, 378, '63000', '63000')
GO

INSERT INTO [dbo].[MST_ACCREPORTDD] ([ACCRPTDDNO], [ACCRPTDNO], [FRACC], [TOACC])
VALUES 
  (319, 379, '64000', '64000')
GO

INSERT INTO [dbo].[MST_ACCREPORTDD] ([ACCRPTDDNO], [ACCRPTDNO], [FRACC], [TOACC])
VALUES 
  (320, 380, '13100', '13100')
GO

INSERT INTO [dbo].[MST_ACCREPORTDD] ([ACCRPTDDNO], [ACCRPTDNO], [FRACC], [TOACC])
VALUES 
  (321, 383, '13100', '13100')
GO

INSERT INTO [dbo].[MST_ACCREPORTDD] ([ACCRPTDDNO], [ACCRPTDNO], [FRACC], [TOACC])
VALUES 
  (322, 386, '70300', '70300')
GO

INSERT INTO [dbo].[MST_ACCREPORTDD] ([ACCRPTDDNO], [ACCRPTDNO], [FRACC], [TOACC])
VALUES 
  (323, 387, '70400', '70400')
GO

INSERT INTO [dbo].[MST_ACCREPORTDD] ([ACCRPTDDNO], [ACCRPTDNO], [FRACC], [TOACC])
VALUES 
  (324, 388, '70500', '70500')
GO

INSERT INTO [dbo].[MST_ACCREPORTDD] ([ACCRPTDDNO], [ACCRPTDNO], [FRACC], [TOACC])
VALUES 
  (325, 389, '70600', '70600')
GO

INSERT INTO [dbo].[MST_ACCREPORTDD] ([ACCRPTDDNO], [ACCRPTDNO], [FRACC], [TOACC])
VALUES 
  (326, 390, '70800', '70800')
GO

INSERT INTO [dbo].[MST_ACCREPORTDD] ([ACCRPTDDNO], [ACCRPTDNO], [FRACC], [TOACC])
VALUES 
  (327, 391, '70900', '70900')
GO

INSERT INTO [dbo].[MST_ACCREPORTDD] ([ACCRPTDDNO], [ACCRPTDNO], [FRACC], [TOACC])
VALUES 
  (328, 392, '71000', '71000')
GO

INSERT INTO [dbo].[MST_ACCREPORTDD] ([ACCRPTDDNO], [ACCRPTDNO], [FRACC], [TOACC])
VALUES 
  (329, 393, '71100', '71100')
GO

INSERT INTO [dbo].[MST_ACCREPORTDD] ([ACCRPTDDNO], [ACCRPTDNO], [FRACC], [TOACC])
VALUES 
  (330, 394, '71200', '71200')
GO

INSERT INTO [dbo].[MST_ACCREPORTDD] ([ACCRPTDDNO], [ACCRPTDNO], [FRACC], [TOACC])
VALUES 
  (331, 395, '71300', '71300')
GO

INSERT INTO [dbo].[MST_ACCREPORTDD] ([ACCRPTDDNO], [ACCRPTDNO], [FRACC], [TOACC])
VALUES 
  (332, 396, '71400', '71400')
GO

INSERT INTO [dbo].[MST_ACCREPORTDD] ([ACCRPTDDNO], [ACCRPTDNO], [FRACC], [TOACC])
VALUES 
  (333, 397, '71500', '71500')
GO

INSERT INTO [dbo].[MST_ACCREPORTDD] ([ACCRPTDDNO], [ACCRPTDNO], [FRACC], [TOACC])
VALUES 
  (334, 398, '71600', '71600')
GO

INSERT INTO [dbo].[MST_ACCREPORTDD] ([ACCRPTDDNO], [ACCRPTDNO], [FRACC], [TOACC])
VALUES 
  (335, 399, '72000', '72000')
GO

INSERT INTO [dbo].[MST_ACCREPORTDD] ([ACCRPTDDNO], [ACCRPTDNO], [FRACC], [TOACC])
VALUES 
  (336, 400, '72100', '72100')
GO

INSERT INTO [dbo].[MST_ACCREPORTDD] ([ACCRPTDDNO], [ACCRPTDNO], [FRACC], [TOACC])
VALUES 
  (337, 401, '72200', '72200')
GO

INSERT INTO [dbo].[MST_ACCREPORTDD] ([ACCRPTDDNO], [ACCRPTDNO], [FRACC], [TOACC])
VALUES 
  (338, 402, '72300', '72300')
GO

INSERT INTO [dbo].[MST_ACCREPORTDD] ([ACCRPTDDNO], [ACCRPTDNO], [FRACC], [TOACC])
VALUES 
  (339, 403, '72400', '72400')
GO

INSERT INTO [dbo].[MST_ACCREPORTDD] ([ACCRPTDDNO], [ACCRPTDNO], [FRACC], [TOACC])
VALUES 
  (340, 404, '72500', '72500')
GO

INSERT INTO [dbo].[MST_ACCREPORTDD] ([ACCRPTDDNO], [ACCRPTDNO], [FRACC], [TOACC])
VALUES 
  (341, 405, '72600', '72600')
GO

INSERT INTO [dbo].[MST_ACCREPORTDD] ([ACCRPTDDNO], [ACCRPTDNO], [FRACC], [TOACC])
VALUES 
  (342, 406, '72700', '72700')
GO

INSERT INTO [dbo].[MST_ACCREPORTDD] ([ACCRPTDDNO], [ACCRPTDNO], [FRACC], [TOACC])
VALUES 
  (343, 407, '72800', '72800')
GO

INSERT INTO [dbo].[MST_ACCREPORTDD] ([ACCRPTDDNO], [ACCRPTDNO], [FRACC], [TOACC])
VALUES 
  (344, 408, '72900', '72900')
GO

INSERT INTO [dbo].[MST_ACCREPORTDD] ([ACCRPTDDNO], [ACCRPTDNO], [FRACC], [TOACC])
VALUES 
  (345, 409, '73000', '73000')
GO

INSERT INTO [dbo].[MST_ACCREPORTDD] ([ACCRPTDDNO], [ACCRPTDNO], [FRACC], [TOACC])
VALUES 
  (346, 410, '73100', '73100')
GO

INSERT INTO [dbo].[MST_ACCREPORTDD] ([ACCRPTDDNO], [ACCRPTDNO], [FRACC], [TOACC])
VALUES 
  (347, 411, '73200', '73200')
GO

INSERT INTO [dbo].[MST_ACCREPORTDD] ([ACCRPTDDNO], [ACCRPTDNO], [FRACC], [TOACC])
VALUES 
  (348, 412, '73300', '73300')
GO

INSERT INTO [dbo].[MST_ACCREPORTDD] ([ACCRPTDDNO], [ACCRPTDNO], [FRACC], [TOACC])
VALUES 
  (349, 417, '51100', '51100')
GO

INSERT INTO [dbo].[MST_ACCREPORTDD] ([ACCRPTDDNO], [ACCRPTDNO], [FRACC], [TOACC])
VALUES 
  (350, 418, '51200', '51200')
GO

INSERT INTO [dbo].[MST_ACCREPORTDD] ([ACCRPTDDNO], [ACCRPTDNO], [FRACC], [TOACC])
VALUES 
  (351, 419, '52100', '52100')
GO

INSERT INTO [dbo].[MST_ACCREPORTDD] ([ACCRPTDDNO], [ACCRPTDNO], [FRACC], [TOACC])
VALUES 
  (352, 420, '52200', '52200')
GO

INSERT INTO [dbo].[MST_ACCREPORTDD] ([ACCRPTDDNO], [ACCRPTDNO], [FRACC], [TOACC])
VALUES 
  (353, 424, '61100', '61100')
GO

INSERT INTO [dbo].[MST_ACCREPORTDD] ([ACCRPTDDNO], [ACCRPTDNO], [FRACC], [TOACC])
VALUES 
  (354, 425, '61200', '61200')
GO

INSERT INTO [dbo].[MST_ACCREPORTDD] ([ACCRPTDDNO], [ACCRPTDNO], [FRACC], [TOACC])
VALUES 
  (355, 426, '61300', '61300')
GO

INSERT INTO [dbo].[MST_ACCREPORTDD] ([ACCRPTDDNO], [ACCRPTDNO], [FRACC], [TOACC])
VALUES 
  (356, 427, '61400', '61400')
GO

INSERT INTO [dbo].[MST_ACCREPORTDD] ([ACCRPTDDNO], [ACCRPTDNO], [FRACC], [TOACC])
VALUES 
  (357, 428, '62000', '62000')
GO

INSERT INTO [dbo].[MST_ACCREPORTDD] ([ACCRPTDDNO], [ACCRPTDNO], [FRACC], [TOACC])
VALUES 
  (358, 429, '63000', '63000')
GO

INSERT INTO [dbo].[MST_ACCREPORTDD] ([ACCRPTDDNO], [ACCRPTDNO], [FRACC], [TOACC])
VALUES 
  (359, 430, '64000', '64000')
GO

INSERT INTO [dbo].[MST_ACCREPORTDD] ([ACCRPTDDNO], [ACCRPTDNO], [FRACC], [TOACC])
VALUES 
  (360, 431, '13100', '13100')
GO

INSERT INTO [dbo].[MST_ACCREPORTDD] ([ACCRPTDDNO], [ACCRPTDNO], [FRACC], [TOACC])
VALUES 
  (361, 434, '13100', '13100')
GO

INSERT INTO [dbo].[MST_ACCREPORTDD] ([ACCRPTDDNO], [ACCRPTDNO], [FRACC], [TOACC])
VALUES 
  (362, 437, '70300', '70300')
GO

INSERT INTO [dbo].[MST_ACCREPORTDD] ([ACCRPTDDNO], [ACCRPTDNO], [FRACC], [TOACC])
VALUES 
  (363, 438, '70400', '70400')
GO

INSERT INTO [dbo].[MST_ACCREPORTDD] ([ACCRPTDDNO], [ACCRPTDNO], [FRACC], [TOACC])
VALUES 
  (364, 439, '70500', '70500')
GO

INSERT INTO [dbo].[MST_ACCREPORTDD] ([ACCRPTDDNO], [ACCRPTDNO], [FRACC], [TOACC])
VALUES 
  (365, 440, '70600', '70600')
GO

INSERT INTO [dbo].[MST_ACCREPORTDD] ([ACCRPTDDNO], [ACCRPTDNO], [FRACC], [TOACC])
VALUES 
  (366, 441, '70800', '70800')
GO

INSERT INTO [dbo].[MST_ACCREPORTDD] ([ACCRPTDDNO], [ACCRPTDNO], [FRACC], [TOACC])
VALUES 
  (367, 442, '70900', '70900')
GO

INSERT INTO [dbo].[MST_ACCREPORTDD] ([ACCRPTDDNO], [ACCRPTDNO], [FRACC], [TOACC])
VALUES 
  (368, 443, '71000', '71000')
GO

INSERT INTO [dbo].[MST_ACCREPORTDD] ([ACCRPTDDNO], [ACCRPTDNO], [FRACC], [TOACC])
VALUES 
  (369, 444, '71100', '71100')
GO

INSERT INTO [dbo].[MST_ACCREPORTDD] ([ACCRPTDDNO], [ACCRPTDNO], [FRACC], [TOACC])
VALUES 
  (370, 445, '71200', '71200')
GO

INSERT INTO [dbo].[MST_ACCREPORTDD] ([ACCRPTDDNO], [ACCRPTDNO], [FRACC], [TOACC])
VALUES 
  (371, 446, '71300', '71300')
GO

INSERT INTO [dbo].[MST_ACCREPORTDD] ([ACCRPTDDNO], [ACCRPTDNO], [FRACC], [TOACC])
VALUES 
  (372, 447, '71400', '71400')
GO

INSERT INTO [dbo].[MST_ACCREPORTDD] ([ACCRPTDDNO], [ACCRPTDNO], [FRACC], [TOACC])
VALUES 
  (373, 448, '71500', '71500')
GO

INSERT INTO [dbo].[MST_ACCREPORTDD] ([ACCRPTDDNO], [ACCRPTDNO], [FRACC], [TOACC])
VALUES 
  (374, 449, '71600', '71600')
GO

INSERT INTO [dbo].[MST_ACCREPORTDD] ([ACCRPTDDNO], [ACCRPTDNO], [FRACC], [TOACC])
VALUES 
  (375, 450, '72000', '72000')
GO

INSERT INTO [dbo].[MST_ACCREPORTDD] ([ACCRPTDDNO], [ACCRPTDNO], [FRACC], [TOACC])
VALUES 
  (376, 451, '72100', '72100')
GO

INSERT INTO [dbo].[MST_ACCREPORTDD] ([ACCRPTDDNO], [ACCRPTDNO], [FRACC], [TOACC])
VALUES 
  (377, 452, '72200', '72200')
GO

INSERT INTO [dbo].[MST_ACCREPORTDD] ([ACCRPTDDNO], [ACCRPTDNO], [FRACC], [TOACC])
VALUES 
  (378, 453, '72300', '72300')
GO

INSERT INTO [dbo].[MST_ACCREPORTDD] ([ACCRPTDDNO], [ACCRPTDNO], [FRACC], [TOACC])
VALUES 
  (379, 454, '72400', '72400')
GO

INSERT INTO [dbo].[MST_ACCREPORTDD] ([ACCRPTDDNO], [ACCRPTDNO], [FRACC], [TOACC])
VALUES 
  (380, 455, '72500', '72500')
GO

INSERT INTO [dbo].[MST_ACCREPORTDD] ([ACCRPTDDNO], [ACCRPTDNO], [FRACC], [TOACC])
VALUES 
  (381, 456, '72600', '72600')
GO

INSERT INTO [dbo].[MST_ACCREPORTDD] ([ACCRPTDDNO], [ACCRPTDNO], [FRACC], [TOACC])
VALUES 
  (382, 457, '72700', '72700')
GO

INSERT INTO [dbo].[MST_ACCREPORTDD] ([ACCRPTDDNO], [ACCRPTDNO], [FRACC], [TOACC])
VALUES 
  (383, 458, '72800', '72800')
GO

INSERT INTO [dbo].[MST_ACCREPORTDD] ([ACCRPTDDNO], [ACCRPTDNO], [FRACC], [TOACC])
VALUES 
  (384, 459, '72900', '72900')
GO

INSERT INTO [dbo].[MST_ACCREPORTDD] ([ACCRPTDDNO], [ACCRPTDNO], [FRACC], [TOACC])
VALUES 
  (385, 460, '73000', '73000')
GO

INSERT INTO [dbo].[MST_ACCREPORTDD] ([ACCRPTDDNO], [ACCRPTDNO], [FRACC], [TOACC])
VALUES 
  (386, 461, '73100', '73100')
GO

INSERT INTO [dbo].[MST_ACCREPORTDD] ([ACCRPTDDNO], [ACCRPTDNO], [FRACC], [TOACC])
VALUES 
  (387, 462, '73200', '73200')
GO

INSERT INTO [dbo].[MST_ACCREPORTDD] ([ACCRPTDDNO], [ACCRPTDNO], [FRACC], [TOACC])
VALUES 
  (388, 463, '73300', '73300')
GO

INSERT INTO [dbo].[MST_ACCREPORTDD] ([ACCRPTDDNO], [ACCRPTDNO], [FRACC], [TOACC])
VALUES 
  (389, 468, '51100', '51100')
GO

INSERT INTO [dbo].[MST_ACCREPORTDD] ([ACCRPTDDNO], [ACCRPTDNO], [FRACC], [TOACC])
VALUES 
  (390, 469, '51200', '51200')
GO

INSERT INTO [dbo].[MST_ACCREPORTDD] ([ACCRPTDDNO], [ACCRPTDNO], [FRACC], [TOACC])
VALUES 
  (391, 470, '52100', '52100')
GO

INSERT INTO [dbo].[MST_ACCREPORTDD] ([ACCRPTDDNO], [ACCRPTDNO], [FRACC], [TOACC])
VALUES 
  (392, 471, '52200', '52200')
GO

INSERT INTO [dbo].[MST_ACCREPORTDD] ([ACCRPTDDNO], [ACCRPTDNO], [FRACC], [TOACC])
VALUES 
  (393, 475, '61100', '61100')
GO

INSERT INTO [dbo].[MST_ACCREPORTDD] ([ACCRPTDDNO], [ACCRPTDNO], [FRACC], [TOACC])
VALUES 
  (394, 476, '61200', '61200')
GO

INSERT INTO [dbo].[MST_ACCREPORTDD] ([ACCRPTDDNO], [ACCRPTDNO], [FRACC], [TOACC])
VALUES 
  (395, 477, '61300', '61300')
GO

INSERT INTO [dbo].[MST_ACCREPORTDD] ([ACCRPTDDNO], [ACCRPTDNO], [FRACC], [TOACC])
VALUES 
  (396, 478, '61400', '61400')
GO

INSERT INTO [dbo].[MST_ACCREPORTDD] ([ACCRPTDDNO], [ACCRPTDNO], [FRACC], [TOACC])
VALUES 
  (397, 479, '62000', '62000')
GO

INSERT INTO [dbo].[MST_ACCREPORTDD] ([ACCRPTDDNO], [ACCRPTDNO], [FRACC], [TOACC])
VALUES 
  (398, 480, '63000', '63000')
GO

INSERT INTO [dbo].[MST_ACCREPORTDD] ([ACCRPTDDNO], [ACCRPTDNO], [FRACC], [TOACC])
VALUES 
  (399, 481, '64000', '64000')
GO

INSERT INTO [dbo].[MST_ACCREPORTDD] ([ACCRPTDDNO], [ACCRPTDNO], [FRACC], [TOACC])
VALUES 
  (400, 482, '13100', '13100')
GO

INSERT INTO [dbo].[MST_ACCREPORTDD] ([ACCRPTDDNO], [ACCRPTDNO], [FRACC], [TOACC])
VALUES 
  (401, 485, '13100', '13100')
GO

INSERT INTO [dbo].[MST_ACCREPORTDD] ([ACCRPTDDNO], [ACCRPTDNO], [FRACC], [TOACC])
VALUES 
  (402, 488, '70300', '70300')
GO

INSERT INTO [dbo].[MST_ACCREPORTDD] ([ACCRPTDDNO], [ACCRPTDNO], [FRACC], [TOACC])
VALUES 
  (403, 489, '70400', '70400')
GO

INSERT INTO [dbo].[MST_ACCREPORTDD] ([ACCRPTDDNO], [ACCRPTDNO], [FRACC], [TOACC])
VALUES 
  (404, 490, '70500', '70500')
GO

INSERT INTO [dbo].[MST_ACCREPORTDD] ([ACCRPTDDNO], [ACCRPTDNO], [FRACC], [TOACC])
VALUES 
  (405, 491, '70600', '70600')
GO

INSERT INTO [dbo].[MST_ACCREPORTDD] ([ACCRPTDDNO], [ACCRPTDNO], [FRACC], [TOACC])
VALUES 
  (406, 492, '70800', '70800')
GO

INSERT INTO [dbo].[MST_ACCREPORTDD] ([ACCRPTDDNO], [ACCRPTDNO], [FRACC], [TOACC])
VALUES 
  (407, 493, '70900', '70900')
GO

INSERT INTO [dbo].[MST_ACCREPORTDD] ([ACCRPTDDNO], [ACCRPTDNO], [FRACC], [TOACC])
VALUES 
  (408, 494, '71000', '71000')
GO

INSERT INTO [dbo].[MST_ACCREPORTDD] ([ACCRPTDDNO], [ACCRPTDNO], [FRACC], [TOACC])
VALUES 
  (409, 495, '71100', '71100')
GO

INSERT INTO [dbo].[MST_ACCREPORTDD] ([ACCRPTDDNO], [ACCRPTDNO], [FRACC], [TOACC])
VALUES 
  (410, 496, '71200', '71200')
GO

INSERT INTO [dbo].[MST_ACCREPORTDD] ([ACCRPTDDNO], [ACCRPTDNO], [FRACC], [TOACC])
VALUES 
  (411, 497, '71300', '71300')
GO

INSERT INTO [dbo].[MST_ACCREPORTDD] ([ACCRPTDDNO], [ACCRPTDNO], [FRACC], [TOACC])
VALUES 
  (412, 498, '71400', '71400')
GO

INSERT INTO [dbo].[MST_ACCREPORTDD] ([ACCRPTDDNO], [ACCRPTDNO], [FRACC], [TOACC])
VALUES 
  (413, 499, '71500', '71500')
GO

INSERT INTO [dbo].[MST_ACCREPORTDD] ([ACCRPTDDNO], [ACCRPTDNO], [FRACC], [TOACC])
VALUES 
  (414, 500, '71600', '71600')
GO

INSERT INTO [dbo].[MST_ACCREPORTDD] ([ACCRPTDDNO], [ACCRPTDNO], [FRACC], [TOACC])
VALUES 
  (415, 501, '72000', '72000')
GO

INSERT INTO [dbo].[MST_ACCREPORTDD] ([ACCRPTDDNO], [ACCRPTDNO], [FRACC], [TOACC])
VALUES 
  (416, 502, '72100', '72100')
GO

INSERT INTO [dbo].[MST_ACCREPORTDD] ([ACCRPTDDNO], [ACCRPTDNO], [FRACC], [TOACC])
VALUES 
  (417, 503, '72200', '72200')
GO

INSERT INTO [dbo].[MST_ACCREPORTDD] ([ACCRPTDDNO], [ACCRPTDNO], [FRACC], [TOACC])
VALUES 
  (418, 504, '72300', '72300')
GO

INSERT INTO [dbo].[MST_ACCREPORTDD] ([ACCRPTDDNO], [ACCRPTDNO], [FRACC], [TOACC])
VALUES 
  (419, 505, '72400', '72400')
GO

INSERT INTO [dbo].[MST_ACCREPORTDD] ([ACCRPTDDNO], [ACCRPTDNO], [FRACC], [TOACC])
VALUES 
  (420, 506, '72500', '72500')
GO

INSERT INTO [dbo].[MST_ACCREPORTDD] ([ACCRPTDDNO], [ACCRPTDNO], [FRACC], [TOACC])
VALUES 
  (421, 507, '72600', '72600')
GO

INSERT INTO [dbo].[MST_ACCREPORTDD] ([ACCRPTDDNO], [ACCRPTDNO], [FRACC], [TOACC])
VALUES 
  (422, 508, '72700', '72700')
GO

INSERT INTO [dbo].[MST_ACCREPORTDD] ([ACCRPTDDNO], [ACCRPTDNO], [FRACC], [TOACC])
VALUES 
  (423, 509, '72800', '72800')
GO

INSERT INTO [dbo].[MST_ACCREPORTDD] ([ACCRPTDDNO], [ACCRPTDNO], [FRACC], [TOACC])
VALUES 
  (424, 510, '72900', '72900')
GO

INSERT INTO [dbo].[MST_ACCREPORTDD] ([ACCRPTDDNO], [ACCRPTDNO], [FRACC], [TOACC])
VALUES 
  (425, 511, '73000', '73000')
GO

INSERT INTO [dbo].[MST_ACCREPORTDD] ([ACCRPTDDNO], [ACCRPTDNO], [FRACC], [TOACC])
VALUES 
  (426, 512, '73100', '73100')
GO

INSERT INTO [dbo].[MST_ACCREPORTDD] ([ACCRPTDDNO], [ACCRPTDNO], [FRACC], [TOACC])
VALUES 
  (427, 513, '73200', '73200')
GO

INSERT INTO [dbo].[MST_ACCREPORTDD] ([ACCRPTDDNO], [ACCRPTDNO], [FRACC], [TOACC])
VALUES 
  (428, 514, '73300', '73300')
GO

--
-- 253 record(s) inserted to [dbo].[MST_ACCREPORTDD]
--



--
-- Data for table MST_ACCTOTAL  (LIMIT 0,1000)
--

INSERT INTO [dbo].[MST_ACCTOTAL] ([ACCTOTALNO], [ACCRPTDNO], [ADDTOTALNO])
VALUES 
  (2, 47, 48)
GO

INSERT INTO [dbo].[MST_ACCTOTAL] ([ACCTOTALNO], [ACCRPTDNO], [ADDTOTALNO])
VALUES 
  (3, 1, 20)
GO

INSERT INTO [dbo].[MST_ACCTOTAL] ([ACCTOTALNO], [ACCRPTDNO], [ADDTOTALNO])
VALUES 
  (19, 23, 31)
GO

INSERT INTO [dbo].[MST_ACCTOTAL] ([ACCTOTALNO], [ACCRPTDNO], [ADDTOTALNO])
VALUES 
  (20, 26, 31)
GO

INSERT INTO [dbo].[MST_ACCTOTAL] ([ACCTOTALNO], [ACCRPTDNO], [ADDTOTALNO])
VALUES 
  (21, 27, 31)
GO

INSERT INTO [dbo].[MST_ACCTOTAL] ([ACCTOTALNO], [ACCRPTDNO], [ADDTOTALNO])
VALUES 
  (22, 29, 31)
GO

INSERT INTO [dbo].[MST_ACCTOTAL] ([ACCTOTALNO], [ACCRPTDNO], [ADDTOTALNO])
VALUES 
  (24, 34, 38)
GO

INSERT INTO [dbo].[MST_ACCTOTAL] ([ACCTOTALNO], [ACCRPTDNO], [ADDTOTALNO])
VALUES 
  (25, 35, 38)
GO

INSERT INTO [dbo].[MST_ACCTOTAL] ([ACCTOTALNO], [ACCRPTDNO], [ADDTOTALNO])
VALUES 
  (27, 41, 48)
GO

INSERT INTO [dbo].[MST_ACCTOTAL] ([ACCTOTALNO], [ACCRPTDNO], [ADDTOTALNO])
VALUES 
  (30, 44, 48)
GO

INSERT INTO [dbo].[MST_ACCTOTAL] ([ACCTOTALNO], [ACCRPTDNO], [ADDTOTALNO])
VALUES 
  (31, 42, 48)
GO

INSERT INTO [dbo].[MST_ACCTOTAL] ([ACCTOTALNO], [ACCRPTDNO], [ADDTOTALNO])
VALUES 
  (32, 36, 38)
GO

INSERT INTO [dbo].[MST_ACCTOTAL] ([ACCTOTALNO], [ACCRPTDNO], [ADDTOTALNO])
VALUES 
  (33, 30, 31)
GO

INSERT INTO [dbo].[MST_ACCTOTAL] ([ACCTOTALNO], [ACCRPTDNO], [ADDTOTALNO])
VALUES 
  (34, 19, 20)
GO

INSERT INTO [dbo].[MST_ACCTOTAL] ([ACCTOTALNO], [ACCRPTDNO], [ADDTOTALNO])
VALUES 
  (35, 18, 20)
GO

INSERT INTO [dbo].[MST_ACCTOTAL] ([ACCTOTALNO], [ACCRPTDNO], [ADDTOTALNO])
VALUES 
  (36, 17, 20)
GO

INSERT INTO [dbo].[MST_ACCTOTAL] ([ACCTOTALNO], [ACCRPTDNO], [ADDTOTALNO])
VALUES 
  (37, 16, 20)
GO

INSERT INTO [dbo].[MST_ACCTOTAL] ([ACCTOTALNO], [ACCRPTDNO], [ADDTOTALNO])
VALUES 
  (38, 15, 20)
GO

INSERT INTO [dbo].[MST_ACCTOTAL] ([ACCTOTALNO], [ACCRPTDNO], [ADDTOTALNO])
VALUES 
  (39, 14, 20)
GO

INSERT INTO [dbo].[MST_ACCTOTAL] ([ACCTOTALNO], [ACCRPTDNO], [ADDTOTALNO])
VALUES 
  (40, 13, 20)
GO

INSERT INTO [dbo].[MST_ACCTOTAL] ([ACCTOTALNO], [ACCRPTDNO], [ADDTOTALNO])
VALUES 
  (41, 12, 20)
GO

INSERT INTO [dbo].[MST_ACCTOTAL] ([ACCTOTALNO], [ACCRPTDNO], [ADDTOTALNO])
VALUES 
  (42, 10, 20)
GO

INSERT INTO [dbo].[MST_ACCTOTAL] ([ACCTOTALNO], [ACCRPTDNO], [ADDTOTALNO])
VALUES 
  (43, 9, 20)
GO

INSERT INTO [dbo].[MST_ACCTOTAL] ([ACCTOTALNO], [ACCRPTDNO], [ADDTOTALNO])
VALUES 
  (44, 8, 20)
GO

INSERT INTO [dbo].[MST_ACCTOTAL] ([ACCTOTALNO], [ACCRPTDNO], [ADDTOTALNO])
VALUES 
  (45, 6, 20)
GO

INSERT INTO [dbo].[MST_ACCTOTAL] ([ACCTOTALNO], [ACCRPTDNO], [ADDTOTALNO])
VALUES 
  (46, 5, 20)
GO

INSERT INTO [dbo].[MST_ACCTOTAL] ([ACCTOTALNO], [ACCRPTDNO], [ADDTOTALNO])
VALUES 
  (47, 3, 20)
GO

INSERT INTO [dbo].[MST_ACCTOTAL] ([ACCTOTALNO], [ACCRPTDNO], [ADDTOTALNO])
VALUES 
  (132, 151, 155)
GO

INSERT INTO [dbo].[MST_ACCTOTAL] ([ACCTOTALNO], [ACCRPTDNO], [ADDTOTALNO])
VALUES 
  (133, 152, 155)
GO

INSERT INTO [dbo].[MST_ACCTOTAL] ([ACCTOTALNO], [ACCRPTDNO], [ADDTOTALNO])
VALUES 
  (134, 153, 155)
GO

INSERT INTO [dbo].[MST_ACCTOTAL] ([ACCTOTALNO], [ACCRPTDNO], [ADDTOTALNO])
VALUES 
  (135, 154, 155)
GO

INSERT INTO [dbo].[MST_ACCTOTAL] ([ACCTOTALNO], [ACCRPTDNO], [ADDTOTALNO])
VALUES 
  (137, 159, 167)
GO

INSERT INTO [dbo].[MST_ACCTOTAL] ([ACCTOTALNO], [ACCRPTDNO], [ADDTOTALNO])
VALUES 
  (138, 160, 167)
GO

INSERT INTO [dbo].[MST_ACCTOTAL] ([ACCTOTALNO], [ACCRPTDNO], [ADDTOTALNO])
VALUES 
  (139, 161, 167)
GO

INSERT INTO [dbo].[MST_ACCTOTAL] ([ACCTOTALNO], [ACCRPTDNO], [ADDTOTALNO])
VALUES 
  (140, 162, 167)
GO

INSERT INTO [dbo].[MST_ACCTOTAL] ([ACCTOTALNO], [ACCRPTDNO], [ADDTOTALNO])
VALUES 
  (141, 163, 167)
GO

INSERT INTO [dbo].[MST_ACCTOTAL] ([ACCTOTALNO], [ACCRPTDNO], [ADDTOTALNO])
VALUES 
  (142, 164, 167)
GO

INSERT INTO [dbo].[MST_ACCTOTAL] ([ACCTOTALNO], [ACCRPTDNO], [ADDTOTALNO])
VALUES 
  (143, 165, 167)
GO

INSERT INTO [dbo].[MST_ACCTOTAL] ([ACCTOTALNO], [ACCRPTDNO], [ADDTOTALNO])
VALUES 
  (144, 166, 167)
GO

INSERT INTO [dbo].[MST_ACCTOTAL] ([ACCTOTALNO], [ACCRPTDNO], [ADDTOTALNO])
VALUES 
  (145, 171, 199)
GO

INSERT INTO [dbo].[MST_ACCTOTAL] ([ACCTOTALNO], [ACCRPTDNO], [ADDTOTALNO])
VALUES 
  (146, 172, 199)
GO

INSERT INTO [dbo].[MST_ACCTOTAL] ([ACCTOTALNO], [ACCRPTDNO], [ADDTOTALNO])
VALUES 
  (147, 173, 199)
GO

INSERT INTO [dbo].[MST_ACCTOTAL] ([ACCTOTALNO], [ACCRPTDNO], [ADDTOTALNO])
VALUES 
  (148, 174, 199)
GO

INSERT INTO [dbo].[MST_ACCTOTAL] ([ACCTOTALNO], [ACCRPTDNO], [ADDTOTALNO])
VALUES 
  (149, 175, 199)
GO

INSERT INTO [dbo].[MST_ACCTOTAL] ([ACCTOTALNO], [ACCRPTDNO], [ADDTOTALNO])
VALUES 
  (150, 176, 199)
GO

INSERT INTO [dbo].[MST_ACCTOTAL] ([ACCTOTALNO], [ACCRPTDNO], [ADDTOTALNO])
VALUES 
  (151, 177, 199)
GO

INSERT INTO [dbo].[MST_ACCTOTAL] ([ACCTOTALNO], [ACCRPTDNO], [ADDTOTALNO])
VALUES 
  (152, 178, 199)
GO

INSERT INTO [dbo].[MST_ACCTOTAL] ([ACCTOTALNO], [ACCRPTDNO], [ADDTOTALNO])
VALUES 
  (153, 179, 199)
GO

INSERT INTO [dbo].[MST_ACCTOTAL] ([ACCTOTALNO], [ACCRPTDNO], [ADDTOTALNO])
VALUES 
  (154, 180, 199)
GO

INSERT INTO [dbo].[MST_ACCTOTAL] ([ACCTOTALNO], [ACCRPTDNO], [ADDTOTALNO])
VALUES 
  (155, 181, 199)
GO

INSERT INTO [dbo].[MST_ACCTOTAL] ([ACCTOTALNO], [ACCRPTDNO], [ADDTOTALNO])
VALUES 
  (156, 182, 199)
GO

INSERT INTO [dbo].[MST_ACCTOTAL] ([ACCTOTALNO], [ACCRPTDNO], [ADDTOTALNO])
VALUES 
  (157, 183, 199)
GO

INSERT INTO [dbo].[MST_ACCTOTAL] ([ACCTOTALNO], [ACCRPTDNO], [ADDTOTALNO])
VALUES 
  (158, 185, 199)
GO

INSERT INTO [dbo].[MST_ACCTOTAL] ([ACCTOTALNO], [ACCRPTDNO], [ADDTOTALNO])
VALUES 
  (159, 186, 199)
GO

INSERT INTO [dbo].[MST_ACCTOTAL] ([ACCTOTALNO], [ACCRPTDNO], [ADDTOTALNO])
VALUES 
  (160, 187, 199)
GO

INSERT INTO [dbo].[MST_ACCTOTAL] ([ACCTOTALNO], [ACCRPTDNO], [ADDTOTALNO])
VALUES 
  (161, 188, 199)
GO

INSERT INTO [dbo].[MST_ACCTOTAL] ([ACCTOTALNO], [ACCRPTDNO], [ADDTOTALNO])
VALUES 
  (162, 189, 199)
GO

INSERT INTO [dbo].[MST_ACCTOTAL] ([ACCTOTALNO], [ACCRPTDNO], [ADDTOTALNO])
VALUES 
  (163, 190, 199)
GO

INSERT INTO [dbo].[MST_ACCTOTAL] ([ACCTOTALNO], [ACCRPTDNO], [ADDTOTALNO])
VALUES 
  (164, 191, 199)
GO

INSERT INTO [dbo].[MST_ACCTOTAL] ([ACCTOTALNO], [ACCRPTDNO], [ADDTOTALNO])
VALUES 
  (166, 193, 199)
GO

INSERT INTO [dbo].[MST_ACCTOTAL] ([ACCTOTALNO], [ACCRPTDNO], [ADDTOTALNO])
VALUES 
  (167, 194, 199)
GO

INSERT INTO [dbo].[MST_ACCTOTAL] ([ACCTOTALNO], [ACCRPTDNO], [ADDTOTALNO])
VALUES 
  (168, 195, 199)
GO

INSERT INTO [dbo].[MST_ACCTOTAL] ([ACCTOTALNO], [ACCRPTDNO], [ADDTOTALNO])
VALUES 
  (169, 196, 199)
GO

INSERT INTO [dbo].[MST_ACCTOTAL] ([ACCTOTALNO], [ACCRPTDNO], [ADDTOTALNO])
VALUES 
  (170, 197, 199)
GO

INSERT INTO [dbo].[MST_ACCTOTAL] ([ACCTOTALNO], [ACCRPTDNO], [ADDTOTALNO])
VALUES 
  (171, 198, 199)
GO

INSERT INTO [dbo].[MST_ACCTOTAL] ([ACCTOTALNO], [ACCRPTDNO], [ADDTOTALNO])
VALUES 
  (229, 3, 39)
GO

INSERT INTO [dbo].[MST_ACCTOTAL] ([ACCTOTALNO], [ACCRPTDNO], [ADDTOTALNO])
VALUES 
  (230, 5, 39)
GO

INSERT INTO [dbo].[MST_ACCTOTAL] ([ACCTOTALNO], [ACCRPTDNO], [ADDTOTALNO])
VALUES 
  (231, 6, 39)
GO

INSERT INTO [dbo].[MST_ACCTOTAL] ([ACCTOTALNO], [ACCRPTDNO], [ADDTOTALNO])
VALUES 
  (232, 8, 39)
GO

INSERT INTO [dbo].[MST_ACCTOTAL] ([ACCTOTALNO], [ACCRPTDNO], [ADDTOTALNO])
VALUES 
  (233, 9, 39)
GO

INSERT INTO [dbo].[MST_ACCTOTAL] ([ACCTOTALNO], [ACCRPTDNO], [ADDTOTALNO])
VALUES 
  (234, 10, 39)
GO

INSERT INTO [dbo].[MST_ACCTOTAL] ([ACCTOTALNO], [ACCRPTDNO], [ADDTOTALNO])
VALUES 
  (235, 12, 39)
GO

INSERT INTO [dbo].[MST_ACCTOTAL] ([ACCTOTALNO], [ACCRPTDNO], [ADDTOTALNO])
VALUES 
  (236, 13, 39)
GO

INSERT INTO [dbo].[MST_ACCTOTAL] ([ACCTOTALNO], [ACCRPTDNO], [ADDTOTALNO])
VALUES 
  (237, 14, 39)
GO

INSERT INTO [dbo].[MST_ACCTOTAL] ([ACCTOTALNO], [ACCRPTDNO], [ADDTOTALNO])
VALUES 
  (238, 15, 39)
GO

INSERT INTO [dbo].[MST_ACCTOTAL] ([ACCTOTALNO], [ACCRPTDNO], [ADDTOTALNO])
VALUES 
  (239, 16, 39)
GO

INSERT INTO [dbo].[MST_ACCTOTAL] ([ACCTOTALNO], [ACCRPTDNO], [ADDTOTALNO])
VALUES 
  (240, 17, 39)
GO

INSERT INTO [dbo].[MST_ACCTOTAL] ([ACCTOTALNO], [ACCRPTDNO], [ADDTOTALNO])
VALUES 
  (241, 18, 39)
GO

INSERT INTO [dbo].[MST_ACCTOTAL] ([ACCTOTALNO], [ACCRPTDNO], [ADDTOTALNO])
VALUES 
  (242, 19, 39)
GO

INSERT INTO [dbo].[MST_ACCTOTAL] ([ACCTOTALNO], [ACCRPTDNO], [ADDTOTALNO])
VALUES 
  (243, 20, 20)
GO

INSERT INTO [dbo].[MST_ACCTOTAL] ([ACCTOTALNO], [ACCRPTDNO], [ADDTOTALNO])
VALUES 
  (244, 23, 39)
GO

INSERT INTO [dbo].[MST_ACCTOTAL] ([ACCTOTALNO], [ACCRPTDNO], [ADDTOTALNO])
VALUES 
  (245, 26, 39)
GO

INSERT INTO [dbo].[MST_ACCTOTAL] ([ACCTOTALNO], [ACCRPTDNO], [ADDTOTALNO])
VALUES 
  (246, 27, 39)
GO

INSERT INTO [dbo].[MST_ACCTOTAL] ([ACCTOTALNO], [ACCRPTDNO], [ADDTOTALNO])
VALUES 
  (247, 29, 39)
GO

INSERT INTO [dbo].[MST_ACCTOTAL] ([ACCTOTALNO], [ACCRPTDNO], [ADDTOTALNO])
VALUES 
  (248, 30, 39)
GO

INSERT INTO [dbo].[MST_ACCTOTAL] ([ACCTOTALNO], [ACCRPTDNO], [ADDTOTALNO])
VALUES 
  (249, 32, 31)
GO

INSERT INTO [dbo].[MST_ACCTOTAL] ([ACCTOTALNO], [ACCRPTDNO], [ADDTOTALNO])
VALUES 
  (252, 32, 39)
GO

INSERT INTO [dbo].[MST_ACCTOTAL] ([ACCTOTALNO], [ACCRPTDNO], [ADDTOTALNO])
VALUES 
  (253, 34, 39)
GO

INSERT INTO [dbo].[MST_ACCTOTAL] ([ACCTOTALNO], [ACCRPTDNO], [ADDTOTALNO])
VALUES 
  (259, 35, 39)
GO

INSERT INTO [dbo].[MST_ACCTOTAL] ([ACCTOTALNO], [ACCRPTDNO], [ADDTOTALNO])
VALUES 
  (260, 36, 39)
GO

INSERT INTO [dbo].[MST_ACCTOTAL] ([ACCTOTALNO], [ACCRPTDNO], [ADDTOTALNO])
VALUES 
  (261, 283, 298)
GO

INSERT INTO [dbo].[MST_ACCTOTAL] ([ACCTOTALNO], [ACCRPTDNO], [ADDTOTALNO])
VALUES 
  (262, 284, 298)
GO

INSERT INTO [dbo].[MST_ACCTOTAL] ([ACCTOTALNO], [ACCRPTDNO], [ADDTOTALNO])
VALUES 
  (263, 284, 315)
GO

INSERT INTO [dbo].[MST_ACCTOTAL] ([ACCTOTALNO], [ACCRPTDNO], [ADDTOTALNO])
VALUES 
  (264, 285, 298)
GO

INSERT INTO [dbo].[MST_ACCTOTAL] ([ACCTOTALNO], [ACCRPTDNO], [ADDTOTALNO])
VALUES 
  (265, 285, 315)
GO

INSERT INTO [dbo].[MST_ACCTOTAL] ([ACCTOTALNO], [ACCRPTDNO], [ADDTOTALNO])
VALUES 
  (266, 286, 298)
GO

INSERT INTO [dbo].[MST_ACCTOTAL] ([ACCTOTALNO], [ACCRPTDNO], [ADDTOTALNO])
VALUES 
  (267, 286, 315)
GO

INSERT INTO [dbo].[MST_ACCTOTAL] ([ACCTOTALNO], [ACCRPTDNO], [ADDTOTALNO])
VALUES 
  (268, 287, 298)
GO

INSERT INTO [dbo].[MST_ACCTOTAL] ([ACCTOTALNO], [ACCRPTDNO], [ADDTOTALNO])
VALUES 
  (269, 287, 315)
GO

INSERT INTO [dbo].[MST_ACCTOTAL] ([ACCTOTALNO], [ACCRPTDNO], [ADDTOTALNO])
VALUES 
  (270, 288, 298)
GO

INSERT INTO [dbo].[MST_ACCTOTAL] ([ACCTOTALNO], [ACCRPTDNO], [ADDTOTALNO])
VALUES 
  (271, 288, 315)
GO

INSERT INTO [dbo].[MST_ACCTOTAL] ([ACCTOTALNO], [ACCRPTDNO], [ADDTOTALNO])
VALUES 
  (272, 289, 298)
GO

INSERT INTO [dbo].[MST_ACCTOTAL] ([ACCTOTALNO], [ACCRPTDNO], [ADDTOTALNO])
VALUES 
  (273, 289, 315)
GO

INSERT INTO [dbo].[MST_ACCTOTAL] ([ACCTOTALNO], [ACCRPTDNO], [ADDTOTALNO])
VALUES 
  (274, 290, 298)
GO

INSERT INTO [dbo].[MST_ACCTOTAL] ([ACCTOTALNO], [ACCRPTDNO], [ADDTOTALNO])
VALUES 
  (275, 290, 315)
GO

INSERT INTO [dbo].[MST_ACCTOTAL] ([ACCTOTALNO], [ACCRPTDNO], [ADDTOTALNO])
VALUES 
  (276, 291, 298)
GO

INSERT INTO [dbo].[MST_ACCTOTAL] ([ACCTOTALNO], [ACCRPTDNO], [ADDTOTALNO])
VALUES 
  (277, 291, 315)
GO

INSERT INTO [dbo].[MST_ACCTOTAL] ([ACCTOTALNO], [ACCRPTDNO], [ADDTOTALNO])
VALUES 
  (278, 292, 298)
GO

INSERT INTO [dbo].[MST_ACCTOTAL] ([ACCTOTALNO], [ACCRPTDNO], [ADDTOTALNO])
VALUES 
  (279, 292, 315)
GO

INSERT INTO [dbo].[MST_ACCTOTAL] ([ACCTOTALNO], [ACCRPTDNO], [ADDTOTALNO])
VALUES 
  (280, 293, 298)
GO

INSERT INTO [dbo].[MST_ACCTOTAL] ([ACCTOTALNO], [ACCRPTDNO], [ADDTOTALNO])
VALUES 
  (281, 293, 315)
GO

INSERT INTO [dbo].[MST_ACCTOTAL] ([ACCTOTALNO], [ACCRPTDNO], [ADDTOTALNO])
VALUES 
  (282, 294, 298)
GO

INSERT INTO [dbo].[MST_ACCTOTAL] ([ACCTOTALNO], [ACCRPTDNO], [ADDTOTALNO])
VALUES 
  (283, 294, 315)
GO

INSERT INTO [dbo].[MST_ACCTOTAL] ([ACCTOTALNO], [ACCRPTDNO], [ADDTOTALNO])
VALUES 
  (284, 295, 298)
GO

INSERT INTO [dbo].[MST_ACCTOTAL] ([ACCTOTALNO], [ACCRPTDNO], [ADDTOTALNO])
VALUES 
  (285, 295, 315)
GO

INSERT INTO [dbo].[MST_ACCTOTAL] ([ACCTOTALNO], [ACCRPTDNO], [ADDTOTALNO])
VALUES 
  (286, 296, 298)
GO

INSERT INTO [dbo].[MST_ACCTOTAL] ([ACCTOTALNO], [ACCRPTDNO], [ADDTOTALNO])
VALUES 
  (287, 296, 315)
GO

INSERT INTO [dbo].[MST_ACCTOTAL] ([ACCTOTALNO], [ACCRPTDNO], [ADDTOTALNO])
VALUES 
  (288, 297, 298)
GO

INSERT INTO [dbo].[MST_ACCTOTAL] ([ACCTOTALNO], [ACCRPTDNO], [ADDTOTALNO])
VALUES 
  (289, 297, 315)
GO

INSERT INTO [dbo].[MST_ACCTOTAL] ([ACCTOTALNO], [ACCRPTDNO], [ADDTOTALNO])
VALUES 
  (290, 298, 298)
GO

INSERT INTO [dbo].[MST_ACCTOTAL] ([ACCTOTALNO], [ACCRPTDNO], [ADDTOTALNO])
VALUES 
  (291, 301, 307)
GO

INSERT INTO [dbo].[MST_ACCTOTAL] ([ACCTOTALNO], [ACCRPTDNO], [ADDTOTALNO])
VALUES 
  (292, 301, 315)
GO

INSERT INTO [dbo].[MST_ACCTOTAL] ([ACCTOTALNO], [ACCRPTDNO], [ADDTOTALNO])
VALUES 
  (293, 302, 307)
GO

INSERT INTO [dbo].[MST_ACCTOTAL] ([ACCTOTALNO], [ACCRPTDNO], [ADDTOTALNO])
VALUES 
  (294, 302, 315)
GO

INSERT INTO [dbo].[MST_ACCTOTAL] ([ACCTOTALNO], [ACCRPTDNO], [ADDTOTALNO])
VALUES 
  (295, 303, 307)
GO

INSERT INTO [dbo].[MST_ACCTOTAL] ([ACCTOTALNO], [ACCRPTDNO], [ADDTOTALNO])
VALUES 
  (296, 303, 315)
GO

INSERT INTO [dbo].[MST_ACCTOTAL] ([ACCTOTALNO], [ACCRPTDNO], [ADDTOTALNO])
VALUES 
  (297, 304, 307)
GO

INSERT INTO [dbo].[MST_ACCTOTAL] ([ACCTOTALNO], [ACCRPTDNO], [ADDTOTALNO])
VALUES 
  (298, 304, 315)
GO

INSERT INTO [dbo].[MST_ACCTOTAL] ([ACCTOTALNO], [ACCRPTDNO], [ADDTOTALNO])
VALUES 
  (299, 305, 307)
GO

INSERT INTO [dbo].[MST_ACCTOTAL] ([ACCTOTALNO], [ACCRPTDNO], [ADDTOTALNO])
VALUES 
  (300, 305, 315)
GO

INSERT INTO [dbo].[MST_ACCTOTAL] ([ACCTOTALNO], [ACCRPTDNO], [ADDTOTALNO])
VALUES 
  (301, 306, 307)
GO

INSERT INTO [dbo].[MST_ACCTOTAL] ([ACCTOTALNO], [ACCRPTDNO], [ADDTOTALNO])
VALUES 
  (302, 306, 315)
GO

INSERT INTO [dbo].[MST_ACCTOTAL] ([ACCTOTALNO], [ACCRPTDNO], [ADDTOTALNO])
VALUES 
  (303, 310, 313)
GO

INSERT INTO [dbo].[MST_ACCTOTAL] ([ACCTOTALNO], [ACCRPTDNO], [ADDTOTALNO])
VALUES 
  (304, 310, 315)
GO

INSERT INTO [dbo].[MST_ACCTOTAL] ([ACCTOTALNO], [ACCRPTDNO], [ADDTOTALNO])
VALUES 
  (305, 311, 313)
GO

INSERT INTO [dbo].[MST_ACCTOTAL] ([ACCTOTALNO], [ACCRPTDNO], [ADDTOTALNO])
VALUES 
  (306, 311, 315)
GO

INSERT INTO [dbo].[MST_ACCTOTAL] ([ACCTOTALNO], [ACCRPTDNO], [ADDTOTALNO])
VALUES 
  (307, 312, 313)
GO

INSERT INTO [dbo].[MST_ACCTOTAL] ([ACCTOTALNO], [ACCRPTDNO], [ADDTOTALNO])
VALUES 
  (308, 312, 315)
GO

INSERT INTO [dbo].[MST_ACCTOTAL] ([ACCTOTALNO], [ACCRPTDNO], [ADDTOTALNO])
VALUES 
  (309, 318, 322)
GO

INSERT INTO [dbo].[MST_ACCTOTAL] ([ACCTOTALNO], [ACCRPTDNO], [ADDTOTALNO])
VALUES 
  (310, 319, 322)
GO

INSERT INTO [dbo].[MST_ACCTOTAL] ([ACCTOTALNO], [ACCRPTDNO], [ADDTOTALNO])
VALUES 
  (311, 320, 322)
GO

INSERT INTO [dbo].[MST_ACCTOTAL] ([ACCTOTALNO], [ACCRPTDNO], [ADDTOTALNO])
VALUES 
  (312, 321, 322)
GO

INSERT INTO [dbo].[MST_ACCTOTAL] ([ACCTOTALNO], [ACCRPTDNO], [ADDTOTALNO])
VALUES 
  (313, 323, 338)
GO

INSERT INTO [dbo].[MST_ACCTOTAL] ([ACCTOTALNO], [ACCRPTDNO], [ADDTOTALNO])
VALUES 
  (314, 324, 338)
GO

INSERT INTO [dbo].[MST_ACCTOTAL] ([ACCTOTALNO], [ACCRPTDNO], [ADDTOTALNO])
VALUES 
  (315, 324, 355)
GO

INSERT INTO [dbo].[MST_ACCTOTAL] ([ACCTOTALNO], [ACCRPTDNO], [ADDTOTALNO])
VALUES 
  (316, 325, 338)
GO

INSERT INTO [dbo].[MST_ACCTOTAL] ([ACCTOTALNO], [ACCRPTDNO], [ADDTOTALNO])
VALUES 
  (317, 325, 355)
GO

INSERT INTO [dbo].[MST_ACCTOTAL] ([ACCTOTALNO], [ACCRPTDNO], [ADDTOTALNO])
VALUES 
  (318, 326, 338)
GO

INSERT INTO [dbo].[MST_ACCTOTAL] ([ACCTOTALNO], [ACCRPTDNO], [ADDTOTALNO])
VALUES 
  (319, 326, 355)
GO

INSERT INTO [dbo].[MST_ACCTOTAL] ([ACCTOTALNO], [ACCRPTDNO], [ADDTOTALNO])
VALUES 
  (320, 327, 338)
GO

INSERT INTO [dbo].[MST_ACCTOTAL] ([ACCTOTALNO], [ACCRPTDNO], [ADDTOTALNO])
VALUES 
  (321, 327, 355)
GO

INSERT INTO [dbo].[MST_ACCTOTAL] ([ACCTOTALNO], [ACCRPTDNO], [ADDTOTALNO])
VALUES 
  (322, 328, 338)
GO

INSERT INTO [dbo].[MST_ACCTOTAL] ([ACCTOTALNO], [ACCRPTDNO], [ADDTOTALNO])
VALUES 
  (323, 328, 355)
GO

INSERT INTO [dbo].[MST_ACCTOTAL] ([ACCTOTALNO], [ACCRPTDNO], [ADDTOTALNO])
VALUES 
  (324, 329, 338)
GO

INSERT INTO [dbo].[MST_ACCTOTAL] ([ACCTOTALNO], [ACCRPTDNO], [ADDTOTALNO])
VALUES 
  (325, 329, 355)
GO

INSERT INTO [dbo].[MST_ACCTOTAL] ([ACCTOTALNO], [ACCRPTDNO], [ADDTOTALNO])
VALUES 
  (326, 330, 338)
GO

INSERT INTO [dbo].[MST_ACCTOTAL] ([ACCTOTALNO], [ACCRPTDNO], [ADDTOTALNO])
VALUES 
  (327, 330, 355)
GO

INSERT INTO [dbo].[MST_ACCTOTAL] ([ACCTOTALNO], [ACCRPTDNO], [ADDTOTALNO])
VALUES 
  (328, 331, 338)
GO

INSERT INTO [dbo].[MST_ACCTOTAL] ([ACCTOTALNO], [ACCRPTDNO], [ADDTOTALNO])
VALUES 
  (329, 331, 355)
GO

INSERT INTO [dbo].[MST_ACCTOTAL] ([ACCTOTALNO], [ACCRPTDNO], [ADDTOTALNO])
VALUES 
  (330, 332, 338)
GO

INSERT INTO [dbo].[MST_ACCTOTAL] ([ACCTOTALNO], [ACCRPTDNO], [ADDTOTALNO])
VALUES 
  (331, 332, 355)
GO

INSERT INTO [dbo].[MST_ACCTOTAL] ([ACCTOTALNO], [ACCRPTDNO], [ADDTOTALNO])
VALUES 
  (332, 333, 338)
GO

INSERT INTO [dbo].[MST_ACCTOTAL] ([ACCTOTALNO], [ACCRPTDNO], [ADDTOTALNO])
VALUES 
  (333, 333, 355)
GO

INSERT INTO [dbo].[MST_ACCTOTAL] ([ACCTOTALNO], [ACCRPTDNO], [ADDTOTALNO])
VALUES 
  (334, 334, 338)
GO

INSERT INTO [dbo].[MST_ACCTOTAL] ([ACCTOTALNO], [ACCRPTDNO], [ADDTOTALNO])
VALUES 
  (335, 334, 355)
GO

INSERT INTO [dbo].[MST_ACCTOTAL] ([ACCTOTALNO], [ACCRPTDNO], [ADDTOTALNO])
VALUES 
  (336, 335, 338)
GO

INSERT INTO [dbo].[MST_ACCTOTAL] ([ACCTOTALNO], [ACCRPTDNO], [ADDTOTALNO])
VALUES 
  (337, 335, 355)
GO

INSERT INTO [dbo].[MST_ACCTOTAL] ([ACCTOTALNO], [ACCRPTDNO], [ADDTOTALNO])
VALUES 
  (338, 336, 338)
GO

INSERT INTO [dbo].[MST_ACCTOTAL] ([ACCTOTALNO], [ACCRPTDNO], [ADDTOTALNO])
VALUES 
  (339, 336, 355)
GO

INSERT INTO [dbo].[MST_ACCTOTAL] ([ACCTOTALNO], [ACCRPTDNO], [ADDTOTALNO])
VALUES 
  (340, 337, 338)
GO

INSERT INTO [dbo].[MST_ACCTOTAL] ([ACCTOTALNO], [ACCRPTDNO], [ADDTOTALNO])
VALUES 
  (341, 337, 355)
GO

INSERT INTO [dbo].[MST_ACCTOTAL] ([ACCTOTALNO], [ACCRPTDNO], [ADDTOTALNO])
VALUES 
  (342, 338, 338)
GO

INSERT INTO [dbo].[MST_ACCTOTAL] ([ACCTOTALNO], [ACCRPTDNO], [ADDTOTALNO])
VALUES 
  (343, 341, 347)
GO

INSERT INTO [dbo].[MST_ACCTOTAL] ([ACCTOTALNO], [ACCRPTDNO], [ADDTOTALNO])
VALUES 
  (344, 341, 355)
GO

INSERT INTO [dbo].[MST_ACCTOTAL] ([ACCTOTALNO], [ACCRPTDNO], [ADDTOTALNO])
VALUES 
  (345, 342, 347)
GO

INSERT INTO [dbo].[MST_ACCTOTAL] ([ACCTOTALNO], [ACCRPTDNO], [ADDTOTALNO])
VALUES 
  (346, 342, 355)
GO

INSERT INTO [dbo].[MST_ACCTOTAL] ([ACCTOTALNO], [ACCRPTDNO], [ADDTOTALNO])
VALUES 
  (347, 343, 347)
GO

INSERT INTO [dbo].[MST_ACCTOTAL] ([ACCTOTALNO], [ACCRPTDNO], [ADDTOTALNO])
VALUES 
  (348, 343, 355)
GO

INSERT INTO [dbo].[MST_ACCTOTAL] ([ACCTOTALNO], [ACCRPTDNO], [ADDTOTALNO])
VALUES 
  (349, 344, 347)
GO

INSERT INTO [dbo].[MST_ACCTOTAL] ([ACCTOTALNO], [ACCRPTDNO], [ADDTOTALNO])
VALUES 
  (350, 344, 355)
GO

INSERT INTO [dbo].[MST_ACCTOTAL] ([ACCTOTALNO], [ACCRPTDNO], [ADDTOTALNO])
VALUES 
  (351, 345, 347)
GO

INSERT INTO [dbo].[MST_ACCTOTAL] ([ACCTOTALNO], [ACCRPTDNO], [ADDTOTALNO])
VALUES 
  (352, 345, 355)
GO

INSERT INTO [dbo].[MST_ACCTOTAL] ([ACCTOTALNO], [ACCRPTDNO], [ADDTOTALNO])
VALUES 
  (353, 346, 347)
GO

INSERT INTO [dbo].[MST_ACCTOTAL] ([ACCTOTALNO], [ACCRPTDNO], [ADDTOTALNO])
VALUES 
  (354, 346, 355)
GO

INSERT INTO [dbo].[MST_ACCTOTAL] ([ACCTOTALNO], [ACCRPTDNO], [ADDTOTALNO])
VALUES 
  (355, 350, 353)
GO

INSERT INTO [dbo].[MST_ACCTOTAL] ([ACCTOTALNO], [ACCRPTDNO], [ADDTOTALNO])
VALUES 
  (356, 350, 355)
GO

INSERT INTO [dbo].[MST_ACCTOTAL] ([ACCTOTALNO], [ACCRPTDNO], [ADDTOTALNO])
VALUES 
  (357, 351, 353)
GO

INSERT INTO [dbo].[MST_ACCTOTAL] ([ACCTOTALNO], [ACCRPTDNO], [ADDTOTALNO])
VALUES 
  (358, 351, 355)
GO

INSERT INTO [dbo].[MST_ACCTOTAL] ([ACCTOTALNO], [ACCRPTDNO], [ADDTOTALNO])
VALUES 
  (359, 352, 353)
GO

INSERT INTO [dbo].[MST_ACCTOTAL] ([ACCTOTALNO], [ACCRPTDNO], [ADDTOTALNO])
VALUES 
  (360, 352, 355)
GO

INSERT INTO [dbo].[MST_ACCTOTAL] ([ACCTOTALNO], [ACCRPTDNO], [ADDTOTALNO])
VALUES 
  (361, 358, 362)
GO

INSERT INTO [dbo].[MST_ACCTOTAL] ([ACCTOTALNO], [ACCRPTDNO], [ADDTOTALNO])
VALUES 
  (362, 359, 362)
GO

INSERT INTO [dbo].[MST_ACCTOTAL] ([ACCTOTALNO], [ACCRPTDNO], [ADDTOTALNO])
VALUES 
  (363, 360, 362)
GO

INSERT INTO [dbo].[MST_ACCTOTAL] ([ACCTOTALNO], [ACCRPTDNO], [ADDTOTALNO])
VALUES 
  (364, 361, 362)
GO

INSERT INTO [dbo].[MST_ACCTOTAL] ([ACCTOTALNO], [ACCRPTDNO], [ADDTOTALNO])
VALUES 
  (365, 151, 168)
GO

INSERT INTO [dbo].[MST_ACCTOTAL] ([ACCTOTALNO], [ACCRPTDNO], [ADDTOTALNO])
VALUES 
  (366, 152, 168)
GO

INSERT INTO [dbo].[MST_ACCTOTAL] ([ACCTOTALNO], [ACCRPTDNO], [ADDTOTALNO])
VALUES 
  (367, 153, 168)
GO

INSERT INTO [dbo].[MST_ACCTOTAL] ([ACCTOTALNO], [ACCRPTDNO], [ADDTOTALNO])
VALUES 
  (368, 154, 168)
GO

INSERT INTO [dbo].[MST_ACCTOTAL] ([ACCTOTALNO], [ACCRPTDNO], [ADDTOTALNO])
VALUES 
  (369, 159, 168)
GO

INSERT INTO [dbo].[MST_ACCTOTAL] ([ACCTOTALNO], [ACCRPTDNO], [ADDTOTALNO])
VALUES 
  (370, 160, 168)
GO

INSERT INTO [dbo].[MST_ACCTOTAL] ([ACCTOTALNO], [ACCRPTDNO], [ADDTOTALNO])
VALUES 
  (371, 161, 168)
GO

INSERT INTO [dbo].[MST_ACCTOTAL] ([ACCTOTALNO], [ACCRPTDNO], [ADDTOTALNO])
VALUES 
  (372, 162, 168)
GO

INSERT INTO [dbo].[MST_ACCTOTAL] ([ACCTOTALNO], [ACCRPTDNO], [ADDTOTALNO])
VALUES 
  (373, 163, 168)
GO

INSERT INTO [dbo].[MST_ACCTOTAL] ([ACCTOTALNO], [ACCRPTDNO], [ADDTOTALNO])
VALUES 
  (374, 164, 168)
GO

INSERT INTO [dbo].[MST_ACCTOTAL] ([ACCTOTALNO], [ACCRPTDNO], [ADDTOTALNO])
VALUES 
  (375, 165, 168)
GO

INSERT INTO [dbo].[MST_ACCTOTAL] ([ACCTOTALNO], [ACCRPTDNO], [ADDTOTALNO])
VALUES 
  (376, 166, 168)
GO

INSERT INTO [dbo].[MST_ACCTOTAL] ([ACCTOTALNO], [ACCRPTDNO], [ADDTOTALNO])
VALUES 
  (377, 151, 200)
GO

INSERT INTO [dbo].[MST_ACCTOTAL] ([ACCTOTALNO], [ACCRPTDNO], [ADDTOTALNO])
VALUES 
  (378, 152, 200)
GO

INSERT INTO [dbo].[MST_ACCTOTAL] ([ACCTOTALNO], [ACCRPTDNO], [ADDTOTALNO])
VALUES 
  (379, 153, 200)
GO

INSERT INTO [dbo].[MST_ACCTOTAL] ([ACCTOTALNO], [ACCRPTDNO], [ADDTOTALNO])
VALUES 
  (380, 154, 200)
GO

INSERT INTO [dbo].[MST_ACCTOTAL] ([ACCTOTALNO], [ACCRPTDNO], [ADDTOTALNO])
VALUES 
  (381, 159, 200)
GO

INSERT INTO [dbo].[MST_ACCTOTAL] ([ACCTOTALNO], [ACCRPTDNO], [ADDTOTALNO])
VALUES 
  (382, 160, 200)
GO

INSERT INTO [dbo].[MST_ACCTOTAL] ([ACCTOTALNO], [ACCRPTDNO], [ADDTOTALNO])
VALUES 
  (383, 161, 200)
GO

INSERT INTO [dbo].[MST_ACCTOTAL] ([ACCTOTALNO], [ACCRPTDNO], [ADDTOTALNO])
VALUES 
  (384, 162, 200)
GO

INSERT INTO [dbo].[MST_ACCTOTAL] ([ACCTOTALNO], [ACCRPTDNO], [ADDTOTALNO])
VALUES 
  (385, 163, 200)
GO

INSERT INTO [dbo].[MST_ACCTOTAL] ([ACCTOTALNO], [ACCRPTDNO], [ADDTOTALNO])
VALUES 
  (386, 164, 200)
GO

INSERT INTO [dbo].[MST_ACCTOTAL] ([ACCTOTALNO], [ACCRPTDNO], [ADDTOTALNO])
VALUES 
  (387, 165, 200)
GO

INSERT INTO [dbo].[MST_ACCTOTAL] ([ACCTOTALNO], [ACCRPTDNO], [ADDTOTALNO])
VALUES 
  (388, 166, 200)
GO

INSERT INTO [dbo].[MST_ACCTOTAL] ([ACCTOTALNO], [ACCRPTDNO], [ADDTOTALNO])
VALUES 
  (389, 171, 200)
GO

INSERT INTO [dbo].[MST_ACCTOTAL] ([ACCTOTALNO], [ACCRPTDNO], [ADDTOTALNO])
VALUES 
  (390, 172, 200)
GO

INSERT INTO [dbo].[MST_ACCTOTAL] ([ACCTOTALNO], [ACCRPTDNO], [ADDTOTALNO])
VALUES 
  (391, 173, 200)
GO

INSERT INTO [dbo].[MST_ACCTOTAL] ([ACCTOTALNO], [ACCRPTDNO], [ADDTOTALNO])
VALUES 
  (392, 174, 200)
GO

INSERT INTO [dbo].[MST_ACCTOTAL] ([ACCTOTALNO], [ACCRPTDNO], [ADDTOTALNO])
VALUES 
  (393, 175, 200)
GO

INSERT INTO [dbo].[MST_ACCTOTAL] ([ACCTOTALNO], [ACCRPTDNO], [ADDTOTALNO])
VALUES 
  (394, 176, 200)
GO

INSERT INTO [dbo].[MST_ACCTOTAL] ([ACCTOTALNO], [ACCRPTDNO], [ADDTOTALNO])
VALUES 
  (395, 177, 200)
GO

INSERT INTO [dbo].[MST_ACCTOTAL] ([ACCTOTALNO], [ACCRPTDNO], [ADDTOTALNO])
VALUES 
  (396, 178, 200)
GO

INSERT INTO [dbo].[MST_ACCTOTAL] ([ACCTOTALNO], [ACCRPTDNO], [ADDTOTALNO])
VALUES 
  (397, 179, 200)
GO

INSERT INTO [dbo].[MST_ACCTOTAL] ([ACCTOTALNO], [ACCRPTDNO], [ADDTOTALNO])
VALUES 
  (398, 180, 200)
GO

INSERT INTO [dbo].[MST_ACCTOTAL] ([ACCTOTALNO], [ACCRPTDNO], [ADDTOTALNO])
VALUES 
  (399, 181, 200)
GO

INSERT INTO [dbo].[MST_ACCTOTAL] ([ACCTOTALNO], [ACCRPTDNO], [ADDTOTALNO])
VALUES 
  (400, 182, 200)
GO

INSERT INTO [dbo].[MST_ACCTOTAL] ([ACCTOTALNO], [ACCRPTDNO], [ADDTOTALNO])
VALUES 
  (401, 183, 200)
GO

INSERT INTO [dbo].[MST_ACCTOTAL] ([ACCTOTALNO], [ACCRPTDNO], [ADDTOTALNO])
VALUES 
  (402, 185, 200)
GO

INSERT INTO [dbo].[MST_ACCTOTAL] ([ACCTOTALNO], [ACCRPTDNO], [ADDTOTALNO])
VALUES 
  (403, 186, 200)
GO

INSERT INTO [dbo].[MST_ACCTOTAL] ([ACCTOTALNO], [ACCRPTDNO], [ADDTOTALNO])
VALUES 
  (404, 187, 200)
GO

INSERT INTO [dbo].[MST_ACCTOTAL] ([ACCTOTALNO], [ACCRPTDNO], [ADDTOTALNO])
VALUES 
  (405, 188, 200)
GO

INSERT INTO [dbo].[MST_ACCTOTAL] ([ACCTOTALNO], [ACCRPTDNO], [ADDTOTALNO])
VALUES 
  (406, 189, 200)
GO

INSERT INTO [dbo].[MST_ACCTOTAL] ([ACCTOTALNO], [ACCRPTDNO], [ADDTOTALNO])
VALUES 
  (407, 190, 200)
GO

INSERT INTO [dbo].[MST_ACCTOTAL] ([ACCTOTALNO], [ACCRPTDNO], [ADDTOTALNO])
VALUES 
  (408, 191, 200)
GO

INSERT INTO [dbo].[MST_ACCTOTAL] ([ACCTOTALNO], [ACCRPTDNO], [ADDTOTALNO])
VALUES 
  (409, 192, 199)
GO

INSERT INTO [dbo].[MST_ACCTOTAL] ([ACCTOTALNO], [ACCRPTDNO], [ADDTOTALNO])
VALUES 
  (410, 192, 200)
GO

INSERT INTO [dbo].[MST_ACCTOTAL] ([ACCTOTALNO], [ACCRPTDNO], [ADDTOTALNO])
VALUES 
  (411, 193, 200)
GO

INSERT INTO [dbo].[MST_ACCTOTAL] ([ACCTOTALNO], [ACCRPTDNO], [ADDTOTALNO])
VALUES 
  (412, 194, 200)
GO

INSERT INTO [dbo].[MST_ACCTOTAL] ([ACCTOTALNO], [ACCRPTDNO], [ADDTOTALNO])
VALUES 
  (413, 195, 200)
GO

INSERT INTO [dbo].[MST_ACCTOTAL] ([ACCTOTALNO], [ACCRPTDNO], [ADDTOTALNO])
VALUES 
  (414, 196, 200)
GO

INSERT INTO [dbo].[MST_ACCTOTAL] ([ACCTOTALNO], [ACCRPTDNO], [ADDTOTALNO])
VALUES 
  (415, 197, 200)
GO

INSERT INTO [dbo].[MST_ACCTOTAL] ([ACCTOTALNO], [ACCRPTDNO], [ADDTOTALNO])
VALUES 
  (416, 198, 200)
GO

INSERT INTO [dbo].[MST_ACCTOTAL] ([ACCTOTALNO], [ACCRPTDNO], [ADDTOTALNO])
VALUES 
  (417, 366, 370)
GO

INSERT INTO [dbo].[MST_ACCTOTAL] ([ACCTOTALNO], [ACCRPTDNO], [ADDTOTALNO])
VALUES 
  (418, 366, 383)
GO

INSERT INTO [dbo].[MST_ACCTOTAL] ([ACCTOTALNO], [ACCRPTDNO], [ADDTOTALNO])
VALUES 
  (419, 366, 415)
GO

INSERT INTO [dbo].[MST_ACCTOTAL] ([ACCTOTALNO], [ACCRPTDNO], [ADDTOTALNO])
VALUES 
  (420, 367, 370)
GO

INSERT INTO [dbo].[MST_ACCTOTAL] ([ACCTOTALNO], [ACCRPTDNO], [ADDTOTALNO])
VALUES 
  (421, 367, 383)
GO

INSERT INTO [dbo].[MST_ACCTOTAL] ([ACCTOTALNO], [ACCRPTDNO], [ADDTOTALNO])
VALUES 
  (422, 367, 415)
GO

INSERT INTO [dbo].[MST_ACCTOTAL] ([ACCTOTALNO], [ACCRPTDNO], [ADDTOTALNO])
VALUES 
  (423, 368, 370)
GO

INSERT INTO [dbo].[MST_ACCTOTAL] ([ACCTOTALNO], [ACCRPTDNO], [ADDTOTALNO])
VALUES 
  (424, 368, 383)
GO

INSERT INTO [dbo].[MST_ACCTOTAL] ([ACCTOTALNO], [ACCRPTDNO], [ADDTOTALNO])
VALUES 
  (425, 368, 415)
GO

INSERT INTO [dbo].[MST_ACCTOTAL] ([ACCTOTALNO], [ACCRPTDNO], [ADDTOTALNO])
VALUES 
  (426, 369, 370)
GO

INSERT INTO [dbo].[MST_ACCTOTAL] ([ACCTOTALNO], [ACCRPTDNO], [ADDTOTALNO])
VALUES 
  (427, 369, 383)
GO

INSERT INTO [dbo].[MST_ACCTOTAL] ([ACCTOTALNO], [ACCRPTDNO], [ADDTOTALNO])
VALUES 
  (428, 369, 415)
GO

INSERT INTO [dbo].[MST_ACCTOTAL] ([ACCTOTALNO], [ACCRPTDNO], [ADDTOTALNO])
VALUES 
  (429, 373, 381)
GO

INSERT INTO [dbo].[MST_ACCTOTAL] ([ACCTOTALNO], [ACCRPTDNO], [ADDTOTALNO])
VALUES 
  (430, 373, 383)
GO

INSERT INTO [dbo].[MST_ACCTOTAL] ([ACCTOTALNO], [ACCRPTDNO], [ADDTOTALNO])
VALUES 
  (431, 373, 415)
GO

INSERT INTO [dbo].[MST_ACCTOTAL] ([ACCTOTALNO], [ACCRPTDNO], [ADDTOTALNO])
VALUES 
  (432, 374, 381)
GO

INSERT INTO [dbo].[MST_ACCTOTAL] ([ACCTOTALNO], [ACCRPTDNO], [ADDTOTALNO])
VALUES 
  (433, 374, 383)
GO

INSERT INTO [dbo].[MST_ACCTOTAL] ([ACCTOTALNO], [ACCRPTDNO], [ADDTOTALNO])
VALUES 
  (434, 374, 415)
GO

INSERT INTO [dbo].[MST_ACCTOTAL] ([ACCTOTALNO], [ACCRPTDNO], [ADDTOTALNO])
VALUES 
  (435, 375, 381)
GO

INSERT INTO [dbo].[MST_ACCTOTAL] ([ACCTOTALNO], [ACCRPTDNO], [ADDTOTALNO])
VALUES 
  (436, 375, 383)
GO

INSERT INTO [dbo].[MST_ACCTOTAL] ([ACCTOTALNO], [ACCRPTDNO], [ADDTOTALNO])
VALUES 
  (437, 375, 415)
GO

INSERT INTO [dbo].[MST_ACCTOTAL] ([ACCTOTALNO], [ACCRPTDNO], [ADDTOTALNO])
VALUES 
  (438, 376, 381)
GO

INSERT INTO [dbo].[MST_ACCTOTAL] ([ACCTOTALNO], [ACCRPTDNO], [ADDTOTALNO])
VALUES 
  (439, 376, 383)
GO

INSERT INTO [dbo].[MST_ACCTOTAL] ([ACCTOTALNO], [ACCRPTDNO], [ADDTOTALNO])
VALUES 
  (440, 376, 415)
GO

INSERT INTO [dbo].[MST_ACCTOTAL] ([ACCTOTALNO], [ACCRPTDNO], [ADDTOTALNO])
VALUES 
  (441, 377, 381)
GO

INSERT INTO [dbo].[MST_ACCTOTAL] ([ACCTOTALNO], [ACCRPTDNO], [ADDTOTALNO])
VALUES 
  (442, 377, 383)
GO

INSERT INTO [dbo].[MST_ACCTOTAL] ([ACCTOTALNO], [ACCRPTDNO], [ADDTOTALNO])
VALUES 
  (443, 377, 415)
GO

INSERT INTO [dbo].[MST_ACCTOTAL] ([ACCTOTALNO], [ACCRPTDNO], [ADDTOTALNO])
VALUES 
  (444, 378, 381)
GO

INSERT INTO [dbo].[MST_ACCTOTAL] ([ACCTOTALNO], [ACCRPTDNO], [ADDTOTALNO])
VALUES 
  (445, 378, 383)
GO

INSERT INTO [dbo].[MST_ACCTOTAL] ([ACCTOTALNO], [ACCRPTDNO], [ADDTOTALNO])
VALUES 
  (446, 378, 415)
GO

INSERT INTO [dbo].[MST_ACCTOTAL] ([ACCTOTALNO], [ACCRPTDNO], [ADDTOTALNO])
VALUES 
  (447, 379, 381)
GO

INSERT INTO [dbo].[MST_ACCTOTAL] ([ACCTOTALNO], [ACCRPTDNO], [ADDTOTALNO])
VALUES 
  (448, 379, 383)
GO

INSERT INTO [dbo].[MST_ACCTOTAL] ([ACCTOTALNO], [ACCRPTDNO], [ADDTOTALNO])
VALUES 
  (449, 379, 415)
GO

INSERT INTO [dbo].[MST_ACCTOTAL] ([ACCTOTALNO], [ACCRPTDNO], [ADDTOTALNO])
VALUES 
  (450, 380, 381)
GO

INSERT INTO [dbo].[MST_ACCTOTAL] ([ACCTOTALNO], [ACCRPTDNO], [ADDTOTALNO])
VALUES 
  (451, 380, 383)
GO

INSERT INTO [dbo].[MST_ACCTOTAL] ([ACCTOTALNO], [ACCRPTDNO], [ADDTOTALNO])
VALUES 
  (452, 380, 415)
GO

INSERT INTO [dbo].[MST_ACCTOTAL] ([ACCTOTALNO], [ACCRPTDNO], [ADDTOTALNO])
VALUES 
  (453, 386, 413)
GO

INSERT INTO [dbo].[MST_ACCTOTAL] ([ACCTOTALNO], [ACCRPTDNO], [ADDTOTALNO])
VALUES 
  (454, 386, 415)
GO

INSERT INTO [dbo].[MST_ACCTOTAL] ([ACCTOTALNO], [ACCRPTDNO], [ADDTOTALNO])
VALUES 
  (455, 387, 413)
GO

INSERT INTO [dbo].[MST_ACCTOTAL] ([ACCTOTALNO], [ACCRPTDNO], [ADDTOTALNO])
VALUES 
  (456, 387, 415)
GO

INSERT INTO [dbo].[MST_ACCTOTAL] ([ACCTOTALNO], [ACCRPTDNO], [ADDTOTALNO])
VALUES 
  (457, 388, 413)
GO

INSERT INTO [dbo].[MST_ACCTOTAL] ([ACCTOTALNO], [ACCRPTDNO], [ADDTOTALNO])
VALUES 
  (458, 388, 415)
GO

INSERT INTO [dbo].[MST_ACCTOTAL] ([ACCTOTALNO], [ACCRPTDNO], [ADDTOTALNO])
VALUES 
  (459, 389, 413)
GO

INSERT INTO [dbo].[MST_ACCTOTAL] ([ACCTOTALNO], [ACCRPTDNO], [ADDTOTALNO])
VALUES 
  (460, 389, 415)
GO

INSERT INTO [dbo].[MST_ACCTOTAL] ([ACCTOTALNO], [ACCRPTDNO], [ADDTOTALNO])
VALUES 
  (461, 390, 413)
GO

INSERT INTO [dbo].[MST_ACCTOTAL] ([ACCTOTALNO], [ACCRPTDNO], [ADDTOTALNO])
VALUES 
  (462, 390, 415)
GO

INSERT INTO [dbo].[MST_ACCTOTAL] ([ACCTOTALNO], [ACCRPTDNO], [ADDTOTALNO])
VALUES 
  (463, 391, 413)
GO

INSERT INTO [dbo].[MST_ACCTOTAL] ([ACCTOTALNO], [ACCRPTDNO], [ADDTOTALNO])
VALUES 
  (464, 391, 415)
GO

INSERT INTO [dbo].[MST_ACCTOTAL] ([ACCTOTALNO], [ACCRPTDNO], [ADDTOTALNO])
VALUES 
  (465, 392, 413)
GO

INSERT INTO [dbo].[MST_ACCTOTAL] ([ACCTOTALNO], [ACCRPTDNO], [ADDTOTALNO])
VALUES 
  (466, 392, 415)
GO

INSERT INTO [dbo].[MST_ACCTOTAL] ([ACCTOTALNO], [ACCRPTDNO], [ADDTOTALNO])
VALUES 
  (467, 393, 413)
GO

INSERT INTO [dbo].[MST_ACCTOTAL] ([ACCTOTALNO], [ACCRPTDNO], [ADDTOTALNO])
VALUES 
  (468, 393, 415)
GO

INSERT INTO [dbo].[MST_ACCTOTAL] ([ACCTOTALNO], [ACCRPTDNO], [ADDTOTALNO])
VALUES 
  (469, 394, 413)
GO

INSERT INTO [dbo].[MST_ACCTOTAL] ([ACCTOTALNO], [ACCRPTDNO], [ADDTOTALNO])
VALUES 
  (470, 394, 415)
GO

INSERT INTO [dbo].[MST_ACCTOTAL] ([ACCTOTALNO], [ACCRPTDNO], [ADDTOTALNO])
VALUES 
  (471, 395, 413)
GO

INSERT INTO [dbo].[MST_ACCTOTAL] ([ACCTOTALNO], [ACCRPTDNO], [ADDTOTALNO])
VALUES 
  (472, 395, 415)
GO

INSERT INTO [dbo].[MST_ACCTOTAL] ([ACCTOTALNO], [ACCRPTDNO], [ADDTOTALNO])
VALUES 
  (473, 396, 413)
GO

INSERT INTO [dbo].[MST_ACCTOTAL] ([ACCTOTALNO], [ACCRPTDNO], [ADDTOTALNO])
VALUES 
  (474, 396, 415)
GO

INSERT INTO [dbo].[MST_ACCTOTAL] ([ACCTOTALNO], [ACCRPTDNO], [ADDTOTALNO])
VALUES 
  (475, 397, 413)
GO

INSERT INTO [dbo].[MST_ACCTOTAL] ([ACCTOTALNO], [ACCRPTDNO], [ADDTOTALNO])
VALUES 
  (476, 397, 415)
GO

INSERT INTO [dbo].[MST_ACCTOTAL] ([ACCTOTALNO], [ACCRPTDNO], [ADDTOTALNO])
VALUES 
  (477, 398, 413)
GO

INSERT INTO [dbo].[MST_ACCTOTAL] ([ACCTOTALNO], [ACCRPTDNO], [ADDTOTALNO])
VALUES 
  (478, 398, 415)
GO

INSERT INTO [dbo].[MST_ACCTOTAL] ([ACCTOTALNO], [ACCRPTDNO], [ADDTOTALNO])
VALUES 
  (479, 399, 413)
GO

INSERT INTO [dbo].[MST_ACCTOTAL] ([ACCTOTALNO], [ACCRPTDNO], [ADDTOTALNO])
VALUES 
  (480, 399, 415)
GO

INSERT INTO [dbo].[MST_ACCTOTAL] ([ACCTOTALNO], [ACCRPTDNO], [ADDTOTALNO])
VALUES 
  (481, 400, 413)
GO

INSERT INTO [dbo].[MST_ACCTOTAL] ([ACCTOTALNO], [ACCRPTDNO], [ADDTOTALNO])
VALUES 
  (482, 400, 415)
GO

INSERT INTO [dbo].[MST_ACCTOTAL] ([ACCTOTALNO], [ACCRPTDNO], [ADDTOTALNO])
VALUES 
  (483, 401, 413)
GO

INSERT INTO [dbo].[MST_ACCTOTAL] ([ACCTOTALNO], [ACCRPTDNO], [ADDTOTALNO])
VALUES 
  (484, 401, 415)
GO

INSERT INTO [dbo].[MST_ACCTOTAL] ([ACCTOTALNO], [ACCRPTDNO], [ADDTOTALNO])
VALUES 
  (485, 402, 413)
GO

INSERT INTO [dbo].[MST_ACCTOTAL] ([ACCTOTALNO], [ACCRPTDNO], [ADDTOTALNO])
VALUES 
  (486, 402, 415)
GO

INSERT INTO [dbo].[MST_ACCTOTAL] ([ACCTOTALNO], [ACCRPTDNO], [ADDTOTALNO])
VALUES 
  (487, 403, 413)
GO

INSERT INTO [dbo].[MST_ACCTOTAL] ([ACCTOTALNO], [ACCRPTDNO], [ADDTOTALNO])
VALUES 
  (488, 403, 415)
GO

INSERT INTO [dbo].[MST_ACCTOTAL] ([ACCTOTALNO], [ACCRPTDNO], [ADDTOTALNO])
VALUES 
  (489, 404, 413)
GO

INSERT INTO [dbo].[MST_ACCTOTAL] ([ACCTOTALNO], [ACCRPTDNO], [ADDTOTALNO])
VALUES 
  (490, 404, 415)
GO

INSERT INTO [dbo].[MST_ACCTOTAL] ([ACCTOTALNO], [ACCRPTDNO], [ADDTOTALNO])
VALUES 
  (491, 405, 413)
GO

INSERT INTO [dbo].[MST_ACCTOTAL] ([ACCTOTALNO], [ACCRPTDNO], [ADDTOTALNO])
VALUES 
  (492, 405, 415)
GO

INSERT INTO [dbo].[MST_ACCTOTAL] ([ACCTOTALNO], [ACCRPTDNO], [ADDTOTALNO])
VALUES 
  (493, 406, 413)
GO

INSERT INTO [dbo].[MST_ACCTOTAL] ([ACCTOTALNO], [ACCRPTDNO], [ADDTOTALNO])
VALUES 
  (494, 406, 415)
GO

INSERT INTO [dbo].[MST_ACCTOTAL] ([ACCTOTALNO], [ACCRPTDNO], [ADDTOTALNO])
VALUES 
  (495, 407, 413)
GO

INSERT INTO [dbo].[MST_ACCTOTAL] ([ACCTOTALNO], [ACCRPTDNO], [ADDTOTALNO])
VALUES 
  (496, 407, 415)
GO

INSERT INTO [dbo].[MST_ACCTOTAL] ([ACCTOTALNO], [ACCRPTDNO], [ADDTOTALNO])
VALUES 
  (497, 408, 413)
GO

INSERT INTO [dbo].[MST_ACCTOTAL] ([ACCTOTALNO], [ACCRPTDNO], [ADDTOTALNO])
VALUES 
  (498, 408, 415)
GO

INSERT INTO [dbo].[MST_ACCTOTAL] ([ACCTOTALNO], [ACCRPTDNO], [ADDTOTALNO])
VALUES 
  (499, 409, 413)
GO

INSERT INTO [dbo].[MST_ACCTOTAL] ([ACCTOTALNO], [ACCRPTDNO], [ADDTOTALNO])
VALUES 
  (500, 409, 415)
GO

INSERT INTO [dbo].[MST_ACCTOTAL] ([ACCTOTALNO], [ACCRPTDNO], [ADDTOTALNO])
VALUES 
  (501, 410, 413)
GO

INSERT INTO [dbo].[MST_ACCTOTAL] ([ACCTOTALNO], [ACCRPTDNO], [ADDTOTALNO])
VALUES 
  (502, 410, 415)
GO

INSERT INTO [dbo].[MST_ACCTOTAL] ([ACCTOTALNO], [ACCRPTDNO], [ADDTOTALNO])
VALUES 
  (503, 411, 413)
GO

INSERT INTO [dbo].[MST_ACCTOTAL] ([ACCTOTALNO], [ACCRPTDNO], [ADDTOTALNO])
VALUES 
  (504, 411, 415)
GO

INSERT INTO [dbo].[MST_ACCTOTAL] ([ACCTOTALNO], [ACCRPTDNO], [ADDTOTALNO])
VALUES 
  (505, 412, 413)
GO

INSERT INTO [dbo].[MST_ACCTOTAL] ([ACCTOTALNO], [ACCRPTDNO], [ADDTOTALNO])
VALUES 
  (506, 412, 415)
GO

INSERT INTO [dbo].[MST_ACCTOTAL] ([ACCTOTALNO], [ACCRPTDNO], [ADDTOTALNO])
VALUES 
  (507, 417, 421)
GO

INSERT INTO [dbo].[MST_ACCTOTAL] ([ACCTOTALNO], [ACCRPTDNO], [ADDTOTALNO])
VALUES 
  (508, 417, 434)
GO

INSERT INTO [dbo].[MST_ACCTOTAL] ([ACCTOTALNO], [ACCRPTDNO], [ADDTOTALNO])
VALUES 
  (509, 417, 466)
GO

INSERT INTO [dbo].[MST_ACCTOTAL] ([ACCTOTALNO], [ACCRPTDNO], [ADDTOTALNO])
VALUES 
  (510, 418, 421)
GO

INSERT INTO [dbo].[MST_ACCTOTAL] ([ACCTOTALNO], [ACCRPTDNO], [ADDTOTALNO])
VALUES 
  (511, 418, 434)
GO

INSERT INTO [dbo].[MST_ACCTOTAL] ([ACCTOTALNO], [ACCRPTDNO], [ADDTOTALNO])
VALUES 
  (512, 418, 466)
GO

INSERT INTO [dbo].[MST_ACCTOTAL] ([ACCTOTALNO], [ACCRPTDNO], [ADDTOTALNO])
VALUES 
  (513, 419, 421)
GO

INSERT INTO [dbo].[MST_ACCTOTAL] ([ACCTOTALNO], [ACCRPTDNO], [ADDTOTALNO])
VALUES 
  (514, 419, 434)
GO

INSERT INTO [dbo].[MST_ACCTOTAL] ([ACCTOTALNO], [ACCRPTDNO], [ADDTOTALNO])
VALUES 
  (515, 419, 466)
GO

INSERT INTO [dbo].[MST_ACCTOTAL] ([ACCTOTALNO], [ACCRPTDNO], [ADDTOTALNO])
VALUES 
  (516, 420, 421)
GO

INSERT INTO [dbo].[MST_ACCTOTAL] ([ACCTOTALNO], [ACCRPTDNO], [ADDTOTALNO])
VALUES 
  (517, 420, 434)
GO

INSERT INTO [dbo].[MST_ACCTOTAL] ([ACCTOTALNO], [ACCRPTDNO], [ADDTOTALNO])
VALUES 
  (518, 420, 466)
GO

INSERT INTO [dbo].[MST_ACCTOTAL] ([ACCTOTALNO], [ACCRPTDNO], [ADDTOTALNO])
VALUES 
  (519, 424, 432)
GO

INSERT INTO [dbo].[MST_ACCTOTAL] ([ACCTOTALNO], [ACCRPTDNO], [ADDTOTALNO])
VALUES 
  (520, 424, 434)
GO

INSERT INTO [dbo].[MST_ACCTOTAL] ([ACCTOTALNO], [ACCRPTDNO], [ADDTOTALNO])
VALUES 
  (521, 424, 466)
GO

INSERT INTO [dbo].[MST_ACCTOTAL] ([ACCTOTALNO], [ACCRPTDNO], [ADDTOTALNO])
VALUES 
  (522, 425, 432)
GO

INSERT INTO [dbo].[MST_ACCTOTAL] ([ACCTOTALNO], [ACCRPTDNO], [ADDTOTALNO])
VALUES 
  (523, 425, 434)
GO

INSERT INTO [dbo].[MST_ACCTOTAL] ([ACCTOTALNO], [ACCRPTDNO], [ADDTOTALNO])
VALUES 
  (524, 425, 466)
GO

INSERT INTO [dbo].[MST_ACCTOTAL] ([ACCTOTALNO], [ACCRPTDNO], [ADDTOTALNO])
VALUES 
  (525, 426, 432)
GO

INSERT INTO [dbo].[MST_ACCTOTAL] ([ACCTOTALNO], [ACCRPTDNO], [ADDTOTALNO])
VALUES 
  (526, 426, 434)
GO

INSERT INTO [dbo].[MST_ACCTOTAL] ([ACCTOTALNO], [ACCRPTDNO], [ADDTOTALNO])
VALUES 
  (527, 426, 466)
GO

INSERT INTO [dbo].[MST_ACCTOTAL] ([ACCTOTALNO], [ACCRPTDNO], [ADDTOTALNO])
VALUES 
  (528, 427, 432)
GO

INSERT INTO [dbo].[MST_ACCTOTAL] ([ACCTOTALNO], [ACCRPTDNO], [ADDTOTALNO])
VALUES 
  (529, 427, 434)
GO

INSERT INTO [dbo].[MST_ACCTOTAL] ([ACCTOTALNO], [ACCRPTDNO], [ADDTOTALNO])
VALUES 
  (530, 427, 466)
GO

INSERT INTO [dbo].[MST_ACCTOTAL] ([ACCTOTALNO], [ACCRPTDNO], [ADDTOTALNO])
VALUES 
  (531, 428, 432)
GO

INSERT INTO [dbo].[MST_ACCTOTAL] ([ACCTOTALNO], [ACCRPTDNO], [ADDTOTALNO])
VALUES 
  (532, 428, 434)
GO

INSERT INTO [dbo].[MST_ACCTOTAL] ([ACCTOTALNO], [ACCRPTDNO], [ADDTOTALNO])
VALUES 
  (533, 428, 466)
GO

INSERT INTO [dbo].[MST_ACCTOTAL] ([ACCTOTALNO], [ACCRPTDNO], [ADDTOTALNO])
VALUES 
  (534, 429, 432)
GO

INSERT INTO [dbo].[MST_ACCTOTAL] ([ACCTOTALNO], [ACCRPTDNO], [ADDTOTALNO])
VALUES 
  (535, 429, 434)
GO

INSERT INTO [dbo].[MST_ACCTOTAL] ([ACCTOTALNO], [ACCRPTDNO], [ADDTOTALNO])
VALUES 
  (536, 429, 466)
GO

INSERT INTO [dbo].[MST_ACCTOTAL] ([ACCTOTALNO], [ACCRPTDNO], [ADDTOTALNO])
VALUES 
  (537, 430, 432)
GO

INSERT INTO [dbo].[MST_ACCTOTAL] ([ACCTOTALNO], [ACCRPTDNO], [ADDTOTALNO])
VALUES 
  (538, 430, 434)
GO

INSERT INTO [dbo].[MST_ACCTOTAL] ([ACCTOTALNO], [ACCRPTDNO], [ADDTOTALNO])
VALUES 
  (539, 430, 466)
GO

INSERT INTO [dbo].[MST_ACCTOTAL] ([ACCTOTALNO], [ACCRPTDNO], [ADDTOTALNO])
VALUES 
  (540, 431, 432)
GO

INSERT INTO [dbo].[MST_ACCTOTAL] ([ACCTOTALNO], [ACCRPTDNO], [ADDTOTALNO])
VALUES 
  (541, 431, 434)
GO

INSERT INTO [dbo].[MST_ACCTOTAL] ([ACCTOTALNO], [ACCRPTDNO], [ADDTOTALNO])
VALUES 
  (542, 431, 466)
GO

INSERT INTO [dbo].[MST_ACCTOTAL] ([ACCTOTALNO], [ACCRPTDNO], [ADDTOTALNO])
VALUES 
  (543, 437, 464)
GO

INSERT INTO [dbo].[MST_ACCTOTAL] ([ACCTOTALNO], [ACCRPTDNO], [ADDTOTALNO])
VALUES 
  (544, 437, 466)
GO

INSERT INTO [dbo].[MST_ACCTOTAL] ([ACCTOTALNO], [ACCRPTDNO], [ADDTOTALNO])
VALUES 
  (545, 438, 464)
GO

INSERT INTO [dbo].[MST_ACCTOTAL] ([ACCTOTALNO], [ACCRPTDNO], [ADDTOTALNO])
VALUES 
  (546, 438, 466)
GO

INSERT INTO [dbo].[MST_ACCTOTAL] ([ACCTOTALNO], [ACCRPTDNO], [ADDTOTALNO])
VALUES 
  (547, 439, 464)
GO

INSERT INTO [dbo].[MST_ACCTOTAL] ([ACCTOTALNO], [ACCRPTDNO], [ADDTOTALNO])
VALUES 
  (548, 439, 466)
GO

INSERT INTO [dbo].[MST_ACCTOTAL] ([ACCTOTALNO], [ACCRPTDNO], [ADDTOTALNO])
VALUES 
  (549, 440, 464)
GO

INSERT INTO [dbo].[MST_ACCTOTAL] ([ACCTOTALNO], [ACCRPTDNO], [ADDTOTALNO])
VALUES 
  (550, 440, 466)
GO

INSERT INTO [dbo].[MST_ACCTOTAL] ([ACCTOTALNO], [ACCRPTDNO], [ADDTOTALNO])
VALUES 
  (551, 441, 464)
GO

INSERT INTO [dbo].[MST_ACCTOTAL] ([ACCTOTALNO], [ACCRPTDNO], [ADDTOTALNO])
VALUES 
  (552, 441, 466)
GO

INSERT INTO [dbo].[MST_ACCTOTAL] ([ACCTOTALNO], [ACCRPTDNO], [ADDTOTALNO])
VALUES 
  (553, 442, 464)
GO

INSERT INTO [dbo].[MST_ACCTOTAL] ([ACCTOTALNO], [ACCRPTDNO], [ADDTOTALNO])
VALUES 
  (554, 442, 466)
GO

INSERT INTO [dbo].[MST_ACCTOTAL] ([ACCTOTALNO], [ACCRPTDNO], [ADDTOTALNO])
VALUES 
  (555, 443, 464)
GO

INSERT INTO [dbo].[MST_ACCTOTAL] ([ACCTOTALNO], [ACCRPTDNO], [ADDTOTALNO])
VALUES 
  (556, 443, 466)
GO

INSERT INTO [dbo].[MST_ACCTOTAL] ([ACCTOTALNO], [ACCRPTDNO], [ADDTOTALNO])
VALUES 
  (557, 444, 464)
GO

INSERT INTO [dbo].[MST_ACCTOTAL] ([ACCTOTALNO], [ACCRPTDNO], [ADDTOTALNO])
VALUES 
  (558, 444, 466)
GO

INSERT INTO [dbo].[MST_ACCTOTAL] ([ACCTOTALNO], [ACCRPTDNO], [ADDTOTALNO])
VALUES 
  (559, 445, 464)
GO

INSERT INTO [dbo].[MST_ACCTOTAL] ([ACCTOTALNO], [ACCRPTDNO], [ADDTOTALNO])
VALUES 
  (560, 445, 466)
GO

INSERT INTO [dbo].[MST_ACCTOTAL] ([ACCTOTALNO], [ACCRPTDNO], [ADDTOTALNO])
VALUES 
  (561, 446, 464)
GO

INSERT INTO [dbo].[MST_ACCTOTAL] ([ACCTOTALNO], [ACCRPTDNO], [ADDTOTALNO])
VALUES 
  (562, 446, 466)
GO

INSERT INTO [dbo].[MST_ACCTOTAL] ([ACCTOTALNO], [ACCRPTDNO], [ADDTOTALNO])
VALUES 
  (563, 447, 464)
GO

INSERT INTO [dbo].[MST_ACCTOTAL] ([ACCTOTALNO], [ACCRPTDNO], [ADDTOTALNO])
VALUES 
  (564, 447, 466)
GO

INSERT INTO [dbo].[MST_ACCTOTAL] ([ACCTOTALNO], [ACCRPTDNO], [ADDTOTALNO])
VALUES 
  (565, 448, 464)
GO

INSERT INTO [dbo].[MST_ACCTOTAL] ([ACCTOTALNO], [ACCRPTDNO], [ADDTOTALNO])
VALUES 
  (566, 448, 466)
GO

INSERT INTO [dbo].[MST_ACCTOTAL] ([ACCTOTALNO], [ACCRPTDNO], [ADDTOTALNO])
VALUES 
  (567, 449, 464)
GO

INSERT INTO [dbo].[MST_ACCTOTAL] ([ACCTOTALNO], [ACCRPTDNO], [ADDTOTALNO])
VALUES 
  (568, 449, 466)
GO

INSERT INTO [dbo].[MST_ACCTOTAL] ([ACCTOTALNO], [ACCRPTDNO], [ADDTOTALNO])
VALUES 
  (569, 450, 464)
GO

INSERT INTO [dbo].[MST_ACCTOTAL] ([ACCTOTALNO], [ACCRPTDNO], [ADDTOTALNO])
VALUES 
  (570, 450, 466)
GO

INSERT INTO [dbo].[MST_ACCTOTAL] ([ACCTOTALNO], [ACCRPTDNO], [ADDTOTALNO])
VALUES 
  (571, 451, 464)
GO

INSERT INTO [dbo].[MST_ACCTOTAL] ([ACCTOTALNO], [ACCRPTDNO], [ADDTOTALNO])
VALUES 
  (572, 451, 466)
GO

INSERT INTO [dbo].[MST_ACCTOTAL] ([ACCTOTALNO], [ACCRPTDNO], [ADDTOTALNO])
VALUES 
  (573, 452, 464)
GO

INSERT INTO [dbo].[MST_ACCTOTAL] ([ACCTOTALNO], [ACCRPTDNO], [ADDTOTALNO])
VALUES 
  (574, 452, 466)
GO

INSERT INTO [dbo].[MST_ACCTOTAL] ([ACCTOTALNO], [ACCRPTDNO], [ADDTOTALNO])
VALUES 
  (575, 453, 464)
GO

INSERT INTO [dbo].[MST_ACCTOTAL] ([ACCTOTALNO], [ACCRPTDNO], [ADDTOTALNO])
VALUES 
  (576, 453, 466)
GO

INSERT INTO [dbo].[MST_ACCTOTAL] ([ACCTOTALNO], [ACCRPTDNO], [ADDTOTALNO])
VALUES 
  (577, 454, 464)
GO

INSERT INTO [dbo].[MST_ACCTOTAL] ([ACCTOTALNO], [ACCRPTDNO], [ADDTOTALNO])
VALUES 
  (578, 454, 466)
GO

INSERT INTO [dbo].[MST_ACCTOTAL] ([ACCTOTALNO], [ACCRPTDNO], [ADDTOTALNO])
VALUES 
  (579, 455, 464)
GO

INSERT INTO [dbo].[MST_ACCTOTAL] ([ACCTOTALNO], [ACCRPTDNO], [ADDTOTALNO])
VALUES 
  (580, 455, 466)
GO

INSERT INTO [dbo].[MST_ACCTOTAL] ([ACCTOTALNO], [ACCRPTDNO], [ADDTOTALNO])
VALUES 
  (581, 456, 464)
GO

INSERT INTO [dbo].[MST_ACCTOTAL] ([ACCTOTALNO], [ACCRPTDNO], [ADDTOTALNO])
VALUES 
  (582, 456, 466)
GO

INSERT INTO [dbo].[MST_ACCTOTAL] ([ACCTOTALNO], [ACCRPTDNO], [ADDTOTALNO])
VALUES 
  (583, 457, 464)
GO

INSERT INTO [dbo].[MST_ACCTOTAL] ([ACCTOTALNO], [ACCRPTDNO], [ADDTOTALNO])
VALUES 
  (584, 457, 466)
GO

INSERT INTO [dbo].[MST_ACCTOTAL] ([ACCTOTALNO], [ACCRPTDNO], [ADDTOTALNO])
VALUES 
  (585, 458, 464)
GO

INSERT INTO [dbo].[MST_ACCTOTAL] ([ACCTOTALNO], [ACCRPTDNO], [ADDTOTALNO])
VALUES 
  (586, 458, 466)
GO

INSERT INTO [dbo].[MST_ACCTOTAL] ([ACCTOTALNO], [ACCRPTDNO], [ADDTOTALNO])
VALUES 
  (587, 459, 464)
GO

INSERT INTO [dbo].[MST_ACCTOTAL] ([ACCTOTALNO], [ACCRPTDNO], [ADDTOTALNO])
VALUES 
  (588, 459, 466)
GO

INSERT INTO [dbo].[MST_ACCTOTAL] ([ACCTOTALNO], [ACCRPTDNO], [ADDTOTALNO])
VALUES 
  (589, 460, 464)
GO

INSERT INTO [dbo].[MST_ACCTOTAL] ([ACCTOTALNO], [ACCRPTDNO], [ADDTOTALNO])
VALUES 
  (590, 460, 466)
GO

INSERT INTO [dbo].[MST_ACCTOTAL] ([ACCTOTALNO], [ACCRPTDNO], [ADDTOTALNO])
VALUES 
  (591, 461, 464)
GO

INSERT INTO [dbo].[MST_ACCTOTAL] ([ACCTOTALNO], [ACCRPTDNO], [ADDTOTALNO])
VALUES 
  (592, 461, 466)
GO

INSERT INTO [dbo].[MST_ACCTOTAL] ([ACCTOTALNO], [ACCRPTDNO], [ADDTOTALNO])
VALUES 
  (593, 462, 464)
GO

INSERT INTO [dbo].[MST_ACCTOTAL] ([ACCTOTALNO], [ACCRPTDNO], [ADDTOTALNO])
VALUES 
  (594, 462, 466)
GO

INSERT INTO [dbo].[MST_ACCTOTAL] ([ACCTOTALNO], [ACCRPTDNO], [ADDTOTALNO])
VALUES 
  (595, 463, 464)
GO

INSERT INTO [dbo].[MST_ACCTOTAL] ([ACCTOTALNO], [ACCRPTDNO], [ADDTOTALNO])
VALUES 
  (596, 463, 466)
GO

INSERT INTO [dbo].[MST_ACCTOTAL] ([ACCTOTALNO], [ACCRPTDNO], [ADDTOTALNO])
VALUES 
  (597, 468, 472)
GO

INSERT INTO [dbo].[MST_ACCTOTAL] ([ACCTOTALNO], [ACCRPTDNO], [ADDTOTALNO])
VALUES 
  (598, 468, 485)
GO

INSERT INTO [dbo].[MST_ACCTOTAL] ([ACCTOTALNO], [ACCRPTDNO], [ADDTOTALNO])
VALUES 
  (599, 468, 517)
GO

INSERT INTO [dbo].[MST_ACCTOTAL] ([ACCTOTALNO], [ACCRPTDNO], [ADDTOTALNO])
VALUES 
  (600, 469, 472)
GO

INSERT INTO [dbo].[MST_ACCTOTAL] ([ACCTOTALNO], [ACCRPTDNO], [ADDTOTALNO])
VALUES 
  (601, 469, 485)
GO

INSERT INTO [dbo].[MST_ACCTOTAL] ([ACCTOTALNO], [ACCRPTDNO], [ADDTOTALNO])
VALUES 
  (602, 469, 517)
GO

INSERT INTO [dbo].[MST_ACCTOTAL] ([ACCTOTALNO], [ACCRPTDNO], [ADDTOTALNO])
VALUES 
  (603, 470, 472)
GO

INSERT INTO [dbo].[MST_ACCTOTAL] ([ACCTOTALNO], [ACCRPTDNO], [ADDTOTALNO])
VALUES 
  (604, 470, 485)
GO

INSERT INTO [dbo].[MST_ACCTOTAL] ([ACCTOTALNO], [ACCRPTDNO], [ADDTOTALNO])
VALUES 
  (605, 470, 517)
GO

INSERT INTO [dbo].[MST_ACCTOTAL] ([ACCTOTALNO], [ACCRPTDNO], [ADDTOTALNO])
VALUES 
  (606, 471, 472)
GO

INSERT INTO [dbo].[MST_ACCTOTAL] ([ACCTOTALNO], [ACCRPTDNO], [ADDTOTALNO])
VALUES 
  (607, 471, 485)
GO

INSERT INTO [dbo].[MST_ACCTOTAL] ([ACCTOTALNO], [ACCRPTDNO], [ADDTOTALNO])
VALUES 
  (608, 471, 517)
GO

INSERT INTO [dbo].[MST_ACCTOTAL] ([ACCTOTALNO], [ACCRPTDNO], [ADDTOTALNO])
VALUES 
  (609, 475, 483)
GO

INSERT INTO [dbo].[MST_ACCTOTAL] ([ACCTOTALNO], [ACCRPTDNO], [ADDTOTALNO])
VALUES 
  (610, 475, 485)
GO

INSERT INTO [dbo].[MST_ACCTOTAL] ([ACCTOTALNO], [ACCRPTDNO], [ADDTOTALNO])
VALUES 
  (611, 475, 517)
GO

INSERT INTO [dbo].[MST_ACCTOTAL] ([ACCTOTALNO], [ACCRPTDNO], [ADDTOTALNO])
VALUES 
  (612, 476, 483)
GO

INSERT INTO [dbo].[MST_ACCTOTAL] ([ACCTOTALNO], [ACCRPTDNO], [ADDTOTALNO])
VALUES 
  (613, 476, 485)
GO

INSERT INTO [dbo].[MST_ACCTOTAL] ([ACCTOTALNO], [ACCRPTDNO], [ADDTOTALNO])
VALUES 
  (614, 476, 517)
GO

INSERT INTO [dbo].[MST_ACCTOTAL] ([ACCTOTALNO], [ACCRPTDNO], [ADDTOTALNO])
VALUES 
  (615, 477, 483)
GO

INSERT INTO [dbo].[MST_ACCTOTAL] ([ACCTOTALNO], [ACCRPTDNO], [ADDTOTALNO])
VALUES 
  (616, 477, 485)
GO

INSERT INTO [dbo].[MST_ACCTOTAL] ([ACCTOTALNO], [ACCRPTDNO], [ADDTOTALNO])
VALUES 
  (617, 477, 517)
GO

INSERT INTO [dbo].[MST_ACCTOTAL] ([ACCTOTALNO], [ACCRPTDNO], [ADDTOTALNO])
VALUES 
  (618, 478, 483)
GO

INSERT INTO [dbo].[MST_ACCTOTAL] ([ACCTOTALNO], [ACCRPTDNO], [ADDTOTALNO])
VALUES 
  (619, 478, 485)
GO

INSERT INTO [dbo].[MST_ACCTOTAL] ([ACCTOTALNO], [ACCRPTDNO], [ADDTOTALNO])
VALUES 
  (620, 478, 517)
GO

INSERT INTO [dbo].[MST_ACCTOTAL] ([ACCTOTALNO], [ACCRPTDNO], [ADDTOTALNO])
VALUES 
  (621, 479, 483)
GO

INSERT INTO [dbo].[MST_ACCTOTAL] ([ACCTOTALNO], [ACCRPTDNO], [ADDTOTALNO])
VALUES 
  (622, 479, 485)
GO

INSERT INTO [dbo].[MST_ACCTOTAL] ([ACCTOTALNO], [ACCRPTDNO], [ADDTOTALNO])
VALUES 
  (623, 479, 517)
GO

INSERT INTO [dbo].[MST_ACCTOTAL] ([ACCTOTALNO], [ACCRPTDNO], [ADDTOTALNO])
VALUES 
  (624, 480, 483)
GO

INSERT INTO [dbo].[MST_ACCTOTAL] ([ACCTOTALNO], [ACCRPTDNO], [ADDTOTALNO])
VALUES 
  (625, 480, 485)
GO

INSERT INTO [dbo].[MST_ACCTOTAL] ([ACCTOTALNO], [ACCRPTDNO], [ADDTOTALNO])
VALUES 
  (626, 480, 517)
GO

INSERT INTO [dbo].[MST_ACCTOTAL] ([ACCTOTALNO], [ACCRPTDNO], [ADDTOTALNO])
VALUES 
  (627, 481, 483)
GO

INSERT INTO [dbo].[MST_ACCTOTAL] ([ACCTOTALNO], [ACCRPTDNO], [ADDTOTALNO])
VALUES 
  (628, 481, 485)
GO

INSERT INTO [dbo].[MST_ACCTOTAL] ([ACCTOTALNO], [ACCRPTDNO], [ADDTOTALNO])
VALUES 
  (629, 481, 517)
GO

INSERT INTO [dbo].[MST_ACCTOTAL] ([ACCTOTALNO], [ACCRPTDNO], [ADDTOTALNO])
VALUES 
  (630, 482, 483)
GO

INSERT INTO [dbo].[MST_ACCTOTAL] ([ACCTOTALNO], [ACCRPTDNO], [ADDTOTALNO])
VALUES 
  (631, 482, 485)
GO

INSERT INTO [dbo].[MST_ACCTOTAL] ([ACCTOTALNO], [ACCRPTDNO], [ADDTOTALNO])
VALUES 
  (632, 482, 517)
GO

INSERT INTO [dbo].[MST_ACCTOTAL] ([ACCTOTALNO], [ACCRPTDNO], [ADDTOTALNO])
VALUES 
  (633, 488, 515)
GO

INSERT INTO [dbo].[MST_ACCTOTAL] ([ACCTOTALNO], [ACCRPTDNO], [ADDTOTALNO])
VALUES 
  (634, 488, 517)
GO

INSERT INTO [dbo].[MST_ACCTOTAL] ([ACCTOTALNO], [ACCRPTDNO], [ADDTOTALNO])
VALUES 
  (635, 489, 515)
GO

INSERT INTO [dbo].[MST_ACCTOTAL] ([ACCTOTALNO], [ACCRPTDNO], [ADDTOTALNO])
VALUES 
  (636, 489, 517)
GO

INSERT INTO [dbo].[MST_ACCTOTAL] ([ACCTOTALNO], [ACCRPTDNO], [ADDTOTALNO])
VALUES 
  (637, 490, 515)
GO

INSERT INTO [dbo].[MST_ACCTOTAL] ([ACCTOTALNO], [ACCRPTDNO], [ADDTOTALNO])
VALUES 
  (638, 490, 517)
GO

INSERT INTO [dbo].[MST_ACCTOTAL] ([ACCTOTALNO], [ACCRPTDNO], [ADDTOTALNO])
VALUES 
  (639, 491, 515)
GO

INSERT INTO [dbo].[MST_ACCTOTAL] ([ACCTOTALNO], [ACCRPTDNO], [ADDTOTALNO])
VALUES 
  (640, 491, 517)
GO

INSERT INTO [dbo].[MST_ACCTOTAL] ([ACCTOTALNO], [ACCRPTDNO], [ADDTOTALNO])
VALUES 
  (641, 492, 515)
GO

INSERT INTO [dbo].[MST_ACCTOTAL] ([ACCTOTALNO], [ACCRPTDNO], [ADDTOTALNO])
VALUES 
  (642, 492, 517)
GO

INSERT INTO [dbo].[MST_ACCTOTAL] ([ACCTOTALNO], [ACCRPTDNO], [ADDTOTALNO])
VALUES 
  (643, 493, 515)
GO

INSERT INTO [dbo].[MST_ACCTOTAL] ([ACCTOTALNO], [ACCRPTDNO], [ADDTOTALNO])
VALUES 
  (644, 493, 517)
GO

INSERT INTO [dbo].[MST_ACCTOTAL] ([ACCTOTALNO], [ACCRPTDNO], [ADDTOTALNO])
VALUES 
  (645, 494, 515)
GO

INSERT INTO [dbo].[MST_ACCTOTAL] ([ACCTOTALNO], [ACCRPTDNO], [ADDTOTALNO])
VALUES 
  (646, 494, 517)
GO

INSERT INTO [dbo].[MST_ACCTOTAL] ([ACCTOTALNO], [ACCRPTDNO], [ADDTOTALNO])
VALUES 
  (647, 495, 515)
GO

INSERT INTO [dbo].[MST_ACCTOTAL] ([ACCTOTALNO], [ACCRPTDNO], [ADDTOTALNO])
VALUES 
  (648, 495, 517)
GO

INSERT INTO [dbo].[MST_ACCTOTAL] ([ACCTOTALNO], [ACCRPTDNO], [ADDTOTALNO])
VALUES 
  (649, 496, 515)
GO

INSERT INTO [dbo].[MST_ACCTOTAL] ([ACCTOTALNO], [ACCRPTDNO], [ADDTOTALNO])
VALUES 
  (650, 496, 517)
GO

INSERT INTO [dbo].[MST_ACCTOTAL] ([ACCTOTALNO], [ACCRPTDNO], [ADDTOTALNO])
VALUES 
  (651, 497, 515)
GO

INSERT INTO [dbo].[MST_ACCTOTAL] ([ACCTOTALNO], [ACCRPTDNO], [ADDTOTALNO])
VALUES 
  (652, 497, 517)
GO

INSERT INTO [dbo].[MST_ACCTOTAL] ([ACCTOTALNO], [ACCRPTDNO], [ADDTOTALNO])
VALUES 
  (653, 498, 515)
GO

INSERT INTO [dbo].[MST_ACCTOTAL] ([ACCTOTALNO], [ACCRPTDNO], [ADDTOTALNO])
VALUES 
  (654, 498, 517)
GO

INSERT INTO [dbo].[MST_ACCTOTAL] ([ACCTOTALNO], [ACCRPTDNO], [ADDTOTALNO])
VALUES 
  (655, 499, 515)
GO

INSERT INTO [dbo].[MST_ACCTOTAL] ([ACCTOTALNO], [ACCRPTDNO], [ADDTOTALNO])
VALUES 
  (656, 499, 517)
GO

INSERT INTO [dbo].[MST_ACCTOTAL] ([ACCTOTALNO], [ACCRPTDNO], [ADDTOTALNO])
VALUES 
  (657, 500, 515)
GO

INSERT INTO [dbo].[MST_ACCTOTAL] ([ACCTOTALNO], [ACCRPTDNO], [ADDTOTALNO])
VALUES 
  (658, 500, 517)
GO

INSERT INTO [dbo].[MST_ACCTOTAL] ([ACCTOTALNO], [ACCRPTDNO], [ADDTOTALNO])
VALUES 
  (659, 501, 515)
GO

INSERT INTO [dbo].[MST_ACCTOTAL] ([ACCTOTALNO], [ACCRPTDNO], [ADDTOTALNO])
VALUES 
  (660, 501, 517)
GO

INSERT INTO [dbo].[MST_ACCTOTAL] ([ACCTOTALNO], [ACCRPTDNO], [ADDTOTALNO])
VALUES 
  (661, 502, 515)
GO

INSERT INTO [dbo].[MST_ACCTOTAL] ([ACCTOTALNO], [ACCRPTDNO], [ADDTOTALNO])
VALUES 
  (662, 502, 517)
GO

INSERT INTO [dbo].[MST_ACCTOTAL] ([ACCTOTALNO], [ACCRPTDNO], [ADDTOTALNO])
VALUES 
  (663, 503, 515)
GO

INSERT INTO [dbo].[MST_ACCTOTAL] ([ACCTOTALNO], [ACCRPTDNO], [ADDTOTALNO])
VALUES 
  (664, 503, 517)
GO

INSERT INTO [dbo].[MST_ACCTOTAL] ([ACCTOTALNO], [ACCRPTDNO], [ADDTOTALNO])
VALUES 
  (665, 504, 515)
GO

INSERT INTO [dbo].[MST_ACCTOTAL] ([ACCTOTALNO], [ACCRPTDNO], [ADDTOTALNO])
VALUES 
  (666, 504, 517)
GO

INSERT INTO [dbo].[MST_ACCTOTAL] ([ACCTOTALNO], [ACCRPTDNO], [ADDTOTALNO])
VALUES 
  (667, 505, 515)
GO

INSERT INTO [dbo].[MST_ACCTOTAL] ([ACCTOTALNO], [ACCRPTDNO], [ADDTOTALNO])
VALUES 
  (668, 505, 517)
GO

INSERT INTO [dbo].[MST_ACCTOTAL] ([ACCTOTALNO], [ACCRPTDNO], [ADDTOTALNO])
VALUES 
  (669, 506, 515)
GO

INSERT INTO [dbo].[MST_ACCTOTAL] ([ACCTOTALNO], [ACCRPTDNO], [ADDTOTALNO])
VALUES 
  (670, 506, 517)
GO

INSERT INTO [dbo].[MST_ACCTOTAL] ([ACCTOTALNO], [ACCRPTDNO], [ADDTOTALNO])
VALUES 
  (671, 507, 515)
GO

INSERT INTO [dbo].[MST_ACCTOTAL] ([ACCTOTALNO], [ACCRPTDNO], [ADDTOTALNO])
VALUES 
  (672, 507, 517)
GO

INSERT INTO [dbo].[MST_ACCTOTAL] ([ACCTOTALNO], [ACCRPTDNO], [ADDTOTALNO])
VALUES 
  (673, 508, 515)
GO

INSERT INTO [dbo].[MST_ACCTOTAL] ([ACCTOTALNO], [ACCRPTDNO], [ADDTOTALNO])
VALUES 
  (674, 508, 517)
GO

INSERT INTO [dbo].[MST_ACCTOTAL] ([ACCTOTALNO], [ACCRPTDNO], [ADDTOTALNO])
VALUES 
  (675, 509, 515)
GO

INSERT INTO [dbo].[MST_ACCTOTAL] ([ACCTOTALNO], [ACCRPTDNO], [ADDTOTALNO])
VALUES 
  (676, 509, 517)
GO

INSERT INTO [dbo].[MST_ACCTOTAL] ([ACCTOTALNO], [ACCRPTDNO], [ADDTOTALNO])
VALUES 
  (677, 510, 515)
GO

INSERT INTO [dbo].[MST_ACCTOTAL] ([ACCTOTALNO], [ACCRPTDNO], [ADDTOTALNO])
VALUES 
  (678, 510, 517)
GO

INSERT INTO [dbo].[MST_ACCTOTAL] ([ACCTOTALNO], [ACCRPTDNO], [ADDTOTALNO])
VALUES 
  (679, 511, 515)
GO

INSERT INTO [dbo].[MST_ACCTOTAL] ([ACCTOTALNO], [ACCRPTDNO], [ADDTOTALNO])
VALUES 
  (680, 511, 517)
GO

INSERT INTO [dbo].[MST_ACCTOTAL] ([ACCTOTALNO], [ACCRPTDNO], [ADDTOTALNO])
VALUES 
  (681, 512, 515)
GO

INSERT INTO [dbo].[MST_ACCTOTAL] ([ACCTOTALNO], [ACCRPTDNO], [ADDTOTALNO])
VALUES 
  (682, 512, 517)
GO

INSERT INTO [dbo].[MST_ACCTOTAL] ([ACCTOTALNO], [ACCRPTDNO], [ADDTOTALNO])
VALUES 
  (683, 513, 515)
GO

INSERT INTO [dbo].[MST_ACCTOTAL] ([ACCTOTALNO], [ACCRPTDNO], [ADDTOTALNO])
VALUES 
  (684, 513, 517)
GO

INSERT INTO [dbo].[MST_ACCTOTAL] ([ACCTOTALNO], [ACCRPTDNO], [ADDTOTALNO])
VALUES 
  (685, 514, 515)
GO

INSERT INTO [dbo].[MST_ACCTOTAL] ([ACCTOTALNO], [ACCRPTDNO], [ADDTOTALNO])
VALUES 
  (686, 514, 517)
GO

--
-- 516 record(s) inserted to [dbo].[MST_ACCTOTAL]
--



--
-- Data for table MST_BANK  (LIMIT 0,1000)
--

INSERT INTO [dbo].[MST_BANK] ([BANKNO], [BANK_CODE], [BANK_NAME], [ACC_CODE])
VALUES 
  (1, '11310', 'Public Bank', '11310')
GO

INSERT INTO [dbo].[MST_BANK] ([BANKNO], [BANK_CODE], [BANK_NAME], [ACC_CODE])
VALUES 
  (2, '11320', 'RHB Bank', '11320')
GO

INSERT INTO [dbo].[MST_BANK] ([BANKNO], [BANK_CODE], [BANK_NAME], [ACC_CODE])
VALUES 
  (3, 'PReturn', 'Purchase Return', '11310')
GO

INSERT INTO [dbo].[MST_BANK] ([BANKNO], [BANK_CODE], [BANK_NAME], [ACC_CODE])
VALUES 
  (4, 'PDiscount', 'Purchase Discount', '61400')
GO

INSERT INTO [dbo].[MST_BANK] ([BANKNO], [BANK_CODE], [BANK_NAME], [ACC_CODE])
VALUES 
  (5, 'SReturn', 'Sales Return', '52100')
GO

INSERT INTO [dbo].[MST_BANK] ([BANKNO], [BANK_CODE], [BANK_NAME], [ACC_CODE])
VALUES 
  (6, 'SDiscount', 'Sales Discount', '52200')
GO

--
-- 6 record(s) inserted to [dbo].[MST_BANK]
--


--
-- Data for table MST_CURRENCY  (LIMIT 0,1000)
--

INSERT INTO [dbo].[MST_CURRENCY] ([CURR_CODE], [CURR_NAME], [CURR_RATE])
VALUES 
  ('RM', 'Ringgit Malaysia', 1)
GO

--
-- 1 record(s) inserted to [dbo].[MST_CURRENCY]
--

--
-- Data for table MST_COMPANY  (LIMIT 0,1000)
--

SET IDENTITY_INSERT [dbo].[MST_COMPANY] ON
GO

INSERT INTO [dbo].[MST_COMPANY] ([COMPNO], [COMP_NAME], [REG_CODE], [ACC_YEAR], [START_MONTH], [CURR_CODE], [ADDR1], [ADDR2], [ADDR3], [ADDR4], [PHONENO], [FAXNO], [ACC_AP], [ACC_APDISC], [ACC_AR], [ACC_ARDISC], [ACC_SALES])
VALUES 
  (1, 'Ideal Marketing Trading Company', 'R-9999999', 2007, 1, 'RM', 'No. 52, Jalan Sedap Dua,', 'Hicom Centre, Section 13,', '40400 Shah Alam,', 'Selangor.', '(603) 8844-4331', '(603) 8844-4332', '31100', '61400', '12100', '52200', '51200')
GO

--
-- 1 record(s) inserted to [dbo].[MST_COMPANY]
--

SET IDENTITY_INSERT [dbo].[MST_COMPANY] OFF
GO

--
-- Data for table MST_SALESMAN  (LIMIT 0,1000)
--

INSERT INTO [dbo].[MST_SALESMAN] ([SALES_CODE], [LAST_NAME], [FIRST_NAME], [JOBTITLE], [HANDPHONE1], [HANDPHONE2], [HOMEPHONE], [EMAIL])
VALUES 
  ('1001', 'Jimmy', 'Lee Lup Hong', 'Salesman', '(012) 3333-333', NULL, '( 03) 8888-8888', NULL)
GO

INSERT INTO [dbo].[MST_SALESMAN] ([SALES_CODE], [LAST_NAME], [FIRST_NAME], [JOBTITLE], [HANDPHONE1], [HANDPHONE2], [HOMEPHONE], [EMAIL])
VALUES 
  ('1002', 'Stone', 'Tan Kong Foo', 'Salesman', '(016) 6666-666', NULL, '( 03) 6666-6666', NULL)
GO

INSERT INTO [dbo].[MST_SALESMAN] ([SALES_CODE], [LAST_NAME], [FIRST_NAME], [JOBTITLE], [HANDPHONE1], [HANDPHONE2], [HOMEPHONE], [EMAIL])
VALUES 
  ('1003', 'Stephanie', 'Khoo Chen Ying', 'Sales Girl', '(019) 9999-999', NULL, '( 03) 7777-7777', NULL)
GO

INSERT INTO [dbo].[MST_SALESMAN] ([SALES_CODE], [LAST_NAME], [FIRST_NAME], [JOBTITLE], [HANDPHONE1], [HANDPHONE2], [HOMEPHONE], [EMAIL])
VALUES 
  ('1004', 'Jenny', 'Fan Li Xuan', 'Sales Girl', '(014) 3333-333', NULL, '( 05) 5555-5555', NULL)
GO

--
-- 4 record(s) inserted to [dbo].[MST_SALESMAN]
--

--
-- Data for table MST_TAX  (LIMIT 0,1000)
--

INSERT INTO [dbo].[MST_TAX] ([TAX_CODE], [TAX_NAME], [TAX_RATE], [TAX_ACC])
VALUES 
  ('GST', 'GST', 5, '35100')
GO

--
-- 1 record(s) inserted to [dbo].[MST_TAX]
--

--
-- Data for table MST_CUSTTYPE  (LIMIT 0,1000)
--

INSERT INTO [dbo].[MST_CUSTTYPE] ([CUSTTYPE_CODE], [CUSTTYPE_NAME])
VALUES 
  ('NORMAL', 'Normal Customer')
GO

INSERT INTO [dbo].[MST_CUSTTYPE] ([CUSTTYPE_CODE], [CUSTTYPE_NAME])
VALUES 
  ('VIP', 'VIP Customer')
GO

--
-- 2 record(s) inserted to [dbo].[MST_CUSTTYPE]
--

--
-- Data for table MST_CUSTOMER  (LIMIT 0,1000)
--

INSERT INTO [dbo].[MST_CUSTOMER] ([CUSTOMER_CODE], [CUSTOMER_NAME], [REG_CODE], [ADDR1], [ADDR2], [ADDR3], [ADDR4], [PHONE], [FAX], [WEBPAGE], [EMAIL], [CONTACT1], [C1PHONE], [C1FAX], [CONTACT2], [C2PHONE], [C2FAX], [DISCDAY], [DISCPTG], [DUEDAY], [CURR_CODE], [IS_COD], [CREDIT_LIMIT], [TAX_CODE1], [TAX_CODE2], [SALES_CODE], [CUSTTYPE_CODE], [TAXEXAMPNO1], [TAXEXAMPNO2], [SHIPNAME], [SHIPADDR1], [SHIPADDR2], [SHIPADDR3], [SHIPADDR4], [IS_SUSPEND], [IS_PRINTSTM], [NOTES])
VALUES 
  ('A0001', 'Atlanta Trading Sdn Bhd', 'A-123456', '48, Jalan SS2/32,', '47300 Petaling Jaya', NULL, NULL, '( 03) 7888-8888', NULL, NULL, NULL, 'Mr.Yun', NULL, NULL, NULL, NULL, NULL, 10, 5, 30, 'RM', 0, 10000, 'GST', NULL, '1001', 'NORMAL', NULL, NULL, 'Mr. Yun', 'Same as above', NULL, NULL, NULL, 0, 1, NULL)
GO

INSERT INTO [dbo].[MST_CUSTOMER] ([CUSTOMER_CODE], [CUSTOMER_NAME], [REG_CODE], [ADDR1], [ADDR2], [ADDR3], [ADDR4], [PHONE], [FAX], [WEBPAGE], [EMAIL], [CONTACT1], [C1PHONE], [C1FAX], [CONTACT2], [C2PHONE], [C2FAX], [DISCDAY], [DISCPTG], [DUEDAY], [CURR_CODE], [IS_COD], [CREDIT_LIMIT], [TAX_CODE1], [TAX_CODE2], [SALES_CODE], [CUSTTYPE_CODE], [TAXEXAMPNO1], [TAXEXAMPNO2], [SHIPNAME], [SHIPADDR1], [SHIPADDR2], [SHIPADDR3], [SHIPADDR4], [IS_SUSPEND], [IS_PRINTSTM], [NOTES])
VALUES 
  ('B0001', 'Best Hill Marketing', 'P-543221', '32-2A, Jalan Klang Lama,', '58100 Kuala Lumpur.', NULL, NULL, '( 03) 7983-3333', '( 03) 7984-4444', NULL, NULL, 'Mr. James', NULL, NULL, NULL, NULL, NULL, 10, 5, 30, 'RM', 0, 15000, NULL, NULL, '1002', 'NORMAL', NULL, NULL, 'Mr. James', 'Same as above', NULL, NULL, NULL, 0, 1, NULL)
GO

INSERT INTO [dbo].[MST_CUSTOMER] ([CUSTOMER_CODE], [CUSTOMER_NAME], [REG_CODE], [ADDR1], [ADDR2], [ADDR3], [ADDR4], [PHONE], [FAX], [WEBPAGE], [EMAIL], [CONTACT1], [C1PHONE], [C1FAX], [CONTACT2], [C2PHONE], [C2FAX], [DISCDAY], [DISCPTG], [DUEDAY], [CURR_CODE], [IS_COD], [CREDIT_LIMIT], [TAX_CODE1], [TAX_CODE2], [SALES_CODE], [CUSTTYPE_CODE], [TAXEXAMPNO1], [TAXEXAMPNO2], [SHIPNAME], [SHIPADDR1], [SHIPADDR2], [SHIPADDR3], [SHIPADDR4], [IS_SUSPEND], [IS_PRINTSTM], [NOTES])
VALUES 
  ('C0001', 'Charles Trading Marketing', 'P-30098', '27, Jalan Tiong Hock,', 'Tmn Perindustri,', 'Shah Alam.', NULL, '( 03) 1234-5678', NULL, NULL, NULL, 'Ms Lim / Mr. Charles', NULL, NULL, NULL, NULL, NULL, 10, 0, 30, 'RM', 0, 8000, NULL, NULL, '1003', 'NORMAL', NULL, NULL, 'Ms Lim / Mr. Charles', 'Same as above', NULL, NULL, NULL, 0, 1, NULL)
GO

INSERT INTO [dbo].[MST_CUSTOMER] ([CUSTOMER_CODE], [CUSTOMER_NAME], [REG_CODE], [ADDR1], [ADDR2], [ADDR3], [ADDR4], [PHONE], [FAX], [WEBPAGE], [EMAIL], [CONTACT1], [C1PHONE], [C1FAX], [CONTACT2], [C2PHONE], [C2FAX], [DISCDAY], [DISCPTG], [DUEDAY], [CURR_CODE], [IS_COD], [CREDIT_LIMIT], [TAX_CODE1], [TAX_CODE2], [SALES_CODE], [CUSTTYPE_CODE], [TAXEXAMPNO1], [TAXEXAMPNO2], [SHIPNAME], [SHIPADDR1], [SHIPADDR2], [SHIPADDR3], [SHIPADDR4], [IS_SUSPEND], [IS_PRINTSTM], [NOTES])
VALUES 
  ('C0002', 'Cactus Tading Sdn Bhd', 'A-798379', '9A, Jalan Pandan Indah,', 'Pandan Indah,', 'Kuala Lumpur.', NULL, '( 03) 7768-9755', NULL, NULL, NULL, 'Ms Khoo', NULL, NULL, NULL, NULL, NULL, 10, 5, 30, 'RM', 0, 12000, NULL, NULL, '1001', 'NORMAL', NULL, NULL, NULL, 'Same as above', NULL, NULL, NULL, 0, 1, NULL)
GO

INSERT INTO [dbo].[MST_CUSTOMER] ([CUSTOMER_CODE], [CUSTOMER_NAME], [REG_CODE], [ADDR1], [ADDR2], [ADDR3], [ADDR4], [PHONE], [FAX], [WEBPAGE], [EMAIL], [CONTACT1], [C1PHONE], [C1FAX], [CONTACT2], [C2PHONE], [C2FAX], [DISCDAY], [DISCPTG], [DUEDAY], [CURR_CODE], [IS_COD], [CREDIT_LIMIT], [TAX_CODE1], [TAX_CODE2], [SALES_CODE], [CUSTTYPE_CODE], [TAXEXAMPNO1], [TAXEXAMPNO2], [SHIPNAME], [SHIPADDR1], [SHIPADDR2], [SHIPADDR3], [SHIPADDR4], [IS_SUSPEND], [IS_PRINTSTM], [NOTES])
VALUES 
  ('M0001', 'Maxwell Marketing', 'S-111111', 'Lot 2,Taman Perindustrial Park,', 'Damansara, P.J.', NULL, NULL, '( 03) 1119-1119', NULL, NULL, NULL, 'Mr. Wan', NULL, NULL, NULL, NULL, NULL, 10, 0, 30, 'RM', 0, 5000, NULL, NULL, '1002', 'NORMAL', NULL, NULL, 'Mr. Wan', 'Same as above', NULL, NULL, NULL, 0, 1, NULL)
GO

INSERT INTO [dbo].[MST_CUSTOMER] ([CUSTOMER_CODE], [CUSTOMER_NAME], [REG_CODE], [ADDR1], [ADDR2], [ADDR3], [ADDR4], [PHONE], [FAX], [WEBPAGE], [EMAIL], [CONTACT1], [C1PHONE], [C1FAX], [CONTACT2], [C2PHONE], [C2FAX], [DISCDAY], [DISCPTG], [DUEDAY], [CURR_CODE], [IS_COD], [CREDIT_LIMIT], [TAX_CODE1], [TAX_CODE2], [SALES_CODE], [CUSTTYPE_CODE], [TAXEXAMPNO1], [TAXEXAMPNO2], [SHIPNAME], [SHIPADDR1], [SHIPADDR2], [SHIPADDR3], [SHIPADDR4], [IS_SUSPEND], [IS_PRINTSTM], [NOTES])
VALUES 
  ('P0001', 'Park City Trading', 'S-101010', '16, Lot 5, 4 1/2 Miles,', 'Jalan Klang Lama,', '58000 Kuala Lumpur.', NULL, '( 03) 6666-7777', NULL, NULL, NULL, 'Mr. Eddy', NULL, NULL, NULL, NULL, NULL, 10, 3, 30, 'RM', 0, 8000, NULL, NULL, '1004', 'NORMAL', NULL, NULL, 'Mr. Eddy', 'Same as above', NULL, NULL, NULL, 0, 1, NULL)
GO

INSERT INTO [dbo].[MST_CUSTOMER] ([CUSTOMER_CODE], [CUSTOMER_NAME], [REG_CODE], [ADDR1], [ADDR2], [ADDR3], [ADDR4], [PHONE], [FAX], [WEBPAGE], [EMAIL], [CONTACT1], [C1PHONE], [C1FAX], [CONTACT2], [C2PHONE], [C2FAX], [DISCDAY], [DISCPTG], [DUEDAY], [CURR_CODE], [IS_COD], [CREDIT_LIMIT], [TAX_CODE1], [TAX_CODE2], [SALES_CODE], [CUSTTYPE_CODE], [TAXEXAMPNO1], [TAXEXAMPNO2], [SHIPNAME], [SHIPADDR1], [SHIPADDR2], [SHIPADDR3], [SHIPADDR4], [IS_SUSPEND], [IS_PRINTSTM], [NOTES])
VALUES 
  ('S0001', 'Sara Globe Marketing', 'A-435627A', 'No. 3F, 5th Floor,', 'Worldwide Park,', 'Shah Alam.', NULL, '( 03) 4456-7676', NULL, NULL, NULL, 'Ms Sara', NULL, NULL, NULL, NULL, NULL, 10, 0, 30, 'RM', 0, 10000, NULL, NULL, '1001', 'NORMAL', NULL, NULL, 'Ms Sara', 'Same as above', NULL, NULL, NULL, 0, 1, NULL)
GO

INSERT INTO [dbo].[MST_CUSTOMER] ([CUSTOMER_CODE], [CUSTOMER_NAME], [REG_CODE], [ADDR1], [ADDR2], [ADDR3], [ADDR4], [PHONE], [FAX], [WEBPAGE], [EMAIL], [CONTACT1], [C1PHONE], [C1FAX], [CONTACT2], [C2PHONE], [C2FAX], [DISCDAY], [DISCPTG], [DUEDAY], [CURR_CODE], [IS_COD], [CREDIT_LIMIT], [TAX_CODE1], [TAX_CODE2], [SALES_CODE], [CUSTTYPE_CODE], [TAXEXAMPNO1], [TAXEXAMPNO2], [SHIPNAME], [SHIPADDR1], [SHIPADDR2], [SHIPADDR3], [SHIPADDR4], [IS_SUSPEND], [IS_PRINTSTM], [NOTES])
VALUES 
  ('U0001', 'UV Marketing', 'A-888222', 'Lot 55, Section 13,', 'Jalan Reco,', 'Kajang.', NULL, '( 03) 5567-8790', NULL, NULL, NULL, 'Mr. Lam', NULL, NULL, NULL, NULL, NULL, 10, 5, 30, 'RM', 0, 10000, NULL, NULL, '1004', 'NORMAL', NULL, NULL, 'Mr. Lam', 'Same as above', NULL, NULL, NULL, 0, 1, NULL)
GO

INSERT INTO [dbo].[MST_CUSTOMER] ([CUSTOMER_CODE], [CUSTOMER_NAME], [REG_CODE], [ADDR1], [ADDR2], [ADDR3], [ADDR4], [PHONE], [FAX], [WEBPAGE], [EMAIL], [CONTACT1], [C1PHONE], [C1FAX], [CONTACT2], [C2PHONE], [C2FAX], [DISCDAY], [DISCPTG], [DUEDAY], [CURR_CODE], [IS_COD], [CREDIT_LIMIT], [TAX_CODE1], [TAX_CODE2], [SALES_CODE], [CUSTTYPE_CODE], [TAXEXAMPNO1], [TAXEXAMPNO2], [SHIPNAME], [SHIPADDR1], [SHIPADDR2], [SHIPADDR3], [SHIPADDR4], [IS_SUSPEND], [IS_PRINTSTM], [NOTES])
VALUES 
  ('X0001', 'Xam-Tec Marketing Sdn Bhd', 'P-764839', 'Lot 113, Jalan Balakong,', 'Batu 11, Cheras, Selangor.', NULL, NULL, '( 03) 8899-3333', NULL, NULL, NULL, 'Ms Caron', NULL, NULL, NULL, NULL, NULL, 10, 5, 30, 'RM', 0, 18000, NULL, NULL, '1003', 'NORMAL', NULL, NULL, 'Ms Caron', 'Same as above', NULL, NULL, NULL, 0, 1, NULL)
GO

INSERT INTO [dbo].[MST_CUSTOMER] ([CUSTOMER_CODE], [CUSTOMER_NAME], [REG_CODE], [ADDR1], [ADDR2], [ADDR3], [ADDR4], [PHONE], [FAX], [WEBPAGE], [EMAIL], [CONTACT1], [C1PHONE], [C1FAX], [CONTACT2], [C2PHONE], [C2FAX], [DISCDAY], [DISCPTG], [DUEDAY], [CURR_CODE], [IS_COD], [CREDIT_LIMIT], [TAX_CODE1], [TAX_CODE2], [SALES_CODE], [CUSTTYPE_CODE], [TAXEXAMPNO1], [TAXEXAMPNO2], [SHIPNAME], [SHIPADDR1], [SHIPADDR2], [SHIPADDR3], [SHIPADDR4], [IS_SUSPEND], [IS_PRINTSTM], [NOTES])
VALUES 
  ('Z0001', 'Zedelta Sdn Bhd', 'A-90012', 'No. 19, Taman Campbell,', 'Kuala Lumpur.', NULL, NULL, '( 03) 9876-5432', NULL, NULL, NULL, 'Madam Tee', NULL, NULL, NULL, NULL, NULL, 10, 0, 30, 'RM', 0, 10000, NULL, NULL, '1004', 'NORMAL', NULL, NULL, 'Madam Tee', 'Same as above', NULL, NULL, NULL, 0, 1, NULL)
GO

--
-- 10 record(s) inserted to [dbo].[MST_CUSTOMER]
--


--
-- Data for table MST_FORMS  (LIMIT 0,500)
--

SET IDENTITY_INSERT [dbo].[MST_FORMS] ON
GO

INSERT INTO [dbo].[MST_FORMS] ([FORMNO], [ASSEMBLY_NAME], [FORM_CLASS], [FORM_NAME])
VALUES 
  (5, 'CSSystem', 'CSSystem.FmSecurity', 'Security Settings')
GO

INSERT INTO [dbo].[MST_FORMS] ([FORMNO], [ASSEMBLY_NAME], [FORM_CLASS], [FORM_NAME])
VALUES 
  (6, 'CSSystem', 'CSSystem.FmTest', 'Testing')
GO

INSERT INTO [dbo].[MST_FORMS] ([FORMNO], [ASSEMBLY_NAME], [FORM_CLASS], [FORM_NAME])
VALUES 
  (7, 'CSGLedger', 'CSGLedger.FmAccount', 'Account Settings')
GO

INSERT INTO [dbo].[MST_FORMS] ([FORMNO], [ASSEMBLY_NAME], [FORM_CLASS], [FORM_NAME])
VALUES 
  (8, 'CSGLedger', 'CSGLedger.FmGL', 'General Ledger')
GO

INSERT INTO [dbo].[MST_FORMS] ([FORMNO], [ASSEMBLY_NAME], [FORM_CLASS], [FORM_NAME])
VALUES 
  (9, 'CSGLedger', 'CSGLedger.FmCurrency', 'Currency Settings')
GO

INSERT INTO [dbo].[MST_FORMS] ([FORMNO], [ASSEMBLY_NAME], [FORM_CLASS], [FORM_NAME])
VALUES 
  (10, 'CSGLedger', 'CSGLedger.FmCompany', 'Company Setup')
GO

INSERT INTO [dbo].[MST_FORMS] ([FORMNO], [ASSEMBLY_NAME], [FORM_CLASS], [FORM_NAME])
VALUES 
  (12, 'CSAccPayable', 'CSAccPayable.FmVendor', 'Vendor Settings')
GO

INSERT INTO [dbo].[MST_FORMS] ([FORMNO], [ASSEMBLY_NAME], [FORM_CLASS], [FORM_NAME])
VALUES 
  (13, 'CSAccPayable', 'CSAccPayable.FmAPInv', 'Vendor Invoice')
GO

INSERT INTO [dbo].[MST_FORMS] ([FORMNO], [ASSEMBLY_NAME], [FORM_CLASS], [FORM_NAME])
VALUES 
  (14, 'CSGLedger', 'CSGLedger.FmBank', 'Bank Settings')
GO

INSERT INTO [dbo].[MST_FORMS] ([FORMNO], [ASSEMBLY_NAME], [FORM_CLASS], [FORM_NAME])
VALUES 
  (15, 'CSAccPayable', 'CSAccPayable.FmCheque', 'Cheque Payment')
GO

INSERT INTO [dbo].[MST_FORMS] ([FORMNO], [ASSEMBLY_NAME], [FORM_CLASS], [FORM_NAME])
VALUES 
  (16, 'CSAccReceivable', 'CSAccReceivable.FmCustType', 'Customer Type')
GO

INSERT INTO [dbo].[MST_FORMS] ([FORMNO], [ASSEMBLY_NAME], [FORM_CLASS], [FORM_NAME])
VALUES 
  (17, 'CSAccReceivable', 'CSAccReceivable.FmSalesman', 'Salesman')
GO

INSERT INTO [dbo].[MST_FORMS] ([FORMNO], [ASSEMBLY_NAME], [FORM_CLASS], [FORM_NAME])
VALUES 
  (18, 'CSAccReceivable', 'CSAccReceivable.FmTax', 'Tax Setup')
GO

INSERT INTO [dbo].[MST_FORMS] ([FORMNO], [ASSEMBLY_NAME], [FORM_CLASS], [FORM_NAME])
VALUES 
  (19, 'CSAccReceivable', 'CSAccReceivable.FmCustomer', 'Customer Setup')
GO

INSERT INTO [dbo].[MST_FORMS] ([FORMNO], [ASSEMBLY_NAME], [FORM_CLASS], [FORM_NAME])
VALUES 
  (20, 'CSAccReceivable', 'CSAccReceivable.FmARInv', 'Customer Invoice')
GO

INSERT INTO [dbo].[MST_FORMS] ([FORMNO], [ASSEMBLY_NAME], [FORM_CLASS], [FORM_NAME])
VALUES 
  (21, 'CSAccReceivable', 'CSAccReceivable.FmARCheque', 'Customer Payment')
GO

INSERT INTO [dbo].[MST_FORMS] ([FORMNO], [ASSEMBLY_NAME], [FORM_CLASS], [FORM_NAME])
VALUES 
  (25, 'CSReports', 'OpenPayable.rdlc', 'Open Payable Report')
GO

INSERT INTO [dbo].[MST_FORMS] ([FORMNO], [ASSEMBLY_NAME], [FORM_CLASS], [FORM_NAME])
VALUES 
  (26, 'CSReports', 'CustomersAging.rdlc', 'Customers'' Aging Report')
GO

INSERT INTO [dbo].[MST_FORMS] ([FORMNO], [ASSEMBLY_NAME], [FORM_CLASS], [FORM_NAME])
VALUES 
  (27, 'CSReports', 'CustomerStatement.rdlc', 'Customer Statement Report')
GO

INSERT INTO [dbo].[MST_FORMS] ([FORMNO], [ASSEMBLY_NAME], [FORM_CLASS], [FORM_NAME])
VALUES 
  (28, 'CSReports', 'TrialBalance.rdlc', 'Trial Balance Report')
GO

INSERT INTO [dbo].[MST_FORMS] ([FORMNO], [ASSEMBLY_NAME], [FORM_CLASS], [FORM_NAME])
VALUES 
  (31, 'CSReports', 'BLPL.rdlc', 'Financial Report')
GO

INSERT INTO [dbo].[MST_FORMS] ([FORMNO], [ASSEMBLY_NAME], [FORM_CLASS], [FORM_NAME])
VALUES 
  (32, 'MyModule', 'MyModule.Form1', 'Form1')
GO

INSERT INTO [dbo].[MST_FORMS] ([FORMNO], [ASSEMBLY_NAME], [FORM_CLASS], [FORM_NAME])
VALUES 
  (33, 'CSAccInventory', 'CSAccInventory.FmItemType', 'Item Type')
GO

INSERT INTO [dbo].[MST_FORMS] ([FORMNO], [ASSEMBLY_NAME], [FORM_CLASS], [FORM_NAME])
VALUES 
  (34, 'CSAccInventory', 'CSAccInventory.FmWarehouse', 'Warehouse')
GO

INSERT INTO [dbo].[MST_FORMS] ([FORMNO], [ASSEMBLY_NAME], [FORM_CLASS], [FORM_NAME])
VALUES 
  (35, 'CSAccInventory', 'CSAccInventory.FmItemMaster', 'Item Master')
GO

INSERT INTO [dbo].[MST_FORMS] ([FORMNO], [ASSEMBLY_NAME], [FORM_CLASS], [FORM_NAME])
VALUES 
  (36, 'CSAccInventory', 'CSAccInventory.FmReceiving', 'Item Receive')
GO

INSERT INTO [dbo].[MST_FORMS] ([FORMNO], [ASSEMBLY_NAME], [FORM_CLASS], [FORM_NAME])
VALUES 
  (37, 'CSAccInventory', 'CSAccInventory.FmDO', 'Delivery Order')
GO

INSERT INTO [dbo].[MST_FORMS] ([FORMNO], [ASSEMBLY_NAME], [FORM_CLASS], [FORM_NAME])
VALUES 
  (38, 'CSAccInventory', 'CSAccInventory.FmAJ', 'Adjustment')
GO

INSERT INTO [dbo].[MST_FORMS] ([FORMNO], [ASSEMBLY_NAME], [FORM_CLASS], [FORM_NAME])
VALUES 
  (39, 'CSAccInventory', 'CSAccInventory.FmInvTotal', 'Inventory Total')
GO

INSERT INTO [dbo].[MST_FORMS] ([FORMNO], [ASSEMBLY_NAME], [FORM_CLASS], [FORM_NAME])
VALUES 
  (40, 'CSAccInventory', 'CSAccInventory.FmInvHistory', 'Inventory History')
GO

INSERT INTO [dbo].[MST_FORMS] ([FORMNO], [ASSEMBLY_NAME], [FORM_CLASS], [FORM_NAME])
VALUES 
  (41, 'CSAccInventory', 'CSAccInventory.FmItmGrp', 'Item Group')
GO

INSERT INTO [dbo].[MST_FORMS] ([FORMNO], [ASSEMBLY_NAME], [FORM_CLASS], [FORM_NAME])
VALUES 
  (42, 'CSAccInventory', 'CSAccInventory.FmItmColor', 'Item Color')
GO

INSERT INTO [dbo].[MST_FORMS] ([FORMNO], [ASSEMBLY_NAME], [FORM_CLASS], [FORM_NAME])
VALUES 
  (43, 'CSAccInventory', 'CSAccInventory.FmItmSize', 'Item Size')
GO

INSERT INTO [dbo].[MST_FORMS] ([FORMNO], [ASSEMBLY_NAME], [FORM_CLASS], [FORM_NAME])
VALUES 
  (44, 'CSPOS', 'CSPOS.FmDTO', 'Distribution Order')
GO

INSERT INTO [dbo].[MST_FORMS] ([FORMNO], [ASSEMBLY_NAME], [FORM_CLASS], [FORM_NAME])
VALUES 
  (45, 'CSPOS', 'CSPOS.FmPOSUser', 'POS User Setting')
GO

INSERT INTO [dbo].[MST_FORMS] ([FORMNO], [ASSEMBLY_NAME], [FORM_CLASS], [FORM_NAME])
VALUES 
  (47, 'CSPOS', 'CSPOS.FmPOSSetting', 'POS Settings')
GO

INSERT INTO [dbo].[MST_FORMS] ([FORMNO], [ASSEMBLY_NAME], [FORM_CLASS], [FORM_NAME])
VALUES 
  (48, 'CSPOS', 'CSPOS.FmDailySales', 'POS Daily Sales')
GO

INSERT INTO [dbo].[MST_FORMS] ([FORMNO], [ASSEMBLY_NAME], [FORM_CLASS], [FORM_NAME])
VALUES 
  (49, 'CSAccInventory', 'CSAccInventory.FmInvClass1', 'Item Class 1')
GO

INSERT INTO [dbo].[MST_FORMS] ([FORMNO], [ASSEMBLY_NAME], [FORM_CLASS], [FORM_NAME])
VALUES 
  (50, 'CSAccInventory', 'CSAccInventory.FmInvClass2', 'Item Class 2')
GO

INSERT INTO [dbo].[MST_FORMS] ([FORMNO], [ASSEMBLY_NAME], [FORM_CLASS], [FORM_NAME])
VALUES 
  (51, 'CSGLedger', 'CSGLedger.FmBKBook', 'Bank Book')
GO

INSERT INTO [dbo].[MST_FORMS] ([FORMNO], [ASSEMBLY_NAME], [FORM_CLASS], [FORM_NAME])
VALUES 
  (52, 'CSReports', 'SimpleFinance.rdlc', 'Simple Finance Rpt')
GO

INSERT INTO [dbo].[MST_FORMS] ([FORMNO], [ASSEMBLY_NAME], [FORM_CLASS], [FORM_NAME])
VALUES 
  (53, 'CSPOS', 'CSPOS.FmDailySalesByItem', 'POS Item Sales')
GO

INSERT INTO [dbo].[MST_FORMS] ([FORMNO], [ASSEMBLY_NAME], [FORM_CLASS], [FORM_NAME])
VALUES 
  (54, 'CSPOS', 'CSPOS.FmDailySalesByTender', 'POS Tender Sales')
GO

INSERT INTO [dbo].[MST_FORMS] ([FORMNO], [ASSEMBLY_NAME], [FORM_CLASS], [FORM_NAME])
VALUES 
  (55, 'CSPOS', 'CSPOS.FmPOSTSL', 'POS Sales Posting')
GO

INSERT INTO [dbo].[MST_FORMS] ([FORMNO], [ASSEMBLY_NAME], [FORM_CLASS], [FORM_NAME])
VALUES 
  (56, 'CSReports', 'ItemStockTakeList.rdlc', 'Stock Take List')
GO

INSERT INTO [dbo].[MST_FORMS] ([FORMNO], [ASSEMBLY_NAME], [FORM_CLASS], [FORM_NAME])
VALUES 
  (57, 'CSSystem', 'CSSystem.FmKeyCode', 'Document Code')
GO

INSERT INTO [dbo].[MST_FORMS] ([FORMNO], [ASSEMBLY_NAME], [FORM_CLASS], [FORM_NAME])
VALUES 
  (58, 'CSAccInventory', 'CSAccInventory.FmInvCashBill', 'Cash Bill')
GO

--
-- 52 record(s) inserted to [dbo].[MST_FORMS]
--



SET IDENTITY_INSERT [dbo].[MST_FORMS] OFF
GO

--
-- Data for table MST_GRPS  (LIMIT 0,500)
--

SET IDENTITY_INSERT [dbo].[MST_GRPS] ON
GO

INSERT INTO [dbo].[MST_GRPS] ([GRPNO], [GRPNAME])
VALUES 
  (1, 'Master Settings')
GO

INSERT INTO [dbo].[MST_GRPS] ([GRPNO], [GRPNAME])
VALUES 
  (2, 'General Ledger')
GO

INSERT INTO [dbo].[MST_GRPS] ([GRPNO], [GRPNAME])
VALUES 
  (5, 'Financial Reports')
GO

--
-- 3 record(s) inserted to [dbo].[MST_GRPS]
--



SET IDENTITY_INSERT [dbo].[MST_GRPS] OFF
GO

--
-- Data for table MST_GRPFORM  (LIMIT 0,500)
--

INSERT INTO [dbo].[MST_GRPFORM] ([GRPNO], [FORMNO])
VALUES 
  (1, 5)
GO

INSERT INTO [dbo].[MST_GRPFORM] ([GRPNO], [FORMNO])
VALUES 
  (1, 7)
GO

INSERT INTO [dbo].[MST_GRPFORM] ([GRPNO], [FORMNO])
VALUES 
  (2, 8)
GO

INSERT INTO [dbo].[MST_GRPFORM] ([GRPNO], [FORMNO])
VALUES 
  (2, 9)
GO

INSERT INTO [dbo].[MST_GRPFORM] ([GRPNO], [FORMNO])
VALUES 
  (2, 10)
GO

INSERT INTO [dbo].[MST_GRPFORM] ([GRPNO], [FORMNO])
VALUES 
  (2, 14)
GO

INSERT INTO [dbo].[MST_GRPFORM] ([GRPNO], [FORMNO])
VALUES 
  (2, 28)
GO

INSERT INTO [dbo].[MST_GRPFORM] ([GRPNO], [FORMNO])
VALUES 
  (2, 51)
GO


INSERT INTO [dbo].[MST_GRPFORM] ([GRPNO], [FORMNO])
VALUES 
  (5, 31)
GO

INSERT INTO [dbo].[MST_GRPFORM] ([GRPNO], [FORMNO])
VALUES 
  (5, 52)
GO


--
-- xx record(s) inserted to [dbo].[MST_GRPFORM]
--

--
-- Data for table MST_ITEM_TYPE  (LIMIT 0,1000)
--

INSERT INTO [dbo].[MST_ITEM_TYPE] ([ITEM_TYPE_NO], [ITEM_TYPE_NAME], [IS_SERVICE])
VALUES 
  (1, 'Normal Item', 0)
GO

INSERT INTO [dbo].[MST_ITEM_TYPE] ([ITEM_TYPE_NO], [ITEM_TYPE_NAME], [IS_SERVICE])
VALUES 
  (2, 'Service Related', 1)
GO

--
-- 2 record(s) inserted to [dbo].[MST_ITEM_TYPE]
--



--
-- Data for table MST_ITEMS  (LIMIT 0,1000)
--

INSERT INTO [dbo].[MST_ITEMS] ([ITEM_NO], [ITEM_CODE], [ITEM_NAME], [ITEM_TYPE_NO], [UNIT_PRICE], [STD_COST], [COGS_ACC], [INV_ACC], [MEMO], [COLOR_CODE], [SIZE_CODE], [ITMGRP_CODE], [ISACTIVE])
VALUES 
  (1, 'GDL001', 'Garden Light', 1, 10, 5, '73400', '17100', '', NULL, NULL, NULL, 1)
GO

INSERT INTO [dbo].[MST_ITEMS] ([ITEM_NO], [ITEM_CODE], [ITEM_NAME], [ITEM_TYPE_NO], [UNIT_PRICE], [STD_COST], [COGS_ACC], [INV_ACC], [MEMO], [COLOR_CODE], [SIZE_CODE], [ITMGRP_CODE], [ISACTIVE])
VALUES 
  (2, 'WALL01', 'Wall Light', 1, 20, 5, '73400', '17100', '', NULL, NULL, NULL, 1)
GO

INSERT INTO [dbo].[MST_ITEMS] ([ITEM_NO], [ITEM_CODE], [ITEM_NAME], [ITEM_TYPE_NO], [UNIT_PRICE], [STD_COST], [COGS_ACC], [INV_ACC], [MEMO], [COLOR_CODE], [SIZE_CODE], [ITMGRP_CODE], [ISACTIVE])
VALUES 
  (3, 'SP001', 'Spot Light A Size', 1, 10, 5, '73400', '17100', '', NULL, NULL, NULL, 1)
GO

INSERT INTO [dbo].[MST_ITEMS] ([ITEM_NO], [ITEM_CODE], [ITEM_NAME], [ITEM_TYPE_NO], [UNIT_PRICE], [STD_COST], [COGS_ACC], [INV_ACC], [MEMO], [COLOR_CODE], [SIZE_CODE], [ITMGRP_CODE], [ISACTIVE])
VALUES 
  (4, 'SP002', 'Spot Light B Size', 1, 12, 6, '73400', '17100', '', NULL, NULL, NULL, 1)
GO

INSERT INTO [dbo].[MST_ITEMS] ([ITEM_NO], [ITEM_CODE], [ITEM_NAME], [ITEM_TYPE_NO], [UNIT_PRICE], [STD_COST], [COGS_ACC], [INV_ACC], [MEMO], [COLOR_CODE], [SIZE_CODE], [ITMGRP_CODE], [ISACTIVE])
VALUES 
  (5, 'DWL001', '6 " Downlight #3002', 1, 10, 6, '73400', '17100', '', NULL, NULL, NULL, 1)
GO

INSERT INTO [dbo].[MST_ITEMS] ([ITEM_NO], [ITEM_CODE], [ITEM_NAME], [ITEM_TYPE_NO], [UNIT_PRICE], [STD_COST], [COGS_ACC], [INV_ACC], [MEMO], [COLOR_CODE], [SIZE_CODE], [ITMGRP_CODE], [ISACTIVE])
VALUES 
  (6, 'DWL002', '4" Downlight #3003', 1, 9, 5.5, '73400', '17100', '', NULL, NULL, NULL, 1)
GO

INSERT INTO [dbo].[MST_ITEMS] ([ITEM_NO], [ITEM_CODE], [ITEM_NAME], [ITEM_TYPE_NO], [UNIT_PRICE], [STD_COST], [COGS_ACC], [INV_ACC], [MEMO], [COLOR_CODE], [SIZE_CODE], [ITMGRP_CODE], [ISACTIVE])
VALUES 
  (7, 'DWL003', '2" Downlight #3003', 1, 8, 5, '73400', '17100', '', NULL, NULL, NULL, 1)
GO

INSERT INTO [dbo].[MST_ITEMS] ([ITEM_NO], [ITEM_CODE], [ITEM_NAME], [ITEM_TYPE_NO], [UNIT_PRICE], [STD_COST], [COGS_ACC], [INV_ACC], [MEMO], [COLOR_CODE], [SIZE_CODE], [ITMGRP_CODE], [ISACTIVE])
VALUES 
  (8, 'PIL001', 'Pilar Light', 1, 15, 8, '73400', '17100', '', NULL, NULL, NULL, 1)
GO

--
-- 8 record(s) inserted to [dbo].[MST_ITEMS]
--



--
-- Data for table MST_ITMCOLOR  (LIMIT 0,1000)
--

--
-- 0 record(s) inserted to [dbo].[MST_ITMCOLOR]
--



--
-- Data for table MST_ITMGRP  (LIMIT 0,1000)
--

--
-- 0 record(s) inserted to [dbo].[MST_ITMGRP]
--



--
-- Data for table MST_ITMSIZE  (LIMIT 0,1000)
--

--
-- 0 record(s) inserted to [dbo].[MST_ITMSIZE]
--



--
-- Data for table MST_KEY  (LIMIT 0,500)
--

INSERT INTO [dbo].[MST_KEY] ([KEY_CODE], [KEYNO])
VALUES 
  ('ACCRPTDDNO', 500)
GO

INSERT INTO [dbo].[MST_KEY] ([KEY_CODE], [KEYNO])
VALUES 
  ('ACCRPTDNO', 500)
GO

INSERT INTO [dbo].[MST_KEY] ([KEY_CODE], [KEYNO])
VALUES 
  ('ACCRPTNO', 500)
GO

INSERT INTO [dbo].[MST_KEY] ([KEY_CODE], [KEYNO])
VALUES 
  ('ACCTOTALNO', 500)
GO

INSERT INTO [dbo].[MST_KEY] ([KEY_CODE], [KEYNO])
VALUES 
  ('AJDNO', 500)
GO

INSERT INTO [dbo].[MST_KEY] ([KEY_CODE], [KEYNO])
VALUES 
  ('AJNO', 500)
GO

INSERT INTO [dbo].[MST_KEY] ([KEY_CODE], [KEYNO])
VALUES 
  ('APINVDNO',500)
GO

INSERT INTO [dbo].[MST_KEY] ([KEY_CODE], [KEYNO])
VALUES 
  ('APINVNO', 500)
GO

INSERT INTO [dbo].[MST_KEY] ([KEY_CODE], [KEYNO])
VALUES 
  ('ARCHQDNO', 500)
GO

INSERT INTO [dbo].[MST_KEY] ([KEY_CODE], [KEYNO])
VALUES 
  ('ARCHQNO', 500)
GO

INSERT INTO [dbo].[MST_KEY] ([KEY_CODE], [KEYNO])
VALUES 
  ('ARINVDNO', 500)
GO

INSERT INTO [dbo].[MST_KEY] ([KEY_CODE], [KEYNO])
VALUES 
  ('ARINVNO', 500)
GO

INSERT INTO [dbo].[MST_KEY] ([KEY_CODE], [KEYNO])
VALUES 
  ('BANKNO', 500)
GO

INSERT INTO [dbo].[MST_KEY] ([KEY_CODE], [KEYNO])
VALUES 
  ('BKTRANDNO', 500)
GO

INSERT INTO [dbo].[MST_KEY] ([KEY_CODE], [KEYNO])
VALUES 
  ('BKTRANNO', 500)
GO

INSERT INTO [dbo].[MST_KEY] ([KEY_CODE], [KEYNO])
VALUES 
  ('CBDNO', 500)
GO

INSERT INTO [dbo].[MST_KEY] ([KEY_CODE], [KEYNO])
VALUES 
  ('CBNO', 500)
GO

INSERT INTO [dbo].[MST_KEY] ([KEY_CODE], [KEYNO])
VALUES 
  ('CHEQUEDNO', 500)
GO

INSERT INTO [dbo].[MST_KEY] ([KEY_CODE], [KEYNO])
VALUES 
  ('CHEQUENO', 500)
GO

INSERT INTO [dbo].[MST_KEY] ([KEY_CODE], [KEYNO])
VALUES 
  ('DODNO', 500)
GO

INSERT INTO [dbo].[MST_KEY] ([KEY_CODE], [KEYNO])
VALUES 
  ('DONO', 500)
GO

INSERT INTO [dbo].[MST_KEY] ([KEY_CODE], [KEYNO])
VALUES 
  ('DTODNO', 500)
GO

INSERT INTO [dbo].[MST_KEY] ([KEY_CODE], [KEYNO])
VALUES 
  ('DTONO', 500)
GO

INSERT INTO [dbo].[MST_KEY] ([KEY_CODE], [KEYNO])
VALUES 
  ('DTOWHNO', 500)
GO

INSERT INTO [dbo].[MST_KEY] ([KEY_CODE], [KEYNO])
VALUES 
  ('GNLJNLDNO', 500)
GO

INSERT INTO [dbo].[MST_KEY] ([KEY_CODE], [KEYNO])
VALUES 
  ('GNLJNLNO', 500)
GO

INSERT INTO [dbo].[MST_KEY] ([KEY_CODE], [KEYNO])
VALUES 
  ('ITEMNO', 500)
GO

INSERT INTO [dbo].[MST_KEY] ([KEY_CODE], [KEYNO])
VALUES 
  ('ITEMTYPENO', 500)
GO

INSERT INTO [dbo].[MST_KEY] ([KEY_CODE], [KEYNO])
VALUES 
  ('POSSETNO', 500)
GO

INSERT INTO [dbo].[MST_KEY] ([KEY_CODE], [KEYNO])
VALUES 
  ('POSTSLDNO', 500)
GO

INSERT INTO [dbo].[MST_KEY] ([KEY_CODE], [KEYNO])
VALUES 
  ('POSTSLNO', 500)
GO

INSERT INTO [dbo].[MST_KEY] ([KEY_CODE], [KEYNO])
VALUES 
  ('POSUSERNO', 500)
GO

INSERT INTO [dbo].[MST_KEY] ([KEY_CODE], [KEYNO])
VALUES 
  ('PRMITMNO', 500)
GO

INSERT INTO [dbo].[MST_KEY] ([KEY_CODE], [KEYNO])
VALUES 
  ('PRMNO', 500)
GO

INSERT INTO [dbo].[MST_KEY] ([KEY_CODE], [KEYNO])
VALUES 
  ('PRMRP', 500)
GO

INSERT INTO [dbo].[MST_KEY] ([KEY_CODE], [KEYNO])
VALUES 
  ('PRMRULENO', 500)
GO

INSERT INTO [dbo].[MST_KEY] ([KEY_CODE], [KEYNO])
VALUES 
  ('RCDNO', 500)
GO

INSERT INTO [dbo].[MST_KEY] ([KEY_CODE], [KEYNO])
VALUES 
  ('RCNO', 500)
GO

INSERT INTO [dbo].[MST_KEY] ([KEY_CODE], [KEYNO])
VALUES 
  ('RECONNO', 500)
GO

INSERT INTO [dbo].[MST_KEY] ([KEY_CODE], [KEYNO])
VALUES 
  ('WHNO', 500)
GO

--
-- 40 record(s) inserted to [dbo].[MST_KEY]
--

--
-- Data for table MST_ROLES  (LIMIT 0,500)
--

INSERT INTO [dbo].[MST_ROLES] ([ROLENO], [ROLE_NAME])
VALUES 
  (1, 'ADMIN')
GO

INSERT INTO [dbo].[MST_ROLES] ([ROLENO], [ROLE_NAME])
VALUES 
  (2, 'CLERK')
GO

--
-- 2 record(s) inserted to [dbo].[MST_ROLES]
--


--
-- Data for table MST_ROLEFORM  (LIMIT 0,500)
--

INSERT INTO [dbo].[MST_ROLEFORM] ([ROLENO], [FORMNO], [ALLOW_ADD], [ALLOW_EDT], [ALLOW_DEL], [ALLOW_PRN])
VALUES 
  (1, 5, 1, 1, 1, 1)
GO

INSERT INTO [dbo].[MST_ROLEFORM] ([ROLENO], [FORMNO], [ALLOW_ADD], [ALLOW_EDT], [ALLOW_DEL], [ALLOW_PRN])
VALUES 
  (1, 7, 1, 1, 1, 1)
GO

INSERT INTO [dbo].[MST_ROLEFORM] ([ROLENO], [FORMNO], [ALLOW_ADD], [ALLOW_EDT], [ALLOW_DEL], [ALLOW_PRN])
VALUES 
  (1, 8, 1, 1, 1, 1)
GO

INSERT INTO [dbo].[MST_ROLEFORM] ([ROLENO], [FORMNO], [ALLOW_ADD], [ALLOW_EDT], [ALLOW_DEL], [ALLOW_PRN])
VALUES 
  (1, 9, 1, 1, 1, 1)
GO

INSERT INTO [dbo].[MST_ROLEFORM] ([ROLENO], [FORMNO], [ALLOW_ADD], [ALLOW_EDT], [ALLOW_DEL], [ALLOW_PRN])
VALUES 
  (1, 10, 1, 1, 1, 1)
GO

INSERT INTO [dbo].[MST_ROLEFORM] ([ROLENO], [FORMNO], [ALLOW_ADD], [ALLOW_EDT], [ALLOW_DEL], [ALLOW_PRN])
VALUES 
  (1, 12, 1, 1, 1, 1)
GO

INSERT INTO [dbo].[MST_ROLEFORM] ([ROLENO], [FORMNO], [ALLOW_ADD], [ALLOW_EDT], [ALLOW_DEL], [ALLOW_PRN])
VALUES 
  (1, 13, 1, 1, 1, 1)
GO

INSERT INTO [dbo].[MST_ROLEFORM] ([ROLENO], [FORMNO], [ALLOW_ADD], [ALLOW_EDT], [ALLOW_DEL], [ALLOW_PRN])
VALUES 
  (1, 14, 1, 1, 1, 1)
GO

INSERT INTO [dbo].[MST_ROLEFORM] ([ROLENO], [FORMNO], [ALLOW_ADD], [ALLOW_EDT], [ALLOW_DEL], [ALLOW_PRN])
VALUES 
  (1, 15, 1, 1, 1, 1)
GO

INSERT INTO [dbo].[MST_ROLEFORM] ([ROLENO], [FORMNO], [ALLOW_ADD], [ALLOW_EDT], [ALLOW_DEL], [ALLOW_PRN])
VALUES 
  (1, 16, 1, 1, 1, 1)
GO

INSERT INTO [dbo].[MST_ROLEFORM] ([ROLENO], [FORMNO], [ALLOW_ADD], [ALLOW_EDT], [ALLOW_DEL], [ALLOW_PRN])
VALUES 
  (1, 17, 1, 1, 1, 1)
GO

INSERT INTO [dbo].[MST_ROLEFORM] ([ROLENO], [FORMNO], [ALLOW_ADD], [ALLOW_EDT], [ALLOW_DEL], [ALLOW_PRN])
VALUES 
  (1, 18, 1, 1, 1, 1)
GO

INSERT INTO [dbo].[MST_ROLEFORM] ([ROLENO], [FORMNO], [ALLOW_ADD], [ALLOW_EDT], [ALLOW_DEL], [ALLOW_PRN])
VALUES 
  (1, 19, 1, 1, 1, 1)
GO

INSERT INTO [dbo].[MST_ROLEFORM] ([ROLENO], [FORMNO], [ALLOW_ADD], [ALLOW_EDT], [ALLOW_DEL], [ALLOW_PRN])
VALUES 
  (1, 20, 1, 1, 1, 1)
GO

INSERT INTO [dbo].[MST_ROLEFORM] ([ROLENO], [FORMNO], [ALLOW_ADD], [ALLOW_EDT], [ALLOW_DEL], [ALLOW_PRN])
VALUES 
  (1, 21, 1, 1, 1, 1)
GO

INSERT INTO [dbo].[MST_ROLEFORM] ([ROLENO], [FORMNO], [ALLOW_ADD], [ALLOW_EDT], [ALLOW_DEL], [ALLOW_PRN])
VALUES 
  (1, 25, 1, 1, 1, 1)
GO

INSERT INTO [dbo].[MST_ROLEFORM] ([ROLENO], [FORMNO], [ALLOW_ADD], [ALLOW_EDT], [ALLOW_DEL], [ALLOW_PRN])
VALUES 
  (1, 26, 1, 1, 1, 1)
GO

INSERT INTO [dbo].[MST_ROLEFORM] ([ROLENO], [FORMNO], [ALLOW_ADD], [ALLOW_EDT], [ALLOW_DEL], [ALLOW_PRN])
VALUES 
  (1, 27, 1, 1, 1, 1)
GO

INSERT INTO [dbo].[MST_ROLEFORM] ([ROLENO], [FORMNO], [ALLOW_ADD], [ALLOW_EDT], [ALLOW_DEL], [ALLOW_PRN])
VALUES 
  (1, 28, 1, 1, 1, 1)
GO

INSERT INTO [dbo].[MST_ROLEFORM] ([ROLENO], [FORMNO], [ALLOW_ADD], [ALLOW_EDT], [ALLOW_DEL], [ALLOW_PRN])
VALUES 
  (1, 31, 1, 1, 1, 1)
GO

INSERT INTO [dbo].[MST_ROLEFORM] ([ROLENO], [FORMNO], [ALLOW_ADD], [ALLOW_EDT], [ALLOW_DEL], [ALLOW_PRN])
VALUES 
  (1, 33, 1, 1, 1, 1)
GO

INSERT INTO [dbo].[MST_ROLEFORM] ([ROLENO], [FORMNO], [ALLOW_ADD], [ALLOW_EDT], [ALLOW_DEL], [ALLOW_PRN])
VALUES 
  (1, 34, 1, 1, 1, 1)
GO

INSERT INTO [dbo].[MST_ROLEFORM] ([ROLENO], [FORMNO], [ALLOW_ADD], [ALLOW_EDT], [ALLOW_DEL], [ALLOW_PRN])
VALUES 
  (1, 35, 1, 1, 1, 1)
GO

INSERT INTO [dbo].[MST_ROLEFORM] ([ROLENO], [FORMNO], [ALLOW_ADD], [ALLOW_EDT], [ALLOW_DEL], [ALLOW_PRN])
VALUES 
  (1, 36, 1, 1, 1, 1)
GO

INSERT INTO [dbo].[MST_ROLEFORM] ([ROLENO], [FORMNO], [ALLOW_ADD], [ALLOW_EDT], [ALLOW_DEL], [ALLOW_PRN])
VALUES 
  (1, 37, 1, 1, 1, 1)
GO

INSERT INTO [dbo].[MST_ROLEFORM] ([ROLENO], [FORMNO], [ALLOW_ADD], [ALLOW_EDT], [ALLOW_DEL], [ALLOW_PRN])
VALUES 
  (1, 38, 1, 1, 1, 1)
GO

INSERT INTO [dbo].[MST_ROLEFORM] ([ROLENO], [FORMNO], [ALLOW_ADD], [ALLOW_EDT], [ALLOW_DEL], [ALLOW_PRN])
VALUES 
  (1, 39, 1, 1, 1, 1)
GO

INSERT INTO [dbo].[MST_ROLEFORM] ([ROLENO], [FORMNO], [ALLOW_ADD], [ALLOW_EDT], [ALLOW_DEL], [ALLOW_PRN])
VALUES 
  (1, 40, 1, 1, 1, 1)
GO

INSERT INTO [dbo].[MST_ROLEFORM] ([ROLENO], [FORMNO], [ALLOW_ADD], [ALLOW_EDT], [ALLOW_DEL], [ALLOW_PRN])
VALUES 
  (1, 41, 1, 1, 1, 1)
GO

INSERT INTO [dbo].[MST_ROLEFORM] ([ROLENO], [FORMNO], [ALLOW_ADD], [ALLOW_EDT], [ALLOW_DEL], [ALLOW_PRN])
VALUES 
  (1, 42, 1, 1, 1, 1)
GO

INSERT INTO [dbo].[MST_ROLEFORM] ([ROLENO], [FORMNO], [ALLOW_ADD], [ALLOW_EDT], [ALLOW_DEL], [ALLOW_PRN])
VALUES 
  (1, 43, 1, 1, 1, 1)
GO

INSERT INTO [dbo].[MST_ROLEFORM] ([ROLENO], [FORMNO], [ALLOW_ADD], [ALLOW_EDT], [ALLOW_DEL], [ALLOW_PRN])
VALUES 
  (1, 44, 1, 1, 1, 1)
GO

INSERT INTO [dbo].[MST_ROLEFORM] ([ROLENO], [FORMNO], [ALLOW_ADD], [ALLOW_EDT], [ALLOW_DEL], [ALLOW_PRN])
VALUES 
  (1, 45, 1, 1, 1, 1)
GO

INSERT INTO [dbo].[MST_ROLEFORM] ([ROLENO], [FORMNO], [ALLOW_ADD], [ALLOW_EDT], [ALLOW_DEL], [ALLOW_PRN])
VALUES 
  (1, 47, 1, 1, 1, 1)
GO

INSERT INTO [dbo].[MST_ROLEFORM] ([ROLENO], [FORMNO], [ALLOW_ADD], [ALLOW_EDT], [ALLOW_DEL], [ALLOW_PRN])
VALUES 
  (1, 48, 1, 1, 1, 1)
GO

INSERT INTO [dbo].[MST_ROLEFORM] ([ROLENO], [FORMNO], [ALLOW_ADD], [ALLOW_EDT], [ALLOW_DEL], [ALLOW_PRN])
VALUES 
  (1, 49, 1, 1, 1, 1)
GO

INSERT INTO [dbo].[MST_ROLEFORM] ([ROLENO], [FORMNO], [ALLOW_ADD], [ALLOW_EDT], [ALLOW_DEL], [ALLOW_PRN])
VALUES 
  (1, 50, 1, 1, 1, 1)
GO

INSERT INTO [dbo].[MST_ROLEFORM] ([ROLENO], [FORMNO], [ALLOW_ADD], [ALLOW_EDT], [ALLOW_DEL], [ALLOW_PRN])
VALUES 
  (1, 51, 1, 1, 1, 1)
GO

INSERT INTO [dbo].[MST_ROLEFORM] ([ROLENO], [FORMNO], [ALLOW_ADD], [ALLOW_EDT], [ALLOW_DEL], [ALLOW_PRN])
VALUES 
  (1, 52, 1, 1, 1, 1)
GO

INSERT INTO [dbo].[MST_ROLEFORM] ([ROLENO], [FORMNO], [ALLOW_ADD], [ALLOW_EDT], [ALLOW_DEL], [ALLOW_PRN])
VALUES 
  (1, 53, 1, 1, 1, 1)
GO

INSERT INTO [dbo].[MST_ROLEFORM] ([ROLENO], [FORMNO], [ALLOW_ADD], [ALLOW_EDT], [ALLOW_DEL], [ALLOW_PRN])
VALUES 
  (1, 54, 1, 1, 1, 1)
GO

INSERT INTO [dbo].[MST_ROLEFORM] ([ROLENO], [FORMNO], [ALLOW_ADD], [ALLOW_EDT], [ALLOW_DEL], [ALLOW_PRN])
VALUES 
  (1, 55, 1, 1, 1, 1)
GO

INSERT INTO [dbo].[MST_ROLEFORM] ([ROLENO], [FORMNO], [ALLOW_ADD], [ALLOW_EDT], [ALLOW_DEL], [ALLOW_PRN])
VALUES 
  (1, 56, 1, 1, 1, 1)
GO

INSERT INTO [dbo].[MST_ROLEFORM] ([ROLENO], [FORMNO], [ALLOW_ADD], [ALLOW_EDT], [ALLOW_DEL], [ALLOW_PRN])
VALUES 
  (1, 57, 1, 1, 1, 1)
GO

INSERT INTO [dbo].[MST_ROLEFORM] ([ROLENO], [FORMNO], [ALLOW_ADD], [ALLOW_EDT], [ALLOW_DEL], [ALLOW_PRN])
VALUES 
  (1, 58, 1, 1, 1, 1)
GO

INSERT INTO [dbo].[MST_ROLEFORM] ([ROLENO], [FORMNO], [ALLOW_ADD], [ALLOW_EDT], [ALLOW_DEL], [ALLOW_PRN])
VALUES 
  (2, 7, 1, 1, 1, 1)
GO

--
-- 51 record(s) inserted to [dbo].[MST_ROLEFORM]
--


--
-- Data for table MST_USER  (LIMIT 0,1000)
--

SET IDENTITY_INSERT [dbo].[MST_USER] ON
GO

INSERT INTO [dbo].[MST_USER] ([USERNO], [ROLENO], [USERID], [PASSWD])
VALUES 
  (2, 1, 'ADMIN', 0x0055425A9F5F32B1)
GO

INSERT INTO [dbo].[MST_USER] ([USERNO], [ROLENO], [USERID], [PASSWD])
VALUES 
  (3, 2, 'CLERK', 0x3F7AD718CFE9B2B9)
GO

--
-- 2 record(s) inserted to [dbo].[MST_USER]
--



SET IDENTITY_INSERT [dbo].[MST_USER] OFF
GO

--
-- Data for table MST_VENDOR  (LIMIT 0,1000)
--

INSERT INTO [dbo].[MST_VENDOR] ([VENDOR_CODE], [VENDOR_NAME], [REG_CODE], [ADDR1], [ADDR2], [ADDR3], [ADDR4], [PHONE], [FAX], [WEBPAGE], [EMAIL], [CONTACT1], [C1PHONE], [C1FAX], [CONTACT2], [C2PHONE], [C2FAX], [TERMDAY], [DISCDAY], [DISCPTG], [DUEDAY], [CURR_CODE], [INV_DESC], [NOTES])
VALUES 
  ('A00001', 'ATS Hardware Trading', 'A-584503', '13-1, Jalan Burung Jentayu,', 'Bukit Maluri, Kepong', NULL, NULL, '( 03) 3658-5903', NULL, NULL, NULL, 'Ms. Kwan', NULL, NULL, NULL, NULL, NULL, 30, 10, 0, 30, 'RM', NULL, NULL)
GO

INSERT INTO [dbo].[MST_VENDOR] ([VENDOR_CODE], [VENDOR_NAME], [REG_CODE], [ADDR1], [ADDR2], [ADDR3], [ADDR4], [PHONE], [FAX], [WEBPAGE], [EMAIL], [CONTACT1], [C1PHONE], [C1FAX], [CONTACT2], [C2PHONE], [C2FAX], [TERMDAY], [DISCDAY], [DISCPTG], [DUEDAY], [CURR_CODE], [INV_DESC], [NOTES])
VALUES 
  ('B00001', 'Better Style Bath Industrial', 'O-738470', 'No. 65, Jalan Tago,', 'Tago Industrial Park,', 'Sri Damansara', NULL, '( 03) 7595-7393', NULL, NULL, NULL, 'Mr. Tam', NULL, NULL, NULL, NULL, NULL, 30, 10, 0, 30, 'RM', NULL, NULL)
GO

INSERT INTO [dbo].[MST_VENDOR] ([VENDOR_CODE], [VENDOR_NAME], [REG_CODE], [ADDR1], [ADDR2], [ADDR3], [ADDR4], [PHONE], [FAX], [WEBPAGE], [EMAIL], [CONTACT1], [C1PHONE], [C1FAX], [CONTACT2], [C2PHONE], [C2FAX], [TERMDAY], [DISCDAY], [DISCPTG], [DUEDAY], [CURR_CODE], [INV_DESC], [NOTES])
VALUES 
  ('B00002', 'Bunho Marketing', 'N-748463', 'Lot 89A, Jalan 16/9,', 'Petaling Jaya,', 'Selangor.', NULL, '( 03) 7594-7494', NULL, NULL, NULL, 'Mr. Duke', NULL, NULL, NULL, NULL, NULL, 30, 10, 0, 30, 'RM', NULL, NULL)
GO

INSERT INTO [dbo].[MST_VENDOR] ([VENDOR_CODE], [VENDOR_NAME], [REG_CODE], [ADDR1], [ADDR2], [ADDR3], [ADDR4], [PHONE], [FAX], [WEBPAGE], [EMAIL], [CONTACT1], [C1PHONE], [C1FAX], [CONTACT2], [C2PHONE], [C2FAX], [TERMDAY], [DISCDAY], [DISCPTG], [DUEDAY], [CURR_CODE], [INV_DESC], [NOTES])
VALUES 
  ('G00001', 'Grammy Kitchen Sdn Bhd', 'A-474959', 'Lot 89, Jalan Jasmine,', 'Bukit Beruntung Industrial Park,', 'Rawang.', NULL, '( 03) 5595-5696', NULL, NULL, NULL, 'Mr. Tan', NULL, NULL, NULL, NULL, NULL, 30, 10, 0, 30, 'RM', NULL, NULL)
GO

INSERT INTO [dbo].[MST_VENDOR] ([VENDOR_CODE], [VENDOR_NAME], [REG_CODE], [ADDR1], [ADDR2], [ADDR3], [ADDR4], [PHONE], [FAX], [WEBPAGE], [EMAIL], [CONTACT1], [C1PHONE], [C1FAX], [CONTACT2], [C2PHONE], [C2FAX], [TERMDAY], [DISCDAY], [DISCPTG], [DUEDAY], [CURR_CODE], [INV_DESC], [NOTES])
VALUES 
  ('K00001', 'Kostek Industrial', 'P-758573', 'No. 89, Jalan Enau,', 'Taman Teratai,', 'Selangor.', NULL, '( 03) 7686-7999', NULL, NULL, NULL, 'Mr. Jaya', NULL, NULL, NULL, NULL, NULL, 30, 10, 0, 30, 'RM', NULL, NULL)
GO

INSERT INTO [dbo].[MST_VENDOR] ([VENDOR_CODE], [VENDOR_NAME], [REG_CODE], [ADDR1], [ADDR2], [ADDR3], [ADDR4], [PHONE], [FAX], [WEBPAGE], [EMAIL], [CONTACT1], [C1PHONE], [C1FAX], [CONTACT2], [C2PHONE], [C2FAX], [TERMDAY], [DISCDAY], [DISCPTG], [DUEDAY], [CURR_CODE], [INV_DESC], [NOTES])
VALUES 
  ('M00001', 'Man Sang Kitchen', 'F-648658', 'No. 35, Jalan Kapar,', 'Klang Selangor.', NULL, NULL, '( 03) 7585-6233', NULL, NULL, NULL, 'Ms Koh', NULL, NULL, NULL, NULL, NULL, 30, 10, 0, 30, 'RM', NULL, NULL)
GO

INSERT INTO [dbo].[MST_VENDOR] ([VENDOR_CODE], [VENDOR_NAME], [REG_CODE], [ADDR1], [ADDR2], [ADDR3], [ADDR4], [PHONE], [FAX], [WEBPAGE], [EMAIL], [CONTACT1], [C1PHONE], [C1FAX], [CONTACT2], [C2PHONE], [C2FAX], [TERMDAY], [DISCDAY], [DISCPTG], [DUEDAY], [CURR_CODE], [INV_DESC], [NOTES])
VALUES 
  ('M00002', 'Max-cell Industrial', 'K-748498', '77-47-1, Jalan 8/47,', 'Dolmand Square Center,', 'Gombak', NULL, '( 03) 9857-6949', NULL, NULL, NULL, 'Mr. Travis', NULL, NULL, NULL, NULL, NULL, 30, 10, 0, 30, 'RM', NULL, NULL)
GO

INSERT INTO [dbo].[MST_VENDOR] ([VENDOR_CODE], [VENDOR_NAME], [REG_CODE], [ADDR1], [ADDR2], [ADDR3], [ADDR4], [PHONE], [FAX], [WEBPAGE], [EMAIL], [CONTACT1], [C1PHONE], [C1FAX], [CONTACT2], [C2PHONE], [C2FAX], [TERMDAY], [DISCDAY], [DISCPTG], [DUEDAY], [CURR_CODE], [INV_DESC], [NOTES])
VALUES 
  ('O00001', 'Osaka Bath Industrial Bhd', 'P-374849', 'Lot 373, Jalan Balakong,', 'Bukit Belimbing,', 'Seri Kembangan.', NULL, '( 03) 7849-3739', NULL, NULL, NULL, 'Mr. Jimmy', NULL, NULL, NULL, NULL, NULL, 30, 10, 0, 30, 'RM', NULL, NULL)
GO

INSERT INTO [dbo].[MST_VENDOR] ([VENDOR_CODE], [VENDOR_NAME], [REG_CODE], [ADDR1], [ADDR2], [ADDR3], [ADDR4], [PHONE], [FAX], [WEBPAGE], [EMAIL], [CONTACT1], [C1PHONE], [C1FAX], [CONTACT2], [C2PHONE], [C2FAX], [TERMDAY], [DISCDAY], [DISCPTG], [DUEDAY], [CURR_CODE], [INV_DESC], [NOTES])
VALUES 
  ('P00001', 'Pan Union Marketing', 'R-849573', 'No. 87, Jalan Seditu 7,', 'Puchong Jaya,', 'Puchong Selangor.', NULL, '( 03) 2759-6733', NULL, NULL, NULL, 'Ms Penny', NULL, NULL, NULL, NULL, NULL, 30, 10, 0, 30, 'RM', NULL, NULL)
GO

INSERT INTO [dbo].[MST_VENDOR] ([VENDOR_CODE], [VENDOR_NAME], [REG_CODE], [ADDR1], [ADDR2], [ADDR3], [ADDR4], [PHONE], [FAX], [WEBPAGE], [EMAIL], [CONTACT1], [C1PHONE], [C1FAX], [CONTACT2], [C2PHONE], [C2FAX], [TERMDAY], [DISCDAY], [DISCPTG], [DUEDAY], [CURR_CODE], [INV_DESC], [NOTES])
VALUES 
  ('Q00001', 'Quality Bath Care', 'E-283494', 'Lot 10, Jalan 8/110,', 'Bukit Beruntung,', 'Rawang.', NULL, '( 03) 5748-3739', NULL, NULL, NULL, 'Mr. Luke', NULL, NULL, NULL, NULL, NULL, 30, 10, 0, 30, 'RM', NULL, NULL)
GO

INSERT INTO [dbo].[MST_VENDOR] ([VENDOR_CODE], [VENDOR_NAME], [REG_CODE], [ADDR1], [ADDR2], [ADDR3], [ADDR4], [PHONE], [FAX], [WEBPAGE], [EMAIL], [CONTACT1], [C1PHONE], [C1FAX], [CONTACT2], [C2PHONE], [C2FAX], [TERMDAY], [DISCDAY], [DISCPTG], [DUEDAY], [CURR_CODE], [INV_DESC], [NOTES])
VALUES 
  ('S00001', 'Sing Hup Industrial', 'S-836385', 'Lot 3A - 4A, Jalan 18/5,', 'Cheras Jaya,', 'Balakong', NULL, '( 03) 9475-9484', NULL, NULL, NULL, 'Mr. Siow', NULL, NULL, NULL, NULL, NULL, 30, 10, 0, 30, 'RM', NULL, NULL)
GO

--
-- 11 record(s) inserted to [dbo].[MST_VENDOR]
--



--
-- Data for table MST_WAREHOUSE  (LIMIT 0,1000)
--

INSERT INTO [dbo].[MST_WAREHOUSE] ([WHNO], [WH_NAME])
VALUES 
  (1, 'Warehouse 1')
GO

INSERT INTO [dbo].[MST_WAREHOUSE] ([WHNO], [WH_NAME])
VALUES 
  (2, 'Warehouse 2')
GO

--
-- 2 record(s) inserted to [dbo].[MST_WAREHOUSE]
--



--
-- Data for table SYS_ACCTYPE  (LIMIT 0,1000)
--

INSERT INTO [dbo].[SYS_ACCTYPE] ([ACC_TYPE], [TYPE_NAME])
VALUES 
  (1, 'Fixed Asset')
GO

INSERT INTO [dbo].[SYS_ACCTYPE] ([ACC_TYPE], [TYPE_NAME])
VALUES 
  (2, 'Current Asset')
GO

INSERT INTO [dbo].[SYS_ACCTYPE] ([ACC_TYPE], [TYPE_NAME])
VALUES 
  (3, 'Long Term Liability')
GO

INSERT INTO [dbo].[SYS_ACCTYPE] ([ACC_TYPE], [TYPE_NAME])
VALUES 
  (4, 'Current Liability')
GO

INSERT INTO [dbo].[SYS_ACCTYPE] ([ACC_TYPE], [TYPE_NAME])
VALUES 
  (5, 'Equity')
GO

INSERT INTO [dbo].[SYS_ACCTYPE] ([ACC_TYPE], [TYPE_NAME])
VALUES 
  (6, 'Revenue')
GO

INSERT INTO [dbo].[SYS_ACCTYPE] ([ACC_TYPE], [TYPE_NAME])
VALUES 
  (7, 'Expenses')
GO

--
-- 7 record(s) inserted to [dbo].[SYS_ACCTYPE]
--

--
-- Data for table TRN_AJ  (LIMIT 0,1000)
--

INSERT INTO [dbo].[TRN_AJ] ([AJNO], [TRAN_CODE], [ACC_YEAR], [ACC_MONTH], [TRAN_DATE], [WHNO], [MEMO], [AJ_AMT], [AJ_TYPE])
VALUES 
  (1, 'AJ001', 2007, 3, '20070301', 1, '', 140, 'Adjustment')
GO

INSERT INTO [dbo].[TRN_AJ] ([AJNO], [TRAN_CODE], [ACC_YEAR], [ACC_MONTH], [TRAN_DATE], [WHNO], [MEMO], [AJ_AMT], [AJ_TYPE])
VALUES 
  (2, 'AJ002', 2007, 3, '20070301', 1, '', 8, 'Adjustment')
GO

INSERT INTO [dbo].[TRN_AJ] ([AJNO], [TRAN_CODE], [ACC_YEAR], [ACC_MONTH], [TRAN_DATE], [WHNO], [MEMO], [AJ_AMT], [AJ_TYPE])
VALUES 
  (3, 'AJ003', 2007, 3, '20070301', 1, '', 40, 'Adjustment')
GO

--
-- 3 record(s) inserted to [dbo].[TRN_AJ]
--



--
-- Data for table TRN_AJD  (LIMIT 0,1000)
--

INSERT INTO [dbo].[TRN_AJD] ([AJDNO], [AJNO], [WHNO], [ITEM_NO], [ITEM_CODE], [QTY], [STD_COST])
VALUES 
  (1, 1, 1, 3, 'SP001', 10, 5)
GO

INSERT INTO [dbo].[TRN_AJD] ([AJDNO], [AJNO], [WHNO], [ITEM_NO], [ITEM_CODE], [QTY], [STD_COST])
VALUES 
  (2, 1, 1, 5, 'DWL001', 20, 6)
GO

INSERT INTO [dbo].[TRN_AJD] ([AJDNO], [AJNO], [WHNO], [ITEM_NO], [ITEM_CODE], [QTY], [STD_COST])
VALUES 
  (3, 1, 1, 5, 'DWL001', -5, 6)
GO

INSERT INTO [dbo].[TRN_AJD] ([AJDNO], [AJNO], [WHNO], [ITEM_NO], [ITEM_CODE], [QTY], [STD_COST])
VALUES 
  (4, 2, 1, 8, 'PIL001', 1, 8)
GO

INSERT INTO [dbo].[TRN_AJD] ([AJDNO], [AJNO], [WHNO], [ITEM_NO], [ITEM_CODE], [QTY], [STD_COST])
VALUES 
  (5, 2, 1, 4, 'SP002', -1, 6)
GO

INSERT INTO [dbo].[TRN_AJD] ([AJDNO], [AJNO], [WHNO], [ITEM_NO], [ITEM_CODE], [QTY], [STD_COST])
VALUES 
  (6, 2, 1, 4, 'SP002', 1, 6)
GO

INSERT INTO [dbo].[TRN_AJD] ([AJDNO], [AJNO], [WHNO], [ITEM_NO], [ITEM_CODE], [QTY], [STD_COST])
VALUES 
  (7, 3, 1, 2, 'WALL01', 2, 5)
GO

INSERT INTO [dbo].[TRN_AJD] ([AJDNO], [AJNO], [WHNO], [ITEM_NO], [ITEM_CODE], [QTY], [STD_COST])
VALUES 
  (8, 3, 1, 4, 'SP002', 5, 6)
GO

--
-- 8 record(s) inserted to [dbo].[TRN_AJD]
--



--
-- Data for table TRN_APINV  (LIMIT 0,1000)
--

INSERT INTO [dbo].[TRN_APINV] ([APINVNO], [INVOICENO], [INVDESC], [INVDATE], [VENDOR_CODE], [DUEDATE], [DISCDATE], [DISCRATE], [INVAMT], [PAIDAMT], [DISCAMT], [PONO], [ACC_YEAR], [ACC_PERIOD], [CURR_CODE], [CURR_RATE], [PAIDDATE], [PAIDACC_YEAR], [PAIDACC_PERIOD], [PAIDACC_CODE])
VALUES 
  (1, '12793', 'Purchase', '20070101', 'A00001', '20070428', '20070408', 0, 2500, 12500, 0, NULL, 2007, 1, 'RM', 1, '20070131', 2007, 1, '11310')
GO

INSERT INTO [dbo].[TRN_APINV] ([APINVNO], [INVOICENO], [INVDESC], [INVDATE], [VENDOR_CODE], [DUEDATE], [DISCDATE], [DISCRATE], [INVAMT], [PAIDAMT], [DISCAMT], [PONO], [ACC_YEAR], [ACC_PERIOD], [CURR_CODE], [CURR_RATE], [PAIDDATE], [PAIDACC_YEAR], [PAIDACC_PERIOD], [PAIDACC_CODE])
VALUES 
  (3, '30357', 'Purchase', '20070102', 'B00001', '20070428', '20070112', 0, 2300, 11500, 0, NULL, 2007, 1, 'RM', 1, '20070131', 2007, 1, '11320')
GO

INSERT INTO [dbo].[TRN_APINV] ([APINVNO], [INVOICENO], [INVDESC], [INVDATE], [VENDOR_CODE], [DUEDATE], [DISCDATE], [DISCRATE], [INVAMT], [PAIDAMT], [DISCAMT], [PONO], [ACC_YEAR], [ACC_PERIOD], [CURR_CODE], [CURR_RATE], [PAIDDATE], [PAIDACC_YEAR], [PAIDACC_PERIOD], [PAIDACC_CODE])
VALUES 
  (4, '3214', 'Purchase', '20070103', 'Q00001', '20070202', '20070113', 0, 1200, 6000, 0, NULL, 2007, 3, 'RM', 1, '20070131', 2007, 1, '11320')
GO

INSERT INTO [dbo].[TRN_APINV] ([APINVNO], [INVOICENO], [INVDESC], [INVDATE], [VENDOR_CODE], [DUEDATE], [DISCDATE], [DISCRATE], [INVAMT], [PAIDAMT], [DISCAMT], [PONO], [ACC_YEAR], [ACC_PERIOD], [CURR_CODE], [CURR_RATE], [PAIDDATE], [PAIDACC_YEAR], [PAIDACC_PERIOD], [PAIDACC_CODE])
VALUES 
  (5, '8132', 'Purchase', '20070104', 'G00001', '20070203', '20070114', 0, 2800, 9000, 0, NULL, 2007, 3, 'RM', 1, '20070205', 2007, 2, '11310')
GO

INSERT INTO [dbo].[TRN_APINV] ([APINVNO], [INVOICENO], [INVDESC], [INVDATE], [VENDOR_CODE], [DUEDATE], [DISCDATE], [DISCRATE], [INVAMT], [PAIDAMT], [DISCAMT], [PONO], [ACC_YEAR], [ACC_PERIOD], [CURR_CODE], [CURR_RATE], [PAIDDATE], [PAIDACC_YEAR], [PAIDACC_PERIOD], [PAIDACC_CODE])
VALUES 
  (6, '11289', 'Purchase', '20070110', 'O00001', '20070209', '20070120', 0, 750, 3750, 0, NULL, 2007, 3, 'RM', 1, '20070212', 2007, 2, '11310')
GO

INSERT INTO [dbo].[TRN_APINV] ([APINVNO], [INVOICENO], [INVDESC], [INVDATE], [VENDOR_CODE], [DUEDATE], [DISCDATE], [DISCRATE], [INVAMT], [PAIDAMT], [DISCAMT], [PONO], [ACC_YEAR], [ACC_PERIOD], [CURR_CODE], [CURR_RATE], [PAIDDATE], [PAIDACC_YEAR], [PAIDACC_PERIOD], [PAIDACC_CODE])
VALUES 
  (7, '07030063', 'Purchase', '20070124', 'M00002', '20070428', '20070408', 0, 2600, 13000, 0, NULL, 2007, 1, 'RM', 1, '20070223', 2007, 2, '11320')
GO

INSERT INTO [dbo].[TRN_APINV] ([APINVNO], [INVOICENO], [INVDESC], [INVDATE], [VENDOR_CODE], [DUEDATE], [DISCDATE], [DISCRATE], [INVAMT], [PAIDAMT], [DISCAMT], [PONO], [ACC_YEAR], [ACC_PERIOD], [CURR_CODE], [CURR_RATE], [PAIDDATE], [PAIDACC_YEAR], [PAIDACC_PERIOD], [PAIDACC_CODE])
VALUES 
  (8, '3493', 'Purchase', '20070119', 'P00001', '20070218', '20070129', 0, 950, 4750, 0, NULL, 2007, 3, 'RM', 1, '20070219', 2007, 2, '11310')
GO

INSERT INTO [dbo].[TRN_APINV] ([APINVNO], [INVOICENO], [INVDESC], [INVDATE], [VENDOR_CODE], [DUEDATE], [DISCDATE], [DISCRATE], [INVAMT], [PAIDAMT], [DISCAMT], [PONO], [ACC_YEAR], [ACC_PERIOD], [CURR_CODE], [CURR_RATE], [PAIDDATE], [PAIDACC_YEAR], [PAIDACC_PERIOD], [PAIDACC_CODE])
VALUES 
  (9, '17328', 'Purchase', '20070202', 'B00002', '20070304', '20070212', 0, 1300, 750, 0, NULL, 2007, 3, 'RM', 1, '20070205', 2007, 2, '11310')
GO

INSERT INTO [dbo].[TRN_APINV] ([APINVNO], [INVOICENO], [INVDESC], [INVDATE], [VENDOR_CODE], [DUEDATE], [DISCDATE], [DISCRATE], [INVAMT], [PAIDAMT], [DISCAMT], [PONO], [ACC_YEAR], [ACC_PERIOD], [CURR_CODE], [CURR_RATE], [PAIDDATE], [PAIDACC_YEAR], [PAIDACC_PERIOD], [PAIDACC_CODE])
VALUES 
  (10, '12854', 'Purchase', '20070205', 'A00001', '20070307', '20070215', 0, 1650, 412.5, 0, NULL, 2007, 2, 'RM', 1, '20070209', 2007, 2, '61400')
GO

INSERT INTO [dbo].[TRN_APINV] ([APINVNO], [INVOICENO], [INVDESC], [INVDATE], [VENDOR_CODE], [DUEDATE], [DISCDATE], [DISCRATE], [INVAMT], [PAIDAMT], [DISCAMT], [PONO], [ACC_YEAR], [ACC_PERIOD], [CURR_CODE], [CURR_RATE], [PAIDDATE], [PAIDACC_YEAR], [PAIDACC_PERIOD], [PAIDACC_CODE])
VALUES 
  (11, '3527', 'Purchase', '20070220', 'P00001', '20070322', '20070302', 0, 885, 0, 0, NULL, 2007, 3, 'RM', 1, NULL, NULL, NULL, NULL)
GO

INSERT INTO [dbo].[TRN_APINV] ([APINVNO], [INVOICENO], [INVDESC], [INVDATE], [VENDOR_CODE], [DUEDATE], [DISCDATE], [DISCRATE], [INVAMT], [PAIDAMT], [DISCAMT], [PONO], [ACC_YEAR], [ACC_PERIOD], [CURR_CODE], [CURR_RATE], [PAIDDATE], [PAIDACC_YEAR], [PAIDACC_PERIOD], [PAIDACC_CODE])
VALUES 
  (12, '8255', 'Purchase', '20070221', 'G00001', '20070323', '20070408', 0, 1300, 0, 0, NULL, 2007, 2, 'RM', 1, NULL, NULL, NULL, NULL)
GO

INSERT INTO [dbo].[TRN_APINV] ([APINVNO], [INVOICENO], [INVDESC], [INVDATE], [VENDOR_CODE], [DUEDATE], [DISCDATE], [DISCRATE], [INVAMT], [PAIDAMT], [DISCAMT], [PONO], [ACC_YEAR], [ACC_PERIOD], [CURR_CODE], [CURR_RATE], [PAIDDATE], [PAIDACC_YEAR], [PAIDACC_PERIOD], [PAIDACC_CODE])
VALUES 
  (13, '07030138', 'Purchase', '20070213', 'M00002', '20070428', '20070408', 0, 1860, 0, 0, NULL, 2007, 2, 'RM', 1, NULL, NULL, NULL, NULL)
GO

INSERT INTO [dbo].[TRN_APINV] ([APINVNO], [INVOICENO], [INVDESC], [INVDATE], [VENDOR_CODE], [DUEDATE], [DISCDATE], [DISCRATE], [INVAMT], [PAIDAMT], [DISCAMT], [PONO], [ACC_YEAR], [ACC_PERIOD], [CURR_CODE], [CURR_RATE], [PAIDDATE], [PAIDACC_YEAR], [PAIDACC_PERIOD], [PAIDACC_CODE])
VALUES 
  (14, '00004800', 'Purchase', '20070131', 'S00001', '20070302', '20070210', 0, 2800, 9000, 0, NULL, 2007, 1, 'RM', 1, '20070228', 2007, 2, '11310')
GO

INSERT INTO [dbo].[TRN_APINV] ([APINVNO], [INVOICENO], [INVDESC], [INVDATE], [VENDOR_CODE], [DUEDATE], [DISCDATE], [DISCRATE], [INVAMT], [PAIDAMT], [DISCAMT], [PONO], [ACC_YEAR], [ACC_PERIOD], [CURR_CODE], [CURR_RATE], [PAIDDATE], [PAIDACC_YEAR], [PAIDACC_PERIOD], [PAIDACC_CODE])
VALUES 
  (15, '11300', 'Purchase', '20070123', 'O00001', '20070222', '20070202', 0, 1780, 8900, 0, NULL, 2007, 1, 'RM', 1, '20070226', 2007, 2, '11320')
GO

INSERT INTO [dbo].[TRN_APINV] ([APINVNO], [INVOICENO], [INVDESC], [INVDATE], [VENDOR_CODE], [DUEDATE], [DISCDATE], [DISCRATE], [INVAMT], [PAIDAMT], [DISCAMT], [PONO], [ACC_YEAR], [ACC_PERIOD], [CURR_CODE], [CURR_RATE], [PAIDDATE], [PAIDACC_YEAR], [PAIDACC_PERIOD], [PAIDACC_CODE])
VALUES 
  (17, '3258', 'Purchase', '20070131', 'Q00001', '20070428', '20070408', 0, 2310, 0, 0, NULL, 2007, 1, 'RM', 1, NULL, NULL, NULL, NULL)
GO

INSERT INTO [dbo].[TRN_APINV] ([APINVNO], [INVOICENO], [INVDESC], [INVDATE], [VENDOR_CODE], [DUEDATE], [DISCDATE], [DISCRATE], [INVAMT], [PAIDAMT], [DISCAMT], [PONO], [ACC_YEAR], [ACC_PERIOD], [CURR_CODE], [CURR_RATE], [PAIDDATE], [PAIDACC_YEAR], [PAIDACC_PERIOD], [PAIDACC_CODE])
VALUES 
  (18, '30427', 'Purchase', '20070208', 'B00001', '20070310', '20070218', 0, 1847, 0, 0, NULL, 2007, 2, 'RM', 1, NULL, NULL, NULL, NULL)
GO

INSERT INTO [dbo].[TRN_APINV] ([APINVNO], [INVOICENO], [INVDESC], [INVDATE], [VENDOR_CODE], [DUEDATE], [DISCDATE], [DISCRATE], [INVAMT], [PAIDAMT], [DISCAMT], [PONO], [ACC_YEAR], [ACC_PERIOD], [CURR_CODE], [CURR_RATE], [PAIDDATE], [PAIDACC_YEAR], [PAIDACC_PERIOD], [PAIDACC_CODE])
VALUES 
  (19, '17422', 'Purchase', '20070212', 'B00002', '20070314', '20070222', 0, 2438, 0, 0, NULL, 2007, 2, 'RM', 1, NULL, NULL, NULL, NULL)
GO

INSERT INTO [dbo].[TRN_APINV] ([APINVNO], [INVOICENO], [INVDESC], [INVDATE], [VENDOR_CODE], [DUEDATE], [DISCDATE], [DISCRATE], [INVAMT], [PAIDAMT], [DISCAMT], [PONO], [ACC_YEAR], [ACC_PERIOD], [CURR_CODE], [CURR_RATE], [PAIDDATE], [PAIDACC_YEAR], [PAIDACC_PERIOD], [PAIDACC_CODE])
VALUES 
  (20, '00004868', 'Purchase', '20070215', 'S00001', '20070317', '20070225', 0, 1285, 0, 0, NULL, 2007, 2, 'RM', 1, NULL, NULL, NULL, NULL)
GO

INSERT INTO [dbo].[TRN_APINV] ([APINVNO], [INVOICENO], [INVDESC], [INVDATE], [VENDOR_CODE], [DUEDATE], [DISCDATE], [DISCRATE], [INVAMT], [PAIDAMT], [DISCAMT], [PONO], [ACC_YEAR], [ACC_PERIOD], [CURR_CODE], [CURR_RATE], [PAIDDATE], [PAIDACC_YEAR], [PAIDACC_PERIOD], [PAIDACC_CODE])
VALUES 
  (21, '12888', 'Purchase', '20070222', 'A00001', '20070324', '20070304', 0, 1638, 0, 0, NULL, 2007, 2, 'RM', 1, NULL, NULL, NULL, NULL)
GO

INSERT INTO [dbo].[TRN_APINV] ([APINVNO], [INVOICENO], [INVDESC], [INVDATE], [VENDOR_CODE], [DUEDATE], [DISCDATE], [DISCRATE], [INVAMT], [PAIDAMT], [DISCAMT], [PONO], [ACC_YEAR], [ACC_PERIOD], [CURR_CODE], [CURR_RATE], [PAIDDATE], [PAIDACC_YEAR], [PAIDACC_PERIOD], [PAIDACC_CODE])
VALUES 
  (23, '8302', 'Purchase', '20070220', 'G00001', '20070322', '20070302', 0, 637, 0, 0, NULL, 2007, 2, 'RM', 1, NULL, NULL, NULL, NULL)
GO

INSERT INTO [dbo].[TRN_APINV] ([APINVNO], [INVOICENO], [INVDESC], [INVDATE], [VENDOR_CODE], [DUEDATE], [DISCDATE], [DISCRATE], [INVAMT], [PAIDAMT], [DISCAMT], [PONO], [ACC_YEAR], [ACC_PERIOD], [CURR_CODE], [CURR_RATE], [PAIDDATE], [PAIDACC_YEAR], [PAIDACC_PERIOD], [PAIDACC_CODE])
VALUES 
  (24, '17483', 'Purchase', '20070226', 'B00002', '20070428', '20070408', 0, 942, 0, 0, NULL, 2007, 2, 'RM', 1, NULL, NULL, NULL, NULL)
GO

INSERT INTO [dbo].[TRN_APINV] ([APINVNO], [INVOICENO], [INVDESC], [INVDATE], [VENDOR_CODE], [DUEDATE], [DISCDATE], [DISCRATE], [INVAMT], [PAIDAMT], [DISCAMT], [PONO], [ACC_YEAR], [ACC_PERIOD], [CURR_CODE], [CURR_RATE], [PAIDDATE], [PAIDACC_YEAR], [PAIDACC_PERIOD], [PAIDACC_CODE])
VALUES 
  (25, '11356', 'Purchase', '20070228', 'O00001', '20070330', '20070310', 0, 547, 0, 0, NULL, 2007, 2, 'RM', 1, NULL, NULL, NULL, NULL)
GO

INSERT INTO [dbo].[TRN_APINV] ([APINVNO], [INVOICENO], [INVDESC], [INVDATE], [VENDOR_CODE], [DUEDATE], [DISCDATE], [DISCRATE], [INVAMT], [PAIDAMT], [DISCAMT], [PONO], [ACC_YEAR], [ACC_PERIOD], [CURR_CODE], [CURR_RATE], [PAIDDATE], [PAIDACC_YEAR], [PAIDACC_PERIOD], [PAIDACC_CODE])
VALUES 
  (26, '30483', 'Purchase', '20070302', 'B00001', '20070401', '20070312', 0, 846, 0, 0, NULL, 2007, 3, 'RM', 1, NULL, NULL, NULL, NULL)
GO

INSERT INTO [dbo].[TRN_APINV] ([APINVNO], [INVOICENO], [INVDESC], [INVDATE], [VENDOR_CODE], [DUEDATE], [DISCDATE], [DISCRATE], [INVAMT], [PAIDAMT], [DISCAMT], [PONO], [ACC_YEAR], [ACC_PERIOD], [CURR_CODE], [CURR_RATE], [PAIDDATE], [PAIDACC_YEAR], [PAIDACC_PERIOD], [PAIDACC_CODE])
VALUES 
  (28, '07030200', 'Purchase', '20070315', 'M00002', '20070414', '20070325', 0, 1844, 0, 0, NULL, 2007, 3, 'RM', 1, NULL, NULL, NULL, NULL)
GO

INSERT INTO [dbo].[TRN_APINV] ([APINVNO], [INVOICENO], [INVDESC], [INVDATE], [VENDOR_CODE], [DUEDATE], [DISCDATE], [DISCRATE], [INVAMT], [PAIDAMT], [DISCAMT], [PONO], [ACC_YEAR], [ACC_PERIOD], [CURR_CODE], [CURR_RATE], [PAIDDATE], [PAIDACC_YEAR], [PAIDACC_PERIOD], [PAIDACC_CODE])
VALUES 
  (29, '3273', 'Purchase', '20070319', 'Q00001', '20070418', '20070329', 0, 855, 0, 0, NULL, 2007, 3, 'RM', 1, NULL, NULL, NULL, NULL)
GO

INSERT INTO [dbo].[TRN_APINV] ([APINVNO], [INVOICENO], [INVDESC], [INVDATE], [VENDOR_CODE], [DUEDATE], [DISCDATE], [DISCRATE], [INVAMT], [PAIDAMT], [DISCAMT], [PONO], [ACC_YEAR], [ACC_PERIOD], [CURR_CODE], [CURR_RATE], [PAIDDATE], [PAIDACC_YEAR], [PAIDACC_PERIOD], [PAIDACC_CODE])
VALUES 
  (30, '13006', 'Purchase', '20070326', 'A00001', '20070425', '20070405', 0, 1268, 0, 0, NULL, 2007, 3, 'RM', 1, NULL, NULL, NULL, NULL)
GO

INSERT INTO [dbo].[TRN_APINV] ([APINVNO], [INVOICENO], [INVDESC], [INVDATE], [VENDOR_CODE], [DUEDATE], [DISCDATE], [DISCRATE], [INVAMT], [PAIDAMT], [DISCAMT], [PONO], [ACC_YEAR], [ACC_PERIOD], [CURR_CODE], [CURR_RATE], [PAIDDATE], [PAIDACC_YEAR], [PAIDACC_PERIOD], [PAIDACC_CODE])
VALUES 
  (31, '17508', 'Purchase', '20070326', 'B00002', '20070425', '20070405', 0, 1550, 0, 0, NULL, 2007, 3, 'RM', 1, NULL, NULL, NULL, NULL)
GO

INSERT INTO [dbo].[TRN_APINV] ([APINVNO], [INVOICENO], [INVDESC], [INVDATE], [VENDOR_CODE], [DUEDATE], [DISCDATE], [DISCRATE], [INVAMT], [PAIDAMT], [DISCAMT], [PONO], [ACC_YEAR], [ACC_PERIOD], [CURR_CODE], [CURR_RATE], [PAIDDATE], [PAIDACC_YEAR], [PAIDACC_PERIOD], [PAIDACC_CODE])
VALUES 
  (32, '8335', 'Purchase', '20070326', 'G00001', '20070425', '20070405', 0, 2050, 0, 0, NULL, 2007, 3, 'RM', 1, NULL, NULL, NULL, NULL)
GO

INSERT INTO [dbo].[TRN_APINV] ([APINVNO], [INVOICENO], [INVDESC], [INVDATE], [VENDOR_CODE], [DUEDATE], [DISCDATE], [DISCRATE], [INVAMT], [PAIDAMT], [DISCAMT], [PONO], [ACC_YEAR], [ACC_PERIOD], [CURR_CODE], [CURR_RATE], [PAIDDATE], [PAIDACC_YEAR], [PAIDACC_PERIOD], [PAIDACC_CODE])
VALUES 
  (33, '11397', 'Purchase', '20070327', 'O00001', '20070426', '20070406', 0, 1527, 0, 0, NULL, 2007, 3, 'RM', 1, NULL, NULL, NULL, NULL)
GO

INSERT INTO [dbo].[TRN_APINV] ([APINVNO], [INVOICENO], [INVDESC], [INVDATE], [VENDOR_CODE], [DUEDATE], [DISCDATE], [DISCRATE], [INVAMT], [PAIDAMT], [DISCAMT], [PONO], [ACC_YEAR], [ACC_PERIOD], [CURR_CODE], [CURR_RATE], [PAIDDATE], [PAIDACC_YEAR], [PAIDACC_PERIOD], [PAIDACC_CODE])
VALUES 
  (34, '3578', 'Purchase', '20070327', 'P00001', '20070426', '20070406', 0, 1200, 0, 0, NULL, 2007, 3, 'RM', 1, NULL, NULL, NULL, NULL)
GO

INSERT INTO [dbo].[TRN_APINV] ([APINVNO], [INVOICENO], [INVDESC], [INVDATE], [VENDOR_CODE], [DUEDATE], [DISCDATE], [DISCRATE], [INVAMT], [PAIDAMT], [DISCAMT], [PONO], [ACC_YEAR], [ACC_PERIOD], [CURR_CODE], [CURR_RATE], [PAIDDATE], [PAIDACC_YEAR], [PAIDACC_PERIOD], [PAIDACC_CODE])
VALUES 
  (36, '00004914', 'Purchase', '20070305', 'S00001', '20070331', '20070315', 0, 2500, 0, 0, NULL, 2007, 3, 'RM', 1, NULL, NULL, NULL, NULL)
GO

--
-- 31 record(s) inserted to [dbo].[TRN_APINV]
--



--
-- Data for table TRN_APINVD  (LIMIT 0,1000)
--

INSERT INTO [dbo].[TRN_APINVD] ([APINVDNO], [APINVNO], [ACC_CODE], [ACC_AMT])
VALUES 
  (6, 1, '61200', 2500)
GO

INSERT INTO [dbo].[TRN_APINVD] ([APINVDNO], [APINVNO], [ACC_CODE], [ACC_AMT])
VALUES 
  (9, 3, '61200', 2300)
GO

INSERT INTO [dbo].[TRN_APINVD] ([APINVDNO], [APINVNO], [ACC_CODE], [ACC_AMT])
VALUES 
  (10, 4, '61200', 1200)
GO

INSERT INTO [dbo].[TRN_APINVD] ([APINVDNO], [APINVNO], [ACC_CODE], [ACC_AMT])
VALUES 
  (11, 5, '61200', 2800)
GO

INSERT INTO [dbo].[TRN_APINVD] ([APINVDNO], [APINVNO], [ACC_CODE], [ACC_AMT])
VALUES 
  (12, 3, '11100', 0)
GO

INSERT INTO [dbo].[TRN_APINVD] ([APINVDNO], [APINVNO], [ACC_CODE], [ACC_AMT])
VALUES 
  (13, 6, '61200', 750)
GO

INSERT INTO [dbo].[TRN_APINVD] ([APINVDNO], [APINVNO], [ACC_CODE], [ACC_AMT])
VALUES 
  (14, 7, '61200', 2600)
GO

INSERT INTO [dbo].[TRN_APINVD] ([APINVDNO], [APINVNO], [ACC_CODE], [ACC_AMT])
VALUES 
  (15, 8, '61200', 950)
GO

INSERT INTO [dbo].[TRN_APINVD] ([APINVDNO], [APINVNO], [ACC_CODE], [ACC_AMT])
VALUES 
  (17, 9, '61200', 1300)
GO

INSERT INTO [dbo].[TRN_APINVD] ([APINVDNO], [APINVNO], [ACC_CODE], [ACC_AMT])
VALUES 
  (19, 10, '61200', 1650)
GO

INSERT INTO [dbo].[TRN_APINVD] ([APINVDNO], [APINVNO], [ACC_CODE], [ACC_AMT])
VALUES 
  (20, 11, '61200', 885)
GO

INSERT INTO [dbo].[TRN_APINVD] ([APINVDNO], [APINVNO], [ACC_CODE], [ACC_AMT])
VALUES 
  (21, 12, '61200', 1300)
GO

INSERT INTO [dbo].[TRN_APINVD] ([APINVDNO], [APINVNO], [ACC_CODE], [ACC_AMT])
VALUES 
  (22, 13, '61200', 1860)
GO

INSERT INTO [dbo].[TRN_APINVD] ([APINVDNO], [APINVNO], [ACC_CODE], [ACC_AMT])
VALUES 
  (23, 14, '61200', 2800)
GO

INSERT INTO [dbo].[TRN_APINVD] ([APINVDNO], [APINVNO], [ACC_CODE], [ACC_AMT])
VALUES 
  (24, 7, '11100', 0)
GO

INSERT INTO [dbo].[TRN_APINVD] ([APINVDNO], [APINVNO], [ACC_CODE], [ACC_AMT])
VALUES 
  (25, 15, '61200', 1780)
GO

INSERT INTO [dbo].[TRN_APINVD] ([APINVDNO], [APINVNO], [ACC_CODE], [ACC_AMT])
VALUES 
  (26, 17, '61200', 2310)
GO

INSERT INTO [dbo].[TRN_APINVD] ([APINVDNO], [APINVNO], [ACC_CODE], [ACC_AMT])
VALUES 
  (27, 18, '61200', 1847)
GO

INSERT INTO [dbo].[TRN_APINVD] ([APINVDNO], [APINVNO], [ACC_CODE], [ACC_AMT])
VALUES 
  (28, 19, '61200', 2438)
GO

INSERT INTO [dbo].[TRN_APINVD] ([APINVDNO], [APINVNO], [ACC_CODE], [ACC_AMT])
VALUES 
  (29, 20, '61200', 1285)
GO

INSERT INTO [dbo].[TRN_APINVD] ([APINVDNO], [APINVNO], [ACC_CODE], [ACC_AMT])
VALUES 
  (30, 21, '61200', 1638)
GO

INSERT INTO [dbo].[TRN_APINVD] ([APINVDNO], [APINVNO], [ACC_CODE], [ACC_AMT])
VALUES 
  (31, 23, '61200', 637)
GO

INSERT INTO [dbo].[TRN_APINVD] ([APINVDNO], [APINVNO], [ACC_CODE], [ACC_AMT])
VALUES 
  (32, 24, '61200', 942)
GO

INSERT INTO [dbo].[TRN_APINVD] ([APINVDNO], [APINVNO], [ACC_CODE], [ACC_AMT])
VALUES 
  (33, 25, '61200', 547)
GO

INSERT INTO [dbo].[TRN_APINVD] ([APINVDNO], [APINVNO], [ACC_CODE], [ACC_AMT])
VALUES 
  (34, 26, '61200', 846)
GO

INSERT INTO [dbo].[TRN_APINVD] ([APINVDNO], [APINVNO], [ACC_CODE], [ACC_AMT])
VALUES 
  (35, 28, '61200', 1844)
GO

INSERT INTO [dbo].[TRN_APINVD] ([APINVDNO], [APINVNO], [ACC_CODE], [ACC_AMT])
VALUES 
  (36, 29, '61200', 855)
GO

INSERT INTO [dbo].[TRN_APINVD] ([APINVDNO], [APINVNO], [ACC_CODE], [ACC_AMT])
VALUES 
  (37, 30, '61200', 1268)
GO

INSERT INTO [dbo].[TRN_APINVD] ([APINVDNO], [APINVNO], [ACC_CODE], [ACC_AMT])
VALUES 
  (39, 31, '61200', 1550)
GO

INSERT INTO [dbo].[TRN_APINVD] ([APINVDNO], [APINVNO], [ACC_CODE], [ACC_AMT])
VALUES 
  (40, 32, '61200', 2050)
GO

INSERT INTO [dbo].[TRN_APINVD] ([APINVDNO], [APINVNO], [ACC_CODE], [ACC_AMT])
VALUES 
  (41, 33, '61200', 1527)
GO

INSERT INTO [dbo].[TRN_APINVD] ([APINVDNO], [APINVNO], [ACC_CODE], [ACC_AMT])
VALUES 
  (42, 34, '61200', 1200)
GO

INSERT INTO [dbo].[TRN_APINVD] ([APINVDNO], [APINVNO], [ACC_CODE], [ACC_AMT])
VALUES 
  (44, 36, '61200', 2500)
GO

--
-- 33 record(s) inserted to [dbo].[TRN_APINVD]
--

--
-- Data for table TRN_ARINV  (LIMIT 0,1000)
--

INSERT INTO [dbo].[TRN_ARINV] ([ARINVNO], [INVOICENO], [INVDESC], [INVDATE], [CUSTOMER_CODE], [DUEDATE], [DISCDATE], [DISCRATE], [INVAMT], [PAIDAMT], [DISCAMT], [PONO], [ACC_YEAR], [ACC_PERIOD], [CURR_CODE], [CURR_RATE], [PAIDDATE], [PAIDACC_YEAR], [PAIDACC_PERIOD], [PAIDACC_CODE], [TAX_CODE1], [TAX_CODE2], [TAX_AMT1], [TAX_AMT2], [DONO])
VALUES 
  (1, 'INV00001', 'Invoice', '20070103', 'S0001', '20070202', '20070113', 5, 3200, 12800, 0, NULL, 2007, 1, 'RM', 1, '20070301', 2007, 3, '11310', NULL, NULL, NULL, NULL, NULL)
GO

INSERT INTO [dbo].[TRN_ARINV] ([ARINVNO], [INVOICENO], [INVDESC], [INVDATE], [CUSTOMER_CODE], [DUEDATE], [DISCDATE], [DISCRATE], [INVAMT], [PAIDAMT], [DISCAMT], [PONO], [ACC_YEAR], [ACC_PERIOD], [CURR_CODE], [CURR_RATE], [PAIDDATE], [PAIDACC_YEAR], [PAIDACC_PERIOD], [PAIDACC_CODE], [TAX_CODE1], [TAX_CODE2], [TAX_AMT1], [TAX_AMT2], [DONO])
VALUES 
  (3, 'INV00002', 'Invoice', '20070103', 'C0001', '20070202', '20070113', 0, 2560, 10240, 0, NULL, 2007, 1, 'RM', 1, '20070301', 2007, 3, '11320', NULL, NULL, NULL, NULL, NULL)
GO

INSERT INTO [dbo].[TRN_ARINV] ([ARINVNO], [INVOICENO], [INVDESC], [INVDATE], [CUSTOMER_CODE], [DUEDATE], [DISCDATE], [DISCRATE], [INVAMT], [PAIDAMT], [DISCAMT], [PONO], [ACC_YEAR], [ACC_PERIOD], [CURR_CODE], [CURR_RATE], [PAIDDATE], [PAIDACC_YEAR], [PAIDACC_PERIOD], [PAIDACC_CODE], [TAX_CODE1], [TAX_CODE2], [TAX_AMT1], [TAX_AMT2], [DONO])
VALUES 
  (4, 'INV00003', 'Invoice', '20070108', 'Z0001', '20070207', '20070118', 0, 1700, 6800, 0, NULL, 2007, 1, 'RM', 1, '20070215', 2007, 2, '11310', NULL, NULL, NULL, NULL, NULL)
GO

INSERT INTO [dbo].[TRN_ARINV] ([ARINVNO], [INVOICENO], [INVDESC], [INVDATE], [CUSTOMER_CODE], [DUEDATE], [DISCDATE], [DISCRATE], [INVAMT], [PAIDAMT], [DISCAMT], [PONO], [ACC_YEAR], [ACC_PERIOD], [CURR_CODE], [CURR_RATE], [PAIDDATE], [PAIDACC_YEAR], [PAIDACC_PERIOD], [PAIDACC_CODE], [TAX_CODE1], [TAX_CODE2], [TAX_AMT1], [TAX_AMT2], [DONO])
VALUES 
  (5, 'INV00004', 'Invoice', '20070110', 'C0002', '20070209', '20070120', 5, 2100, 7980, 0, NULL, 2007, 1, 'RM', 1, '20070119', 2007, 1, '11310', NULL, NULL, NULL, NULL, NULL)
GO

INSERT INTO [dbo].[TRN_ARINV] ([ARINVNO], [INVOICENO], [INVDESC], [INVDATE], [CUSTOMER_CODE], [DUEDATE], [DISCDATE], [DISCRATE], [INVAMT], [PAIDAMT], [DISCAMT], [PONO], [ACC_YEAR], [ACC_PERIOD], [CURR_CODE], [CURR_RATE], [PAIDDATE], [PAIDACC_YEAR], [PAIDACC_PERIOD], [PAIDACC_CODE], [TAX_CODE1], [TAX_CODE2], [TAX_AMT1], [TAX_AMT2], [DONO])
VALUES 
  (6, 'INV00005', 'Invoice', '20070112', 'M0001', '20070211', '20070122', 5, 1730, 6920, 0, NULL, 2007, 1, 'RM', 1, '20070220', 2007, 2, '11320', NULL, NULL, NULL, NULL, NULL)
GO

INSERT INTO [dbo].[TRN_ARINV] ([ARINVNO], [INVOICENO], [INVDESC], [INVDATE], [CUSTOMER_CODE], [DUEDATE], [DISCDATE], [DISCRATE], [INVAMT], [PAIDAMT], [DISCAMT], [PONO], [ACC_YEAR], [ACC_PERIOD], [CURR_CODE], [CURR_RATE], [PAIDDATE], [PAIDACC_YEAR], [PAIDACC_PERIOD], [PAIDACC_CODE], [TAX_CODE1], [TAX_CODE2], [TAX_AMT1], [TAX_AMT2], [DONO])
VALUES 
  (7, 'INV00006', 'Invoice', '20070118', 'X0001', '20070217', '20070128', 5, 4955, 18829, 0, NULL, 2007, 1, 'RM', 1, '20070128', 2007, 1, '11310', NULL, NULL, NULL, NULL, NULL)
GO

INSERT INTO [dbo].[TRN_ARINV] ([ARINVNO], [INVOICENO], [INVDESC], [INVDATE], [CUSTOMER_CODE], [DUEDATE], [DISCDATE], [DISCRATE], [INVAMT], [PAIDAMT], [DISCAMT], [PONO], [ACC_YEAR], [ACC_PERIOD], [CURR_CODE], [CURR_RATE], [PAIDDATE], [PAIDACC_YEAR], [PAIDACC_PERIOD], [PAIDACC_CODE], [TAX_CODE1], [TAX_CODE2], [TAX_AMT1], [TAX_AMT2], [DONO])
VALUES 
  (8, 'INV00007', 'Invoice', '20070123', 'A0001', '20070222', '20070202', 5, 1280, 5120, 0, NULL, 2007, 1, 'RM', 1, '20070301', 2007, 3, '11320', NULL, NULL, NULL, NULL, NULL)
GO

INSERT INTO [dbo].[TRN_ARINV] ([ARINVNO], [INVOICENO], [INVDESC], [INVDATE], [CUSTOMER_CODE], [DUEDATE], [DISCDATE], [DISCRATE], [INVAMT], [PAIDAMT], [DISCAMT], [PONO], [ACC_YEAR], [ACC_PERIOD], [CURR_CODE], [CURR_RATE], [PAIDDATE], [PAIDACC_YEAR], [PAIDACC_PERIOD], [PAIDACC_CODE], [TAX_CODE1], [TAX_CODE2], [TAX_AMT1], [TAX_AMT2], [DONO])
VALUES 
  (9, 'INV00008', 'Invoice', '20070123', 'U0001', '20070222', '20070202', 5, 2500, 10000, 0, NULL, 2007, 1, 'RM', 1, '20070206', 2007, 2, '52200', NULL, NULL, NULL, NULL, NULL)
GO

INSERT INTO [dbo].[TRN_ARINV] ([ARINVNO], [INVOICENO], [INVDESC], [INVDATE], [CUSTOMER_CODE], [DUEDATE], [DISCDATE], [DISCRATE], [INVAMT], [PAIDAMT], [DISCAMT], [PONO], [ACC_YEAR], [ACC_PERIOD], [CURR_CODE], [CURR_RATE], [PAIDDATE], [PAIDACC_YEAR], [PAIDACC_PERIOD], [PAIDACC_CODE], [TAX_CODE1], [TAX_CODE2], [TAX_AMT1], [TAX_AMT2], [DONO])
VALUES 
  (10, 'INV00009', 'Invoice', '20070124', 'P0001', '20070223', '20070203', 3, 1730, 6920, 0, NULL, 2007, 1, 'RM', 1, '20070212', 2007, 2, '52200', NULL, NULL, NULL, NULL, NULL)
GO

INSERT INTO [dbo].[TRN_ARINV] ([ARINVNO], [INVOICENO], [INVDESC], [INVDATE], [CUSTOMER_CODE], [DUEDATE], [DISCDATE], [DISCRATE], [INVAMT], [PAIDAMT], [DISCAMT], [PONO], [ACC_YEAR], [ACC_PERIOD], [CURR_CODE], [CURR_RATE], [PAIDDATE], [PAIDACC_YEAR], [PAIDACC_PERIOD], [PAIDACC_CODE], [TAX_CODE1], [TAX_CODE2], [TAX_AMT1], [TAX_AMT2], [DONO])
VALUES 
  (11, 'INV00010', 'Invoice', '20070126', 'C0001', '20070225', '20070205', 3, 1500, 6000, 0, NULL, 2007, 1, 'RM', 1, '20070309', 2007, 3, '11310', NULL, NULL, NULL, NULL, NULL)
GO

INSERT INTO [dbo].[TRN_ARINV] ([ARINVNO], [INVOICENO], [INVDESC], [INVDATE], [CUSTOMER_CODE], [DUEDATE], [DISCDATE], [DISCRATE], [INVAMT], [PAIDAMT], [DISCAMT], [PONO], [ACC_YEAR], [ACC_PERIOD], [CURR_CODE], [CURR_RATE], [PAIDDATE], [PAIDACC_YEAR], [PAIDACC_PERIOD], [PAIDACC_CODE], [TAX_CODE1], [TAX_CODE2], [TAX_AMT1], [TAX_AMT2], [DONO])
VALUES 
  (12, 'INV00011', 'Invoice', '20070129', 'M0001', '20070228', '20071008', 0, 1100, 4400, 0, NULL, 2007, 1, 'RM', 1, '20070312', 2007, 3, '11320', NULL, NULL, NULL, NULL, NULL)
GO

INSERT INTO [dbo].[TRN_ARINV] ([ARINVNO], [INVOICENO], [INVDESC], [INVDATE], [CUSTOMER_CODE], [DUEDATE], [DISCDATE], [DISCRATE], [INVAMT], [PAIDAMT], [DISCAMT], [PONO], [ACC_YEAR], [ACC_PERIOD], [CURR_CODE], [CURR_RATE], [PAIDDATE], [PAIDACC_YEAR], [PAIDACC_PERIOD], [PAIDACC_CODE], [TAX_CODE1], [TAX_CODE2], [TAX_AMT1], [TAX_AMT2], [DONO])
VALUES 
  (13, 'INV00012', 'Invoice', '20070130', 'B0001', '20070301', '20070209', 5, 1800, 6840, 0, NULL, 2007, 1, 'RM', 1, '20070205', 2007, 2, '11320', NULL, NULL, NULL, NULL, NULL)
GO

INSERT INTO [dbo].[TRN_ARINV] ([ARINVNO], [INVOICENO], [INVDESC], [INVDATE], [CUSTOMER_CODE], [DUEDATE], [DISCDATE], [DISCRATE], [INVAMT], [PAIDAMT], [DISCAMT], [PONO], [ACC_YEAR], [ACC_PERIOD], [CURR_CODE], [CURR_RATE], [PAIDDATE], [PAIDACC_YEAR], [PAIDACC_PERIOD], [PAIDACC_CODE], [TAX_CODE1], [TAX_CODE2], [TAX_AMT1], [TAX_AMT2], [DONO])
VALUES 
  (14, 'INV00013', 'Invoice', '20070130', 'C0001', '20070301', '20070209', 5, 880, 3520, 0, NULL, 2007, 1, 'RM', 1, '20070309', 2007, 3, '11310', NULL, NULL, NULL, NULL, NULL)
GO

INSERT INTO [dbo].[TRN_ARINV] ([ARINVNO], [INVOICENO], [INVDESC], [INVDATE], [CUSTOMER_CODE], [DUEDATE], [DISCDATE], [DISCRATE], [INVAMT], [PAIDAMT], [DISCAMT], [PONO], [ACC_YEAR], [ACC_PERIOD], [CURR_CODE], [CURR_RATE], [PAIDDATE], [PAIDACC_YEAR], [PAIDACC_PERIOD], [PAIDACC_CODE], [TAX_CODE1], [TAX_CODE2], [TAX_AMT1], [TAX_AMT2], [DONO])
VALUES 
  (15, 'INV00014', 'Invoice', '20070130', 'U0001', '20070301', '20070209', 5, 1200, 4560, 0, NULL, 2007, 1, 'RM', 1, '20070209', 2007, 2, '11320', NULL, NULL, NULL, NULL, NULL)
GO

INSERT INTO [dbo].[TRN_ARINV] ([ARINVNO], [INVOICENO], [INVDESC], [INVDATE], [CUSTOMER_CODE], [DUEDATE], [DISCDATE], [DISCRATE], [INVAMT], [PAIDAMT], [DISCAMT], [PONO], [ACC_YEAR], [ACC_PERIOD], [CURR_CODE], [CURR_RATE], [PAIDDATE], [PAIDACC_YEAR], [PAIDACC_PERIOD], [PAIDACC_CODE], [TAX_CODE1], [TAX_CODE2], [TAX_AMT1], [TAX_AMT2], [DONO])
VALUES 
  (16, 'INV00015', 'Invoice', '20070131', 'X0001', '20070302', '20070210', 5, 1100, 4180, 0, NULL, 2007, 1, 'RM', 1, '20070209', 2007, 2, '11310', NULL, NULL, NULL, NULL, NULL)
GO

INSERT INTO [dbo].[TRN_ARINV] ([ARINVNO], [INVOICENO], [INVDESC], [INVDATE], [CUSTOMER_CODE], [DUEDATE], [DISCDATE], [DISCRATE], [INVAMT], [PAIDAMT], [DISCAMT], [PONO], [ACC_YEAR], [ACC_PERIOD], [CURR_CODE], [CURR_RATE], [PAIDDATE], [PAIDACC_YEAR], [PAIDACC_PERIOD], [PAIDACC_CODE], [TAX_CODE1], [TAX_CODE2], [TAX_AMT1], [TAX_AMT2], [DONO])
VALUES 
  (17, 'INV00016', 'Invoice', '20070202', 'C0002', '20070304', '20070212', 5, 810, 3240, 0, NULL, 2007, 2, 'RM', 1, '20070301', 2007, 3, '11310', NULL, NULL, NULL, NULL, NULL)
GO

INSERT INTO [dbo].[TRN_ARINV] ([ARINVNO], [INVOICENO], [INVDESC], [INVDATE], [CUSTOMER_CODE], [DUEDATE], [DISCDATE], [DISCRATE], [INVAMT], [PAIDAMT], [DISCAMT], [PONO], [ACC_YEAR], [ACC_PERIOD], [CURR_CODE], [CURR_RATE], [PAIDDATE], [PAIDACC_YEAR], [PAIDACC_PERIOD], [PAIDACC_CODE], [TAX_CODE1], [TAX_CODE2], [TAX_AMT1], [TAX_AMT2], [DONO])
VALUES 
  (18, 'INV00017', 'Invoice', '20070202', 'P0001', '20070304', '20070212', 3, 880, 0, 0, NULL, 2007, 2, 'RM', 1, NULL, NULL, NULL, NULL, NULL, NULL, NULL, NULL, NULL)
GO

INSERT INTO [dbo].[TRN_ARINV] ([ARINVNO], [INVOICENO], [INVDESC], [INVDATE], [CUSTOMER_CODE], [DUEDATE], [DISCDATE], [DISCRATE], [INVAMT], [PAIDAMT], [DISCAMT], [PONO], [ACC_YEAR], [ACC_PERIOD], [CURR_CODE], [CURR_RATE], [PAIDDATE], [PAIDACC_YEAR], [PAIDACC_PERIOD], [PAIDACC_CODE], [TAX_CODE1], [TAX_CODE2], [TAX_AMT1], [TAX_AMT2], [DONO])
VALUES 
  (19, 'INV00018', 'Invoice', '20070205', 'C0002', '20070307', '20070215', 5, 1200, 4800, 0, NULL, 2007, 2, 'RM', 1, '20070301', 2007, 3, '11310', NULL, NULL, NULL, NULL, NULL)
GO

INSERT INTO [dbo].[TRN_ARINV] ([ARINVNO], [INVOICENO], [INVDESC], [INVDATE], [CUSTOMER_CODE], [DUEDATE], [DISCDATE], [DISCRATE], [INVAMT], [PAIDAMT], [DISCAMT], [PONO], [ACC_YEAR], [ACC_PERIOD], [CURR_CODE], [CURR_RATE], [PAIDDATE], [PAIDACC_YEAR], [PAIDACC_PERIOD], [PAIDACC_CODE], [TAX_CODE1], [TAX_CODE2], [TAX_AMT1], [TAX_AMT2], [DONO])
VALUES 
  (20, 'INV00019', 'Invoice', '20070205', 'U0001', '20070307', '20070215', 5, 3550, 0, 0, NULL, 2007, 2, 'RM', 1, NULL, NULL, NULL, NULL, NULL, NULL, NULL, NULL, NULL)
GO

INSERT INTO [dbo].[TRN_ARINV] ([ARINVNO], [INVOICENO], [INVDESC], [INVDATE], [CUSTOMER_CODE], [DUEDATE], [DISCDATE], [DISCRATE], [INVAMT], [PAIDAMT], [DISCAMT], [PONO], [ACC_YEAR], [ACC_PERIOD], [CURR_CODE], [CURR_RATE], [PAIDDATE], [PAIDACC_YEAR], [PAIDACC_PERIOD], [PAIDACC_CODE], [TAX_CODE1], [TAX_CODE2], [TAX_AMT1], [TAX_AMT2], [DONO])
VALUES 
  (21, 'INV00020', 'Invoice', '20070206', 'X0001', '20070308', '20070216', 5, 1250, 0, 0, NULL, 2007, 2, 'RM', 1, NULL, NULL, NULL, NULL, NULL, NULL, NULL, NULL, NULL)
GO

INSERT INTO [dbo].[TRN_ARINV] ([ARINVNO], [INVOICENO], [INVDESC], [INVDATE], [CUSTOMER_CODE], [DUEDATE], [DISCDATE], [DISCRATE], [INVAMT], [PAIDAMT], [DISCAMT], [PONO], [ACC_YEAR], [ACC_PERIOD], [CURR_CODE], [CURR_RATE], [PAIDDATE], [PAIDACC_YEAR], [PAIDACC_PERIOD], [PAIDACC_CODE], [TAX_CODE1], [TAX_CODE2], [TAX_AMT1], [TAX_AMT2], [DONO])
VALUES 
  (22, 'INV00021', 'Invoice', '20070206', 'S0001', '20070308', '20070216', 0, 2800, 0, 0, NULL, 2007, 2, 'RM', 1, NULL, NULL, NULL, NULL, NULL, NULL, NULL, NULL, NULL)
GO

INSERT INTO [dbo].[TRN_ARINV] ([ARINVNO], [INVOICENO], [INVDESC], [INVDATE], [CUSTOMER_CODE], [DUEDATE], [DISCDATE], [DISCRATE], [INVAMT], [PAIDAMT], [DISCAMT], [PONO], [ACC_YEAR], [ACC_PERIOD], [CURR_CODE], [CURR_RATE], [PAIDDATE], [PAIDACC_YEAR], [PAIDACC_PERIOD], [PAIDACC_CODE], [TAX_CODE1], [TAX_CODE2], [TAX_AMT1], [TAX_AMT2], [DONO])
VALUES 
  (23, 'INV00022', 'Invoice', '20070208', 'A0001', '20070310', '20070218', 5, 1150, 0, 0, NULL, 2007, 2, 'RM', 1, NULL, NULL, NULL, NULL, NULL, NULL, NULL, NULL, NULL)
GO

INSERT INTO [dbo].[TRN_ARINV] ([ARINVNO], [INVOICENO], [INVDESC], [INVDATE], [CUSTOMER_CODE], [DUEDATE], [DISCDATE], [DISCRATE], [INVAMT], [PAIDAMT], [DISCAMT], [PONO], [ACC_YEAR], [ACC_PERIOD], [CURR_CODE], [CURR_RATE], [PAIDDATE], [PAIDACC_YEAR], [PAIDACC_PERIOD], [PAIDACC_CODE], [TAX_CODE1], [TAX_CODE2], [TAX_AMT1], [TAX_AMT2], [DONO])
VALUES 
  (24, 'INV00023', 'Invoice', '20070209', 'U0001', '20070311', '20070219', 5, 1130, 0, 0, NULL, 2007, 2, 'RM', 1, NULL, NULL, NULL, NULL, NULL, NULL, NULL, NULL, NULL)
GO

INSERT INTO [dbo].[TRN_ARINV] ([ARINVNO], [INVOICENO], [INVDESC], [INVDATE], [CUSTOMER_CODE], [DUEDATE], [DISCDATE], [DISCRATE], [INVAMT], [PAIDAMT], [DISCAMT], [PONO], [ACC_YEAR], [ACC_PERIOD], [CURR_CODE], [CURR_RATE], [PAIDDATE], [PAIDACC_YEAR], [PAIDACC_PERIOD], [PAIDACC_CODE], [TAX_CODE1], [TAX_CODE2], [TAX_AMT1], [TAX_AMT2], [DONO])
VALUES 
  (25, 'INV00024', 'Invoice', '20070212', 'Z0001', '20070314', '20070222', 5, 1050, 0, 0, NULL, 2007, 2, 'RM', 1, NULL, NULL, NULL, NULL, NULL, NULL, NULL, NULL, NULL)
GO

INSERT INTO [dbo].[TRN_ARINV] ([ARINVNO], [INVOICENO], [INVDESC], [INVDATE], [CUSTOMER_CODE], [DUEDATE], [DISCDATE], [DISCRATE], [INVAMT], [PAIDAMT], [DISCAMT], [PONO], [ACC_YEAR], [ACC_PERIOD], [CURR_CODE], [CURR_RATE], [PAIDDATE], [PAIDACC_YEAR], [PAIDACC_PERIOD], [PAIDACC_CODE], [TAX_CODE1], [TAX_CODE2], [TAX_AMT1], [TAX_AMT2], [DONO])
VALUES 
  (26, 'INV00025', 'Invoice', '20070213', 'P0001', '20070315', '20070223', 3, 1080, 0, 0, NULL, 2007, 2, 'RM', 1, NULL, NULL, NULL, NULL, NULL, NULL, NULL, NULL, NULL)
GO

INSERT INTO [dbo].[TRN_ARINV] ([ARINVNO], [INVOICENO], [INVDESC], [INVDATE], [CUSTOMER_CODE], [DUEDATE], [DISCDATE], [DISCRATE], [INVAMT], [PAIDAMT], [DISCAMT], [PONO], [ACC_YEAR], [ACC_PERIOD], [CURR_CODE], [CURR_RATE], [PAIDDATE], [PAIDACC_YEAR], [PAIDACC_PERIOD], [PAIDACC_CODE], [TAX_CODE1], [TAX_CODE2], [TAX_AMT1], [TAX_AMT2], [DONO])
VALUES 
  (27, 'INV00026', 'Invoice', '20070216', 'S0001', '20070318', '20070826', 3, 1960, 0, 0, NULL, 2007, 2, 'RM', 1, NULL, NULL, NULL, NULL, NULL, NULL, NULL, NULL, NULL)
GO

INSERT INTO [dbo].[TRN_ARINV] ([ARINVNO], [INVOICENO], [INVDESC], [INVDATE], [CUSTOMER_CODE], [DUEDATE], [DISCDATE], [DISCRATE], [INVAMT], [PAIDAMT], [DISCAMT], [PONO], [ACC_YEAR], [ACC_PERIOD], [CURR_CODE], [CURR_RATE], [PAIDDATE], [PAIDACC_YEAR], [PAIDACC_PERIOD], [PAIDACC_CODE], [TAX_CODE1], [TAX_CODE2], [TAX_AMT1], [TAX_AMT2], [DONO])
VALUES 
  (28, 'INV00027', 'Invoice', '20070216', 'B0001', '20070318', '20070226', 5, 1400, 0, 0, NULL, 2007, 2, 'RM', 1, NULL, NULL, NULL, NULL, NULL, NULL, NULL, NULL, NULL)
GO

INSERT INTO [dbo].[TRN_ARINV] ([ARINVNO], [INVOICENO], [INVDESC], [INVDATE], [CUSTOMER_CODE], [DUEDATE], [DISCDATE], [DISCRATE], [INVAMT], [PAIDAMT], [DISCAMT], [PONO], [ACC_YEAR], [ACC_PERIOD], [CURR_CODE], [CURR_RATE], [PAIDDATE], [PAIDACC_YEAR], [PAIDACC_PERIOD], [PAIDACC_CODE], [TAX_CODE1], [TAX_CODE2], [TAX_AMT1], [TAX_AMT2], [DONO])
VALUES 
  (29, 'INV00028', 'Invoice', '20070219', 'X0001', '20070321', '20070301', 5, 2300, 0, 0, NULL, 2007, 2, 'RM', 1, NULL, NULL, NULL, NULL, NULL, NULL, NULL, NULL, NULL)
GO

INSERT INTO [dbo].[TRN_ARINV] ([ARINVNO], [INVOICENO], [INVDESC], [INVDATE], [CUSTOMER_CODE], [DUEDATE], [DISCDATE], [DISCRATE], [INVAMT], [PAIDAMT], [DISCAMT], [PONO], [ACC_YEAR], [ACC_PERIOD], [CURR_CODE], [CURR_RATE], [PAIDDATE], [PAIDACC_YEAR], [PAIDACC_PERIOD], [PAIDACC_CODE], [TAX_CODE1], [TAX_CODE2], [TAX_AMT1], [TAX_AMT2], [DONO])
VALUES 
  (30, 'INV00029', 'Invoice', '20070220', 'U0001', '20070322', '20070302', 5, 1460, 0, 0, NULL, 2007, 2, 'RM', 1, NULL, NULL, NULL, NULL, NULL, NULL, NULL, NULL, NULL)
GO

INSERT INTO [dbo].[TRN_ARINV] ([ARINVNO], [INVOICENO], [INVDESC], [INVDATE], [CUSTOMER_CODE], [DUEDATE], [DISCDATE], [DISCRATE], [INVAMT], [PAIDAMT], [DISCAMT], [PONO], [ACC_YEAR], [ACC_PERIOD], [CURR_CODE], [CURR_RATE], [PAIDDATE], [PAIDACC_YEAR], [PAIDACC_PERIOD], [PAIDACC_CODE], [TAX_CODE1], [TAX_CODE2], [TAX_AMT1], [TAX_AMT2], [DONO])
VALUES 
  (31, 'INV00030', 'Invoice', '20070227', 'B0001', '20070329', '20070309', 5, 1160, 0, 0, NULL, 2007, 2, 'RM', 1, NULL, NULL, NULL, NULL, NULL, NULL, NULL, NULL, NULL)
GO

INSERT INTO [dbo].[TRN_ARINV] ([ARINVNO], [INVOICENO], [INVDESC], [INVDATE], [CUSTOMER_CODE], [DUEDATE], [DISCDATE], [DISCRATE], [INVAMT], [PAIDAMT], [DISCAMT], [PONO], [ACC_YEAR], [ACC_PERIOD], [CURR_CODE], [CURR_RATE], [PAIDDATE], [PAIDACC_YEAR], [PAIDACC_PERIOD], [PAIDACC_CODE], [TAX_CODE1], [TAX_CODE2], [TAX_AMT1], [TAX_AMT2], [DONO])
VALUES 
  (32, 'INV00031', 'Invoice', '20070228', 'M0001', '20070330', '20070310', 5, 1040, 0, 0, NULL, 2007, 2, 'RM', 1, NULL, NULL, NULL, NULL, NULL, NULL, NULL, NULL, NULL)
GO

INSERT INTO [dbo].[TRN_ARINV] ([ARINVNO], [INVOICENO], [INVDESC], [INVDATE], [CUSTOMER_CODE], [DUEDATE], [DISCDATE], [DISCRATE], [INVAMT], [PAIDAMT], [DISCAMT], [PONO], [ACC_YEAR], [ACC_PERIOD], [CURR_CODE], [CURR_RATE], [PAIDDATE], [PAIDACC_YEAR], [PAIDACC_PERIOD], [PAIDACC_CODE], [TAX_CODE1], [TAX_CODE2], [TAX_AMT1], [TAX_AMT2], [DONO])
VALUES 
  (33, 'INV00032', 'Invoice', '20070302', 'S0001', '20070401', '20070312', 0, 2525, 0, 0, NULL, 2007, 3, 'RM', 1, NULL, NULL, NULL, NULL, NULL, NULL, NULL, NULL, NULL)
GO

INSERT INTO [dbo].[TRN_ARINV] ([ARINVNO], [INVOICENO], [INVDESC], [INVDATE], [CUSTOMER_CODE], [DUEDATE], [DISCDATE], [DISCRATE], [INVAMT], [PAIDAMT], [DISCAMT], [PONO], [ACC_YEAR], [ACC_PERIOD], [CURR_CODE], [CURR_RATE], [PAIDDATE], [PAIDACC_YEAR], [PAIDACC_PERIOD], [PAIDACC_CODE], [TAX_CODE1], [TAX_CODE2], [TAX_AMT1], [TAX_AMT2], [DONO])
VALUES 
  (34, 'INV00033', 'Invoice', '20070302', 'A0001', '20070401', '20070312', 5, 1800, 0, 0, NULL, 2007, 3, 'RM', 1, NULL, NULL, NULL, NULL, NULL, NULL, NULL, NULL, NULL)
GO

INSERT INTO [dbo].[TRN_ARINV] ([ARINVNO], [INVOICENO], [INVDESC], [INVDATE], [CUSTOMER_CODE], [DUEDATE], [DISCDATE], [DISCRATE], [INVAMT], [PAIDAMT], [DISCAMT], [PONO], [ACC_YEAR], [ACC_PERIOD], [CURR_CODE], [CURR_RATE], [PAIDDATE], [PAIDACC_YEAR], [PAIDACC_PERIOD], [PAIDACC_CODE], [TAX_CODE1], [TAX_CODE2], [TAX_AMT1], [TAX_AMT2], [DONO])
VALUES 
  (35, 'INV00034', 'Invoice', '20070308', 'C0001', '20070407', '20070318', 5, 1215, 0, 0, NULL, 2007, 3, 'RM', 1, NULL, NULL, NULL, NULL, NULL, NULL, NULL, NULL, NULL)
GO

INSERT INTO [dbo].[TRN_ARINV] ([ARINVNO], [INVOICENO], [INVDESC], [INVDATE], [CUSTOMER_CODE], [DUEDATE], [DISCDATE], [DISCRATE], [INVAMT], [PAIDAMT], [DISCAMT], [PONO], [ACC_YEAR], [ACC_PERIOD], [CURR_CODE], [CURR_RATE], [PAIDDATE], [PAIDACC_YEAR], [PAIDACC_PERIOD], [PAIDACC_CODE], [TAX_CODE1], [TAX_CODE2], [TAX_AMT1], [TAX_AMT2], [DONO])
VALUES 
  (36, 'INV00035', 'Invoice', '20070312', 'Z0001', '20070411', '20070322', 0, 1690, 0, 0, NULL, 2007, 3, 'RM', 1, NULL, NULL, NULL, NULL, NULL, NULL, NULL, NULL, NULL)
GO

INSERT INTO [dbo].[TRN_ARINV] ([ARINVNO], [INVOICENO], [INVDESC], [INVDATE], [CUSTOMER_CODE], [DUEDATE], [DISCDATE], [DISCRATE], [INVAMT], [PAIDAMT], [DISCAMT], [PONO], [ACC_YEAR], [ACC_PERIOD], [CURR_CODE], [CURR_RATE], [PAIDDATE], [PAIDACC_YEAR], [PAIDACC_PERIOD], [PAIDACC_CODE], [TAX_CODE1], [TAX_CODE2], [TAX_AMT1], [TAX_AMT2], [DONO])
VALUES 
  (37, 'INV00036', 'Invoice', '20070314', 'B0001', '20070413', '20070324', 5, 1897, 0, 0, NULL, 2007, 3, 'RM', 1, NULL, NULL, NULL, NULL, NULL, NULL, NULL, NULL, NULL)
GO

INSERT INTO [dbo].[TRN_ARINV] ([ARINVNO], [INVOICENO], [INVDESC], [INVDATE], [CUSTOMER_CODE], [DUEDATE], [DISCDATE], [DISCRATE], [INVAMT], [PAIDAMT], [DISCAMT], [PONO], [ACC_YEAR], [ACC_PERIOD], [CURR_CODE], [CURR_RATE], [PAIDDATE], [PAIDACC_YEAR], [PAIDACC_PERIOD], [PAIDACC_CODE], [TAX_CODE1], [TAX_CODE2], [TAX_AMT1], [TAX_AMT2], [DONO])
VALUES 
  (38, 'INV00037', 'Invoice', '20070315', 'X0001', '20070414', '20070325', 5, 2080, 0, 0, NULL, 2007, 3, 'RM', 1, NULL, NULL, NULL, NULL, NULL, NULL, NULL, NULL, NULL)
GO

INSERT INTO [dbo].[TRN_ARINV] ([ARINVNO], [INVOICENO], [INVDESC], [INVDATE], [CUSTOMER_CODE], [DUEDATE], [DISCDATE], [DISCRATE], [INVAMT], [PAIDAMT], [DISCAMT], [PONO], [ACC_YEAR], [ACC_PERIOD], [CURR_CODE], [CURR_RATE], [PAIDDATE], [PAIDACC_YEAR], [PAIDACC_PERIOD], [PAIDACC_CODE], [TAX_CODE1], [TAX_CODE2], [TAX_AMT1], [TAX_AMT2], [DONO])
VALUES 
  (39, 'INV00038', 'Invoice', '20070319', 'M0001', '20070418', '20070329', 5, 1640, 0, 0, NULL, 2007, 3, 'RM', 1, NULL, NULL, NULL, NULL, NULL, NULL, NULL, NULL, NULL)
GO

INSERT INTO [dbo].[TRN_ARINV] ([ARINVNO], [INVOICENO], [INVDESC], [INVDATE], [CUSTOMER_CODE], [DUEDATE], [DISCDATE], [DISCRATE], [INVAMT], [PAIDAMT], [DISCAMT], [PONO], [ACC_YEAR], [ACC_PERIOD], [CURR_CODE], [CURR_RATE], [PAIDDATE], [PAIDACC_YEAR], [PAIDACC_PERIOD], [PAIDACC_CODE], [TAX_CODE1], [TAX_CODE2], [TAX_AMT1], [TAX_AMT2], [DONO])
VALUES 
  (40, 'INV00039', 'Invoice', '20070326', 'U0001', '20070425', '20070405', 5, 1650, 0, 0, NULL, 2007, 3, 'RM', 1, NULL, NULL, NULL, NULL, NULL, NULL, NULL, NULL, NULL)
GO

INSERT INTO [dbo].[TRN_ARINV] ([ARINVNO], [INVOICENO], [INVDESC], [INVDATE], [CUSTOMER_CODE], [DUEDATE], [DISCDATE], [DISCRATE], [INVAMT], [PAIDAMT], [DISCAMT], [PONO], [ACC_YEAR], [ACC_PERIOD], [CURR_CODE], [CURR_RATE], [PAIDDATE], [PAIDACC_YEAR], [PAIDACC_PERIOD], [PAIDACC_CODE], [TAX_CODE1], [TAX_CODE2], [TAX_AMT1], [TAX_AMT2], [DONO])
VALUES 
  (41, 'INV00040', 'Invoice', '20070327', 'P0001', '20070426', '20070406', 3, 1330, 0, 0, NULL, 2007, 3, 'RM', 1, NULL, NULL, NULL, NULL, NULL, NULL, NULL, NULL, NULL)
GO

INSERT INTO [dbo].[TRN_ARINV] ([ARINVNO], [INVOICENO], [INVDESC], [INVDATE], [CUSTOMER_CODE], [DUEDATE], [DISCDATE], [DISCRATE], [INVAMT], [PAIDAMT], [DISCAMT], [PONO], [ACC_YEAR], [ACC_PERIOD], [CURR_CODE], [CURR_RATE], [PAIDDATE], [PAIDACC_YEAR], [PAIDACC_PERIOD], [PAIDACC_CODE], [TAX_CODE1], [TAX_CODE2], [TAX_AMT1], [TAX_AMT2], [DONO])
VALUES 
  (42, 'INV00041', 'Invoice', '20070329', 'C0001', '20070428', '20070408', 3, 1350, 0, 0, NULL, 2007, 3, 'RM', 1, NULL, NULL, NULL, NULL, NULL, NULL, NULL, NULL, NULL)
GO

INSERT INTO [dbo].[TRN_ARINV] ([ARINVNO], [INVOICENO], [INVDESC], [INVDATE], [CUSTOMER_CODE], [DUEDATE], [DISCDATE], [DISCRATE], [INVAMT], [PAIDAMT], [DISCAMT], [PONO], [ACC_YEAR], [ACC_PERIOD], [CURR_CODE], [CURR_RATE], [PAIDDATE], [PAIDACC_YEAR], [PAIDACC_PERIOD], [PAIDACC_CODE], [TAX_CODE1], [TAX_CODE2], [TAX_AMT1], [TAX_AMT2], [DONO])
VALUES 
  (46, 'INV00042', 'Imported from D.O. - {DO002}', '20070301', 'A0001', '20070331', '20070311', 0, 167, 0, 0, NULL, 2007, 3, 'RM', 1, NULL, NULL, NULL, NULL, NULL, NULL, NULL, NULL, 2)
GO

INSERT INTO [dbo].[TRN_ARINV] ([ARINVNO], [INVOICENO], [INVDESC], [INVDATE], [CUSTOMER_CODE], [DUEDATE], [DISCDATE], [DISCRATE], [INVAMT], [PAIDAMT], [DISCAMT], [PONO], [ACC_YEAR], [ACC_PERIOD], [CURR_CODE], [CURR_RATE], [PAIDDATE], [PAIDACC_YEAR], [PAIDACC_PERIOD], [PAIDACC_CODE], [TAX_CODE1], [TAX_CODE2], [TAX_AMT1], [TAX_AMT2], [DONO])
VALUES 
  (51, 'INV00043', 'Imported from D.O. - {DO001}', '20070301', 'A0001', '20070331', '20070311', 5, 1350, 0, 0, NULL, 2007, 3, 'RM', 1, NULL, NULL, NULL, NULL, NULL, NULL, 0, NULL, 1)
GO

--
-- 43 record(s) inserted to [dbo].[TRN_ARINV]
--



--
-- Data for table TRN_ARINVD  (LIMIT 0,1000)
--

INSERT INTO [dbo].[TRN_ARINVD] ([ARINVDNO], [ARINVNO], [ITEM_CODE], [ITEM_NAME], [UNIT_PRICE], [QTY], [DISCOUNT], [TAX_CODE1], [PRICEWTAX], [TAX_RATE1], [TAX_AMT1])
VALUES 
  (1, 1, '001', 'Pendant Light #C119', 150, 10, 0, NULL, 0, 1, 0)
GO

INSERT INTO [dbo].[TRN_ARINVD] ([ARINVDNO], [ARINVNO], [ITEM_CODE], [ITEM_NAME], [UNIT_PRICE], [QTY], [DISCOUNT], [TAX_CODE1], [PRICEWTAX], [TAX_RATE1], [TAX_AMT1])
VALUES 
  (2, 1, '002', '6" Round Downlight #A601', 58, 20, 0, NULL, 0, 1, 0)
GO

INSERT INTO [dbo].[TRN_ARINVD] ([ARINVDNO], [ARINVNO], [ITEM_CODE], [ITEM_NAME], [UNIT_PRICE], [QTY], [DISCOUNT], [TAX_CODE1], [PRICEWTAX], [TAX_RATE1], [TAX_AMT1])
VALUES 
  (3, 1, '003', 'Wall Light', 180, 3, 0, NULL, 0, 1, 0)
GO

INSERT INTO [dbo].[TRN_ARINVD] ([ARINVDNO], [ARINVNO], [ITEM_CODE], [ITEM_NAME], [UNIT_PRICE], [QTY], [DISCOUNT], [TAX_CODE1], [PRICEWTAX], [TAX_RATE1], [TAX_AMT1])
VALUES 
  (5, 3, '001', '4" Square Downlight #402', 50, 20, 0, NULL, 0, 1, 0)
GO

INSERT INTO [dbo].[TRN_ARINVD] ([ARINVDNO], [ARINVNO], [ITEM_CODE], [ITEM_NAME], [UNIT_PRICE], [QTY], [DISCOUNT], [TAX_CODE1], [PRICEWTAX], [TAX_RATE1], [TAX_AMT1])
VALUES 
  (6, 3, '002', '6" Round Downlight #601', 68, 10, 0, NULL, 0, 1, 0)
GO

INSERT INTO [dbo].[TRN_ARINVD] ([ARINVDNO], [ARINVNO], [ITEM_CODE], [ITEM_NAME], [UNIT_PRICE], [QTY], [DISCOUNT], [TAX_CODE1], [PRICEWTAX], [TAX_RATE1], [TAX_AMT1])
VALUES 
  (7, 3, '003', '8" Round Downlight #801', 88, 10, 0, NULL, 0, 1, 0)
GO

INSERT INTO [dbo].[TRN_ARINVD] ([ARINVDNO], [ARINVNO], [ITEM_CODE], [ITEM_NAME], [UNIT_PRICE], [QTY], [DISCOUNT], [TAX_CODE1], [PRICEWTAX], [TAX_RATE1], [TAX_AMT1])
VALUES 
  (9, 4, '001', 'Spotlight #8891', 70, 10, 0, NULL, 0, 1, 0)
GO

INSERT INTO [dbo].[TRN_ARINVD] ([ARINVDNO], [ARINVNO], [ITEM_CODE], [ITEM_NAME], [UNIT_PRICE], [QTY], [DISCOUNT], [TAX_CODE1], [PRICEWTAX], [TAX_RATE1], [TAX_AMT1])
VALUES 
  (10, 4, '002', 'Pillar Light #9003', 200, 5, 0, NULL, 0, 1, 0)
GO

INSERT INTO [dbo].[TRN_ARINVD] ([ARINVDNO], [ARINVNO], [ITEM_CODE], [ITEM_NAME], [UNIT_PRICE], [QTY], [DISCOUNT], [TAX_CODE1], [PRICEWTAX], [TAX_RATE1], [TAX_AMT1])
VALUES 
  (12, 5, '001', 'Garden Light #88123', 350, 2, 0, NULL, 0, 1, 0)
GO

INSERT INTO [dbo].[TRN_ARINVD] ([ARINVDNO], [ARINVNO], [ITEM_CODE], [ITEM_NAME], [UNIT_PRICE], [QTY], [DISCOUNT], [TAX_CODE1], [PRICEWTAX], [TAX_RATE1], [TAX_AMT1])
VALUES 
  (13, 5, '002', '6" Square Downlight #602', 70, 20, 0, NULL, 0, 1, 0)
GO

INSERT INTO [dbo].[TRN_ARINVD] ([ARINVDNO], [ARINVNO], [ITEM_CODE], [ITEM_NAME], [UNIT_PRICE], [QTY], [DISCOUNT], [TAX_CODE1], [PRICEWTAX], [TAX_RATE1], [TAX_AMT1])
VALUES 
  (15, 6, '001', '4" Square Downlight #402', 58, 10, 0, NULL, 0, 1, 0)
GO

INSERT INTO [dbo].[TRN_ARINVD] ([ARINVDNO], [ARINVNO], [ITEM_CODE], [ITEM_NAME], [UNIT_PRICE], [QTY], [DISCOUNT], [TAX_CODE1], [PRICEWTAX], [TAX_RATE1], [TAX_AMT1])
VALUES 
  (16, 6, '002', 'Pendant Light #48333', 230, 5, 0, NULL, 0, 1, 0)
GO

INSERT INTO [dbo].[TRN_ARINVD] ([ARINVDNO], [ARINVNO], [ITEM_CODE], [ITEM_NAME], [UNIT_PRICE], [QTY], [DISCOUNT], [TAX_CODE1], [PRICEWTAX], [TAX_RATE1], [TAX_AMT1])
VALUES 
  (19, 7, '001', '6" Square Downlight #602', 70, 30, 3, NULL, 0, 1, 0)
GO

INSERT INTO [dbo].[TRN_ARINVD] ([ARINVDNO], [ARINVNO], [ITEM_CODE], [ITEM_NAME], [UNIT_PRICE], [QTY], [DISCOUNT], [TAX_CODE1], [PRICEWTAX], [TAX_RATE1], [TAX_AMT1])
VALUES 
  (20, 7, '002', 'Garden Light', 280, 5, 3, NULL, 0, 1, 0)
GO

INSERT INTO [dbo].[TRN_ARINVD] ([ARINVDNO], [ARINVNO], [ITEM_CODE], [ITEM_NAME], [UNIT_PRICE], [QTY], [DISCOUNT], [TAX_CODE1], [PRICEWTAX], [TAX_RATE1], [TAX_AMT1])
VALUES 
  (21, 7, '003', 'Spot Light', 78, 20, 0, NULL, 0, 1, 0)
GO

INSERT INTO [dbo].[TRN_ARINVD] ([ARINVDNO], [ARINVNO], [ITEM_CODE], [ITEM_NAME], [UNIT_PRICE], [QTY], [DISCOUNT], [TAX_CODE1], [PRICEWTAX], [TAX_RATE1], [TAX_AMT1])
VALUES 
  (28, 8, '001', 'Downlight', 70, 10, 0, NULL, 0, 1, 0)
GO

INSERT INTO [dbo].[TRN_ARINVD] ([ARINVDNO], [ARINVNO], [ITEM_CODE], [ITEM_NAME], [UNIT_PRICE], [QTY], [DISCOUNT], [TAX_CODE1], [PRICEWTAX], [TAX_RATE1], [TAX_AMT1])
VALUES 
  (29, 8, '002', 'Spotlight', 58, 10, 0, NULL, 0, 1, 0)
GO

INSERT INTO [dbo].[TRN_ARINVD] ([ARINVDNO], [ARINVNO], [ITEM_CODE], [ITEM_NAME], [UNIT_PRICE], [QTY], [DISCOUNT], [TAX_CODE1], [PRICEWTAX], [TAX_RATE1], [TAX_AMT1])
VALUES 
  (31, 9, '001', 'Downlight', 90, 15, 0, NULL, 0, 1, 0)
GO

INSERT INTO [dbo].[TRN_ARINVD] ([ARINVDNO], [ARINVNO], [ITEM_CODE], [ITEM_NAME], [UNIT_PRICE], [QTY], [DISCOUNT], [TAX_CODE1], [PRICEWTAX], [TAX_RATE1], [TAX_AMT1])
VALUES 
  (32, 9, '002', 'Pillar Light', 230, 5, 0, NULL, 0, 1, 0)
GO

INSERT INTO [dbo].[TRN_ARINVD] ([ARINVDNO], [ARINVNO], [ITEM_CODE], [ITEM_NAME], [UNIT_PRICE], [QTY], [DISCOUNT], [TAX_CODE1], [PRICEWTAX], [TAX_RATE1], [TAX_AMT1])
VALUES 
  (34, 10, '001', 'Pillar Light', 250, 5, 0, NULL, 0, 1, 0)
GO

INSERT INTO [dbo].[TRN_ARINVD] ([ARINVDNO], [ARINVNO], [ITEM_CODE], [ITEM_NAME], [UNIT_PRICE], [QTY], [DISCOUNT], [TAX_CODE1], [PRICEWTAX], [TAX_RATE1], [TAX_AMT1])
VALUES 
  (35, 10, '002', '4" Downlight', 48, 10, 0, NULL, 0, 1, 0)
GO

INSERT INTO [dbo].[TRN_ARINVD] ([ARINVDNO], [ARINVNO], [ITEM_CODE], [ITEM_NAME], [UNIT_PRICE], [QTY], [DISCOUNT], [TAX_CODE1], [PRICEWTAX], [TAX_RATE1], [TAX_AMT1])
VALUES 
  (37, 11, '001', 'Garden Light', 300, 5, 0, NULL, 0, 1, 0)
GO

INSERT INTO [dbo].[TRN_ARINVD] ([ARINVDNO], [ARINVNO], [ITEM_CODE], [ITEM_NAME], [UNIT_PRICE], [QTY], [DISCOUNT], [TAX_CODE1], [PRICEWTAX], [TAX_RATE1], [TAX_AMT1])
VALUES 
  (41, 12, '001', 'Ballast', 15, 20, 0, NULL, 0, 1, 0)
GO

INSERT INTO [dbo].[TRN_ARINVD] ([ARINVDNO], [ARINVNO], [ITEM_CODE], [ITEM_NAME], [UNIT_PRICE], [QTY], [DISCOUNT], [TAX_CODE1], [PRICEWTAX], [TAX_RATE1], [TAX_AMT1])
VALUES 
  (42, 12, '002', 'Spotlight', 80, 10, 0, NULL, 0, 1, 0)
GO

INSERT INTO [dbo].[TRN_ARINVD] ([ARINVDNO], [ARINVNO], [ITEM_CODE], [ITEM_NAME], [UNIT_PRICE], [QTY], [DISCOUNT], [TAX_CODE1], [PRICEWTAX], [TAX_RATE1], [TAX_AMT1])
VALUES 
  (44, 13, '001', 'Pendant Light', 180, 10, 0, NULL, 0, 1, 0)
GO

INSERT INTO [dbo].[TRN_ARINVD] ([ARINVDNO], [ARINVNO], [ITEM_CODE], [ITEM_NAME], [UNIT_PRICE], [QTY], [DISCOUNT], [TAX_CODE1], [PRICEWTAX], [TAX_RATE1], [TAX_AMT1])
VALUES 
  (47, 14, '001', 'Downlight', 88, 10, 0, NULL, 0, 1, 0)
GO

INSERT INTO [dbo].[TRN_ARINVD] ([ARINVDNO], [ARINVNO], [ITEM_CODE], [ITEM_NAME], [UNIT_PRICE], [QTY], [DISCOUNT], [TAX_CODE1], [PRICEWTAX], [TAX_RATE1], [TAX_AMT1])
VALUES 
  (49, 15, '001', 'Wall Light', 120, 10, 0, NULL, 0, 1, 0)
GO

INSERT INTO [dbo].[TRN_ARINVD] ([ARINVDNO], [ARINVNO], [ITEM_CODE], [ITEM_NAME], [UNIT_PRICE], [QTY], [DISCOUNT], [TAX_CODE1], [PRICEWTAX], [TAX_RATE1], [TAX_AMT1])
VALUES 
  (51, 16, '001', 'Garden Light', 220, 5, 0, NULL, 0, 1, 0)
GO

INSERT INTO [dbo].[TRN_ARINVD] ([ARINVDNO], [ARINVNO], [ITEM_CODE], [ITEM_NAME], [UNIT_PRICE], [QTY], [DISCOUNT], [TAX_CODE1], [PRICEWTAX], [TAX_RATE1], [TAX_AMT1])
VALUES 
  (52, 17, '001', 'Downlight', 68, 10, 0, NULL, 0, 1, 0)
GO

INSERT INTO [dbo].[TRN_ARINVD] ([ARINVDNO], [ARINVNO], [ITEM_CODE], [ITEM_NAME], [UNIT_PRICE], [QTY], [DISCOUNT], [TAX_CODE1], [PRICEWTAX], [TAX_RATE1], [TAX_AMT1])
VALUES 
  (53, 17, '002', 'Ballast', 13, 10, 0, NULL, 0, 1, 0)
GO

INSERT INTO [dbo].[TRN_ARINVD] ([ARINVDNO], [ARINVNO], [ITEM_CODE], [ITEM_NAME], [UNIT_PRICE], [QTY], [DISCOUNT], [TAX_CODE1], [PRICEWTAX], [TAX_RATE1], [TAX_AMT1])
VALUES 
  (57, 18, '001', 'Handle Basin Tap', 88, 10, 0, NULL, 0, 1, 0)
GO

INSERT INTO [dbo].[TRN_ARINVD] ([ARINVDNO], [ARINVNO], [ITEM_CODE], [ITEM_NAME], [UNIT_PRICE], [QTY], [DISCOUNT], [TAX_CODE1], [PRICEWTAX], [TAX_RATE1], [TAX_AMT1])
VALUES 
  (60, 19, '001', 'Downlight', 60, 10, 0, NULL, 0, 1, 0)
GO

INSERT INTO [dbo].[TRN_ARINVD] ([ARINVDNO], [ARINVNO], [ITEM_CODE], [ITEM_NAME], [UNIT_PRICE], [QTY], [DISCOUNT], [TAX_CODE1], [PRICEWTAX], [TAX_RATE1], [TAX_AMT1])
VALUES 
  (61, 19, '002', 'Basin Mixer', 120, 5, 0, NULL, 0, 1, 0)
GO

INSERT INTO [dbo].[TRN_ARINVD] ([ARINVDNO], [ARINVNO], [ITEM_CODE], [ITEM_NAME], [UNIT_PRICE], [QTY], [DISCOUNT], [TAX_CODE1], [PRICEWTAX], [TAX_RATE1], [TAX_AMT1])
VALUES 
  (63, 20, '001', 'Pillar Light', 180, 10, 0, NULL, 0, 1, 0)
GO

INSERT INTO [dbo].[TRN_ARINVD] ([ARINVDNO], [ARINVNO], [ITEM_CODE], [ITEM_NAME], [UNIT_PRICE], [QTY], [DISCOUNT], [TAX_CODE1], [PRICEWTAX], [TAX_RATE1], [TAX_AMT1])
VALUES 
  (64, 20, '002', 'Downlight', 70, 25, 0, NULL, 0, 1, 0)
GO

INSERT INTO [dbo].[TRN_ARINVD] ([ARINVDNO], [ARINVNO], [ITEM_CODE], [ITEM_NAME], [UNIT_PRICE], [QTY], [DISCOUNT], [TAX_CODE1], [PRICEWTAX], [TAX_RATE1], [TAX_AMT1])
VALUES 
  (66, 21, '001', 'Single Lever Basin Faucet', 250, 5, 0, NULL, 0, 1, 0)
GO

INSERT INTO [dbo].[TRN_ARINVD] ([ARINVDNO], [ARINVNO], [ITEM_CODE], [ITEM_NAME], [UNIT_PRICE], [QTY], [DISCOUNT], [TAX_CODE1], [PRICEWTAX], [TAX_RATE1], [TAX_AMT1])
VALUES 
  (68, 22, '001', 'Downlight', 60, 10, 0, NULL, 0, 1, 0)
GO

INSERT INTO [dbo].[TRN_ARINVD] ([ARINVDNO], [ARINVNO], [ITEM_CODE], [ITEM_NAME], [UNIT_PRICE], [QTY], [DISCOUNT], [TAX_CODE1], [PRICEWTAX], [TAX_RATE1], [TAX_AMT1])
VALUES 
  (69, 22, '002', 'Basin Mixer', 220, 10, 0, NULL, 0, 1, 0)
GO

INSERT INTO [dbo].[TRN_ARINVD] ([ARINVDNO], [ARINVNO], [ITEM_CODE], [ITEM_NAME], [UNIT_PRICE], [QTY], [DISCOUNT], [TAX_CODE1], [PRICEWTAX], [TAX_RATE1], [TAX_AMT1])
VALUES 
  (71, 23, '001', 'Pendant Light', 230, 5, 0, NULL, 0, 1, 0)
GO

INSERT INTO [dbo].[TRN_ARINVD] ([ARINVDNO], [ARINVNO], [ITEM_CODE], [ITEM_NAME], [UNIT_PRICE], [QTY], [DISCOUNT], [TAX_CODE1], [PRICEWTAX], [TAX_RATE1], [TAX_AMT1])
VALUES 
  (73, 24, '001', 'Downlight', 40, 10, 0, NULL, 0, 1, 0)
GO

INSERT INTO [dbo].[TRN_ARINVD] ([ARINVDNO], [ARINVNO], [ITEM_CODE], [ITEM_NAME], [UNIT_PRICE], [QTY], [DISCOUNT], [TAX_CODE1], [PRICEWTAX], [TAX_RATE1], [TAX_AMT1])
VALUES 
  (74, 24, '002', 'Basin Tap', 38, 5, 0, NULL, 0, 1, 0)
GO

INSERT INTO [dbo].[TRN_ARINVD] ([ARINVDNO], [ARINVNO], [ITEM_CODE], [ITEM_NAME], [UNIT_PRICE], [QTY], [DISCOUNT], [TAX_CODE1], [PRICEWTAX], [TAX_RATE1], [TAX_AMT1])
VALUES 
  (75, 24, '003', 'Pendant Light', 180, 3, 0, NULL, 0, 1, 0)
GO

INSERT INTO [dbo].[TRN_ARINVD] ([ARINVDNO], [ARINVNO], [ITEM_CODE], [ITEM_NAME], [UNIT_PRICE], [QTY], [DISCOUNT], [TAX_CODE1], [PRICEWTAX], [TAX_RATE1], [TAX_AMT1])
VALUES 
  (77, 25, '001', 'Soap Dispenser', 30, 10, 0, NULL, 0, 1, 0)
GO

INSERT INTO [dbo].[TRN_ARINVD] ([ARINVDNO], [ARINVNO], [ITEM_CODE], [ITEM_NAME], [UNIT_PRICE], [QTY], [DISCOUNT], [TAX_CODE1], [PRICEWTAX], [TAX_RATE1], [TAX_AMT1])
VALUES 
  (78, 25, '002', 'Lever Handle Tower Mixer', 150, 5, 0, NULL, 0, 1, 0)
GO

INSERT INTO [dbo].[TRN_ARINVD] ([ARINVDNO], [ARINVNO], [ITEM_CODE], [ITEM_NAME], [UNIT_PRICE], [QTY], [DISCOUNT], [TAX_CODE1], [PRICEWTAX], [TAX_RATE1], [TAX_AMT1])
VALUES 
  (80, 26, '001', 'Lever Handle Tower Mixer', 120, 5, 0, NULL, 0, 1, 0)
GO

INSERT INTO [dbo].[TRN_ARINVD] ([ARINVDNO], [ARINVNO], [ITEM_CODE], [ITEM_NAME], [UNIT_PRICE], [QTY], [DISCOUNT], [TAX_CODE1], [PRICEWTAX], [TAX_RATE1], [TAX_AMT1])
VALUES 
  (81, 26, '002', '4" Square Downlight', 48, 10, 0, NULL, 0, 1, 0)
GO

INSERT INTO [dbo].[TRN_ARINVD] ([ARINVDNO], [ARINVNO], [ITEM_CODE], [ITEM_NAME], [UNIT_PRICE], [QTY], [DISCOUNT], [TAX_CODE1], [PRICEWTAX], [TAX_RATE1], [TAX_AMT1])
VALUES 
  (83, 27, '001', 'Soap Dispenser', 30, 20, 0, NULL, 0, 1, 0)
GO

INSERT INTO [dbo].[TRN_ARINVD] ([ARINVDNO], [ARINVNO], [ITEM_CODE], [ITEM_NAME], [UNIT_PRICE], [QTY], [DISCOUNT], [TAX_CODE1], [PRICEWTAX], [TAX_RATE1], [TAX_AMT1])
VALUES 
  (84, 27, '002', '6" Round Downlight', 68, 20, 0, NULL, 0, 1, 0)
GO

INSERT INTO [dbo].[TRN_ARINVD] ([ARINVDNO], [ARINVNO], [ITEM_CODE], [ITEM_NAME], [UNIT_PRICE], [QTY], [DISCOUNT], [TAX_CODE1], [PRICEWTAX], [TAX_RATE1], [TAX_AMT1])
VALUES 
  (86, 28, '001', 'Soap Dispenser', 30, 20, 0, NULL, 0, 1, 0)
GO

INSERT INTO [dbo].[TRN_ARINVD] ([ARINVDNO], [ARINVNO], [ITEM_CODE], [ITEM_NAME], [UNIT_PRICE], [QTY], [DISCOUNT], [TAX_CODE1], [PRICEWTAX], [TAX_RATE1], [TAX_AMT1])
VALUES 
  (88, 29, '001', '8" Downllight', 80, 10, 0, NULL, 0, 1, 0)
GO

INSERT INTO [dbo].[TRN_ARINVD] ([ARINVDNO], [ARINVNO], [ITEM_CODE], [ITEM_NAME], [UNIT_PRICE], [QTY], [DISCOUNT], [TAX_CODE1], [PRICEWTAX], [TAX_RATE1], [TAX_AMT1])
VALUES 
  (90, 30, '001', 'Tower Mixer', 58, 20, 0, NULL, 0, 1, 0)
GO

INSERT INTO [dbo].[TRN_ARINVD] ([ARINVDNO], [ARINVNO], [ITEM_CODE], [ITEM_NAME], [UNIT_PRICE], [QTY], [DISCOUNT], [TAX_CODE1], [PRICEWTAX], [TAX_RATE1], [TAX_AMT1])
VALUES 
  (91, 30, '002', 'Soap Dispenser', 30, 10, 0, NULL, 0, 1, 0)
GO

INSERT INTO [dbo].[TRN_ARINVD] ([ARINVDNO], [ARINVNO], [ITEM_CODE], [ITEM_NAME], [UNIT_PRICE], [QTY], [DISCOUNT], [TAX_CODE1], [PRICEWTAX], [TAX_RATE1], [TAX_AMT1])
VALUES 
  (93, 31, '001', 'Pendant Light', 5, 180, 0, NULL, 0, 1, 0)
GO

INSERT INTO [dbo].[TRN_ARINVD] ([ARINVDNO], [ARINVNO], [ITEM_CODE], [ITEM_NAME], [UNIT_PRICE], [QTY], [DISCOUNT], [TAX_CODE1], [PRICEWTAX], [TAX_RATE1], [TAX_AMT1])
VALUES 
  (94, 31, '002', 'Ballast', 13, 20, 0, NULL, 0, 1, 0)
GO

INSERT INTO [dbo].[TRN_ARINVD] ([ARINVDNO], [ARINVNO], [ITEM_CODE], [ITEM_NAME], [UNIT_PRICE], [QTY], [DISCOUNT], [TAX_CODE1], [PRICEWTAX], [TAX_RATE1], [TAX_AMT1])
VALUES 
  (96, 32, '001', 'Soap Dispenser', 30, 10, 0, NULL, 0, 1, 0)
GO

INSERT INTO [dbo].[TRN_ARINVD] ([ARINVDNO], [ARINVNO], [ITEM_CODE], [ITEM_NAME], [UNIT_PRICE], [QTY], [DISCOUNT], [TAX_CODE1], [PRICEWTAX], [TAX_RATE1], [TAX_AMT1])
VALUES 
  (97, 32, '002', 'Basin Tap', 68, 5, 0, NULL, 0, 1, 0)
GO

INSERT INTO [dbo].[TRN_ARINVD] ([ARINVDNO], [ARINVNO], [ITEM_CODE], [ITEM_NAME], [UNIT_PRICE], [QTY], [DISCOUNT], [TAX_CODE1], [PRICEWTAX], [TAX_RATE1], [TAX_AMT1])
VALUES 
  (98, 32, '003', '8" Downlight', 80, 5, 0, NULL, 0, 1, 0)
GO

INSERT INTO [dbo].[TRN_ARINVD] ([ARINVDNO], [ARINVNO], [ITEM_CODE], [ITEM_NAME], [UNIT_PRICE], [QTY], [DISCOUNT], [TAX_CODE1], [PRICEWTAX], [TAX_RATE1], [TAX_AMT1])
VALUES 
  (100, 33, '001', 'Lever Handle Kitchen Sink Mixer', 200, 10, 0, NULL, 0, 1, 0)
GO

INSERT INTO [dbo].[TRN_ARINVD] ([ARINVDNO], [ARINVNO], [ITEM_CODE], [ITEM_NAME], [UNIT_PRICE], [QTY], [DISCOUNT], [TAX_CODE1], [PRICEWTAX], [TAX_RATE1], [TAX_AMT1])
VALUES 
  (101, 33, '002', 'Toiler Paper Holder', 35, 15, 0, NULL, 0, 1, 0)
GO

INSERT INTO [dbo].[TRN_ARINVD] ([ARINVDNO], [ARINVNO], [ITEM_CODE], [ITEM_NAME], [UNIT_PRICE], [QTY], [DISCOUNT], [TAX_CODE1], [PRICEWTAX], [TAX_RATE1], [TAX_AMT1])
VALUES 
  (103, 34, '001', 'Toiler Paper Holder', 35, 20, 0, NULL, 0, 1, 0)
GO

INSERT INTO [dbo].[TRN_ARINVD] ([ARINVDNO], [ARINVNO], [ITEM_CODE], [ITEM_NAME], [UNIT_PRICE], [QTY], [DISCOUNT], [TAX_CODE1], [PRICEWTAX], [TAX_RATE1], [TAX_AMT1])
VALUES 
  (104, 34, '002', 'Hand Shower', 55, 10, 0, NULL, 0, 1, 0)
GO

INSERT INTO [dbo].[TRN_ARINVD] ([ARINVDNO], [ARINVNO], [ITEM_CODE], [ITEM_NAME], [UNIT_PRICE], [QTY], [DISCOUNT], [TAX_CODE1], [PRICEWTAX], [TAX_RATE1], [TAX_AMT1])
VALUES 
  (105, 34, '003', 'Hand Bidet Set', 55, 10, 0, NULL, 0, 1, 0)
GO

INSERT INTO [dbo].[TRN_ARINVD] ([ARINVDNO], [ARINVNO], [ITEM_CODE], [ITEM_NAME], [UNIT_PRICE], [QTY], [DISCOUNT], [TAX_CODE1], [PRICEWTAX], [TAX_RATE1], [TAX_AMT1])
VALUES 
  (107, 35, '001', 'Soap Dispenser', 30, 10, 0, NULL, 0, 1, 0)
GO

INSERT INTO [dbo].[TRN_ARINVD] ([ARINVDNO], [ARINVNO], [ITEM_CODE], [ITEM_NAME], [UNIT_PRICE], [QTY], [DISCOUNT], [TAX_CODE1], [PRICEWTAX], [TAX_RATE1], [TAX_AMT1])
VALUES 
  (108, 35, '002', 'Lever Handle Tower Mixer', 55, 5, 0, NULL, 0, 1, 0)
GO

INSERT INTO [dbo].[TRN_ARINVD] ([ARINVDNO], [ARINVNO], [ITEM_CODE], [ITEM_NAME], [UNIT_PRICE], [QTY], [DISCOUNT], [TAX_CODE1], [PRICEWTAX], [TAX_RATE1], [TAX_AMT1])
VALUES 
  (109, 35, '003', 'Hand Shower Set', 45, 10, 0, NULL, 0, 1, 0)
GO

INSERT INTO [dbo].[TRN_ARINVD] ([ARINVDNO], [ARINVNO], [ITEM_CODE], [ITEM_NAME], [UNIT_PRICE], [QTY], [DISCOUNT], [TAX_CODE1], [PRICEWTAX], [TAX_RATE1], [TAX_AMT1])
VALUES 
  (110, 35, '004', 'Toilet Paper Holder', 38, 5, 0, NULL, 0, 1, 0)
GO

INSERT INTO [dbo].[TRN_ARINVD] ([ARINVDNO], [ARINVNO], [ITEM_CODE], [ITEM_NAME], [UNIT_PRICE], [QTY], [DISCOUNT], [TAX_CODE1], [PRICEWTAX], [TAX_RATE1], [TAX_AMT1])
VALUES 
  (112, 36, '001', 'Toilet Paper Holder', 55, 10, 0, NULL, 0, 1, 0)
GO

INSERT INTO [dbo].[TRN_ARINVD] ([ARINVDNO], [ARINVNO], [ITEM_CODE], [ITEM_NAME], [UNIT_PRICE], [QTY], [DISCOUNT], [TAX_CODE1], [PRICEWTAX], [TAX_RATE1], [TAX_AMT1])
VALUES 
  (113, 36, '002', 'Hand Bidet Set', 35, 5, 0, NULL, 0, 1, 0)
GO

INSERT INTO [dbo].[TRN_ARINVD] ([ARINVDNO], [ARINVNO], [ITEM_CODE], [ITEM_NAME], [UNIT_PRICE], [QTY], [DISCOUNT], [TAX_CODE1], [PRICEWTAX], [TAX_RATE1], [TAX_AMT1])
VALUES 
  (114, 36, '003', 'Basin Tap', 58, 5, 0, NULL, 0, 1, 0)
GO

INSERT INTO [dbo].[TRN_ARINVD] ([ARINVDNO], [ARINVNO], [ITEM_CODE], [ITEM_NAME], [UNIT_PRICE], [QTY], [DISCOUNT], [TAX_CODE1], [PRICEWTAX], [TAX_RATE1], [TAX_AMT1])
VALUES 
  (115, 36, '004', 'Tower Mixer', 109, 3, 0, NULL, 0, 1, 0)
GO

INSERT INTO [dbo].[TRN_ARINVD] ([ARINVDNO], [ARINVNO], [ITEM_CODE], [ITEM_NAME], [UNIT_PRICE], [QTY], [DISCOUNT], [TAX_CODE1], [PRICEWTAX], [TAX_RATE1], [TAX_AMT1])
VALUES 
  (116, 36, '005', 'Hand Shower Set', 48, 1, 0, NULL, 0, 1, 0)
GO

INSERT INTO [dbo].[TRN_ARINVD] ([ARINVDNO], [ARINVNO], [ITEM_CODE], [ITEM_NAME], [UNIT_PRICE], [QTY], [DISCOUNT], [TAX_CODE1], [PRICEWTAX], [TAX_RATE1], [TAX_AMT1])
VALUES 
  (118, 36, '006', 'Soap Dispenser', 30, 10, 0, NULL, 0, 1, 0)
GO

INSERT INTO [dbo].[TRN_ARINVD] ([ARINVDNO], [ARINVNO], [ITEM_CODE], [ITEM_NAME], [UNIT_PRICE], [QTY], [DISCOUNT], [TAX_CODE1], [PRICEWTAX], [TAX_RATE1], [TAX_AMT1])
VALUES 
  (120, 37, '001', 'Pendant Light', 200, 5, 0, NULL, 0, 1, 0)
GO

INSERT INTO [dbo].[TRN_ARINVD] ([ARINVDNO], [ARINVNO], [ITEM_CODE], [ITEM_NAME], [UNIT_PRICE], [QTY], [DISCOUNT], [TAX_CODE1], [PRICEWTAX], [TAX_RATE1], [TAX_AMT1])
VALUES 
  (121, 37, '002', 'Spotlight', 80, 5, 0, NULL, 0, 1, 0)
GO

INSERT INTO [dbo].[TRN_ARINVD] ([ARINVDNO], [ARINVNO], [ITEM_CODE], [ITEM_NAME], [UNIT_PRICE], [QTY], [DISCOUNT], [TAX_CODE1], [PRICEWTAX], [TAX_RATE1], [TAX_AMT1])
VALUES 
  (122, 37, '003', 'Soap Holder', 58, 5, 0, NULL, 0, 1, 0)
GO

INSERT INTO [dbo].[TRN_ARINVD] ([ARINVDNO], [ARINVNO], [ITEM_CODE], [ITEM_NAME], [UNIT_PRICE], [QTY], [DISCOUNT], [TAX_CODE1], [PRICEWTAX], [TAX_RATE1], [TAX_AMT1])
VALUES 
  (123, 37, '004', 'Basin Tap', 69, 3, 0, NULL, 0, 1, 0)
GO

INSERT INTO [dbo].[TRN_ARINVD] ([ARINVDNO], [ARINVNO], [ITEM_CODE], [ITEM_NAME], [UNIT_PRICE], [QTY], [DISCOUNT], [TAX_CODE1], [PRICEWTAX], [TAX_RATE1], [TAX_AMT1])
VALUES 
  (125, 38, '001', 'Pendant Light', 220, 5, 0, NULL, 0, 1, 0)
GO

INSERT INTO [dbo].[TRN_ARINVD] ([ARINVDNO], [ARINVNO], [ITEM_CODE], [ITEM_NAME], [UNIT_PRICE], [QTY], [DISCOUNT], [TAX_CODE1], [PRICEWTAX], [TAX_RATE1], [TAX_AMT1])
VALUES 
  (126, 38, '002', 'Garden Light', 230, 1, 0, NULL, 0, 1, 0)
GO

INSERT INTO [dbo].[TRN_ARINVD] ([ARINVDNO], [ARINVNO], [ITEM_CODE], [ITEM_NAME], [UNIT_PRICE], [QTY], [DISCOUNT], [TAX_CODE1], [PRICEWTAX], [TAX_RATE1], [TAX_AMT1])
VALUES 
  (127, 38, '003', 'Sink Mixer', 150, 5, 0, NULL, 0, 1, 0)
GO

INSERT INTO [dbo].[TRN_ARINVD] ([ARINVDNO], [ARINVNO], [ITEM_CODE], [ITEM_NAME], [UNIT_PRICE], [QTY], [DISCOUNT], [TAX_CODE1], [PRICEWTAX], [TAX_RATE1], [TAX_AMT1])
VALUES 
  (129, 39, '001', 'Hand Shower', 60, 10, 0, NULL, 0, 1, 0)
GO

INSERT INTO [dbo].[TRN_ARINVD] ([ARINVDNO], [ARINVNO], [ITEM_CODE], [ITEM_NAME], [UNIT_PRICE], [QTY], [DISCOUNT], [TAX_CODE1], [PRICEWTAX], [TAX_RATE1], [TAX_AMT1])
VALUES 
  (130, 39, '002', 'Tower Mixer', 58, 5, 0, NULL, 0, 1, 0)
GO

INSERT INTO [dbo].[TRN_ARINVD] ([ARINVDNO], [ARINVNO], [ITEM_CODE], [ITEM_NAME], [UNIT_PRICE], [QTY], [DISCOUNT], [TAX_CODE1], [PRICEWTAX], [TAX_RATE1], [TAX_AMT1])
VALUES 
  (131, 39, '003', 'Garden Light', 250, 3, 0, NULL, 0, 1, 0)
GO

INSERT INTO [dbo].[TRN_ARINVD] ([ARINVDNO], [ARINVNO], [ITEM_CODE], [ITEM_NAME], [UNIT_PRICE], [QTY], [DISCOUNT], [TAX_CODE1], [PRICEWTAX], [TAX_RATE1], [TAX_AMT1])
VALUES 
  (133, 40, '001', 'Single Container', 25, 20, 0, NULL, 0, 1, 0)
GO

INSERT INTO [dbo].[TRN_ARINVD] ([ARINVDNO], [ARINVNO], [ITEM_CODE], [ITEM_NAME], [UNIT_PRICE], [QTY], [DISCOUNT], [TAX_CODE1], [PRICEWTAX], [TAX_RATE1], [TAX_AMT1])
VALUES 
  (134, 40, '002', 'Sink Mixer', 85, 10, 0, NULL, 0, 1, 0)
GO

INSERT INTO [dbo].[TRN_ARINVD] ([ARINVDNO], [ARINVNO], [ITEM_CODE], [ITEM_NAME], [UNIT_PRICE], [QTY], [DISCOUNT], [TAX_CODE1], [PRICEWTAX], [TAX_RATE1], [TAX_AMT1])
VALUES 
  (135, 40, '003', 'Floor Grating', 10, 30, 0, NULL, 0, 1, 0)
GO

INSERT INTO [dbo].[TRN_ARINVD] ([ARINVDNO], [ARINVNO], [ITEM_CODE], [ITEM_NAME], [UNIT_PRICE], [QTY], [DISCOUNT], [TAX_CODE1], [PRICEWTAX], [TAX_RATE1], [TAX_AMT1])
VALUES 
  (137, 41, '001', 'Floor Grating', 10, 20, 0, NULL, 0, 1, 0)
GO

INSERT INTO [dbo].[TRN_ARINVD] ([ARINVDNO], [ARINVNO], [ITEM_CODE], [ITEM_NAME], [UNIT_PRICE], [QTY], [DISCOUNT], [TAX_CODE1], [PRICEWTAX], [TAX_RATE1], [TAX_AMT1])
VALUES 
  (138, 41, '002', 'Shower Set', 5, 30, 0, NULL, 0, 1, 0)
GO

INSERT INTO [dbo].[TRN_ARINVD] ([ARINVDNO], [ARINVNO], [ITEM_CODE], [ITEM_NAME], [UNIT_PRICE], [QTY], [DISCOUNT], [TAX_CODE1], [PRICEWTAX], [TAX_RATE1], [TAX_AMT1])
VALUES 
  (139, 41, '003', '8" Downlight', 80, 5, 0, NULL, 0, 1, 0)
GO

INSERT INTO [dbo].[TRN_ARINVD] ([ARINVDNO], [ARINVNO], [ITEM_CODE], [ITEM_NAME], [UNIT_PRICE], [QTY], [DISCOUNT], [TAX_CODE1], [PRICEWTAX], [TAX_RATE1], [TAX_AMT1])
VALUES 
  (140, 41, '004', 'Wall Light', 110, 3, 0, NULL, 0, 1, 0)
GO

INSERT INTO [dbo].[TRN_ARINVD] ([ARINVDNO], [ARINVNO], [ITEM_CODE], [ITEM_NAME], [UNIT_PRICE], [QTY], [DISCOUNT], [TAX_CODE1], [PRICEWTAX], [TAX_RATE1], [TAX_AMT1])
VALUES 
  (141, 41, '005', 'Spotlight', 50, 5, 0, NULL, 0, 1, 0)
GO

INSERT INTO [dbo].[TRN_ARINVD] ([ARINVDNO], [ARINVNO], [ITEM_CODE], [ITEM_NAME], [UNIT_PRICE], [QTY], [DISCOUNT], [TAX_CODE1], [PRICEWTAX], [TAX_RATE1], [TAX_AMT1])
VALUES 
  (143, 42, '001', 'Floor Grating', 10, 30, 0, NULL, 0, 1, 0)
GO

INSERT INTO [dbo].[TRN_ARINVD] ([ARINVDNO], [ARINVNO], [ITEM_CODE], [ITEM_NAME], [UNIT_PRICE], [QTY], [DISCOUNT], [TAX_CODE1], [PRICEWTAX], [TAX_RATE1], [TAX_AMT1])
VALUES 
  (144, 42, '002', 'Hand Shower', 50, 10, 0, NULL, 0, 1, 0)
GO

INSERT INTO [dbo].[TRN_ARINVD] ([ARINVDNO], [ARINVNO], [ITEM_CODE], [ITEM_NAME], [UNIT_PRICE], [QTY], [DISCOUNT], [TAX_CODE1], [PRICEWTAX], [TAX_RATE1], [TAX_AMT1])
VALUES 
  (145, 42, '003', 'Toilet Paper Holder', 55, 10, 0, NULL, 0, 1, 0)
GO

INSERT INTO [dbo].[TRN_ARINVD] ([ARINVDNO], [ARINVNO], [ITEM_CODE], [ITEM_NAME], [UNIT_PRICE], [QTY], [DISCOUNT], [TAX_CODE1], [PRICEWTAX], [TAX_RATE1], [TAX_AMT1])
VALUES 
  (154, 28, '002', 'Downlight', 80, 10, 0, NULL, 0, 1, 0)
GO

INSERT INTO [dbo].[TRN_ARINVD] ([ARINVDNO], [ARINVNO], [ITEM_CODE], [ITEM_NAME], [UNIT_PRICE], [QTY], [DISCOUNT], [TAX_CODE1], [PRICEWTAX], [TAX_RATE1], [TAX_AMT1])
VALUES 
  (156, 29, '002', 'Pillar Light', 150, 10, 0, NULL, 0, 1, 0)
GO

INSERT INTO [dbo].[TRN_ARINVD] ([ARINVDNO], [ARINVNO], [ITEM_CODE], [ITEM_NAME], [UNIT_PRICE], [QTY], [DISCOUNT], [TAX_CODE1], [PRICEWTAX], [TAX_RATE1], [TAX_AMT1])
VALUES 
  (163, 46, 'PIL001', 'Pilar Light', 15, 3, 0, NULL, 0, 1, 0)
GO

INSERT INTO [dbo].[TRN_ARINVD] ([ARINVDNO], [ARINVNO], [ITEM_CODE], [ITEM_NAME], [UNIT_PRICE], [QTY], [DISCOUNT], [TAX_CODE1], [PRICEWTAX], [TAX_RATE1], [TAX_AMT1])
VALUES 
  (164, 46, 'SP002', 'Spot Light B Size', 12, 6, 0, NULL, 0, 1, 0)
GO

INSERT INTO [dbo].[TRN_ARINVD] ([ARINVDNO], [ARINVNO], [ITEM_CODE], [ITEM_NAME], [UNIT_PRICE], [QTY], [DISCOUNT], [TAX_CODE1], [PRICEWTAX], [TAX_RATE1], [TAX_AMT1])
VALUES 
  (165, 46, 'SP001', 'Spot Light A Size', 10, 5, 0, NULL, 0, 1, 0)
GO

INSERT INTO [dbo].[TRN_ARINVD] ([ARINVDNO], [ARINVNO], [ITEM_CODE], [ITEM_NAME], [UNIT_PRICE], [QTY], [DISCOUNT], [TAX_CODE1], [PRICEWTAX], [TAX_RATE1], [TAX_AMT1])
VALUES 
  (179, 51, 'DWL001', '6 " Downlight #3002', 10, 50, 0, '', 0, 1, 0)
GO

INSERT INTO [dbo].[TRN_ARINVD] ([ARINVDNO], [ARINVNO], [ITEM_CODE], [ITEM_NAME], [UNIT_PRICE], [QTY], [DISCOUNT], [TAX_CODE1], [PRICEWTAX], [TAX_RATE1], [TAX_AMT1])
VALUES 
  (180, 51, 'DWL002', '4" Downlight #3003', 9, 50, 0, NULL, 0, 1, 0)
GO

INSERT INTO [dbo].[TRN_ARINVD] ([ARINVDNO], [ARINVNO], [ITEM_CODE], [ITEM_NAME], [UNIT_PRICE], [QTY], [DISCOUNT], [TAX_CODE1], [PRICEWTAX], [TAX_RATE1], [TAX_AMT1])
VALUES 
  (181, 51, 'DWL003', '2" Downlight #3003', 8, 50, 0, NULL, 0, 1, 0)
GO

--
-- 101 record(s) inserted to [dbo].[TRN_ARINVD]
--

--
-- Data for table TRN_ARCHEQUE  (LIMIT 0,1000)
--

INSERT INTO [dbo].[TRN_ARCHEQUE] ([ARCHEQUENO], [ARCHEQUE_CODE], [CUSTOMER_CODE], [BANKNO], [CHEQUE_DATE], [ACC_YEAR], [ACC_PERIOD], [CHEQUE_AMT], [RECONCILED], [CURR_CODE], [CURR_RATE])
VALUES 
  (6, 'MBB 123456', 'C0002', 1, '20070119', 2007, 1, 1995, 0, 'RM', 1)
GO

INSERT INTO [dbo].[TRN_ARCHEQUE] ([ARCHEQUENO], [ARCHEQUE_CODE], [CUSTOMER_CODE], [BANKNO], [CHEQUE_DATE], [ACC_YEAR], [ACC_PERIOD], [CHEQUE_AMT], [RECONCILED], [CURR_CODE], [CURR_RATE])
VALUES 
  (7, 'RHB 112334', 'B0001', 2, '20070205', 2007, 2, 1710, 0, 'RM', 1)
GO

INSERT INTO [dbo].[TRN_ARCHEQUE] ([ARCHEQUENO], [ARCHEQUE_CODE], [CUSTOMER_CODE], [BANKNO], [CHEQUE_DATE], [ACC_YEAR], [ACC_PERIOD], [CHEQUE_AMT], [RECONCILED], [CURR_CODE], [CURR_RATE])
VALUES 
  (8, 'CIMB 678456', 'X0001', 1, '20070128', 2007, 1, 4707.25, 0, 'RM', 1)
GO

INSERT INTO [dbo].[TRN_ARCHEQUE] ([ARCHEQUENO], [ARCHEQUE_CODE], [CUSTOMER_CODE], [BANKNO], [CHEQUE_DATE], [ACC_YEAR], [ACC_PERIOD], [CHEQUE_AMT], [RECONCILED], [CURR_CODE], [CURR_RATE])
VALUES 
  (9, 'HLB 267344', 'S0001', 1, '20070205', 2007, 2, 1200, 0, 'RM', 1)
GO

INSERT INTO [dbo].[TRN_ARCHEQUE] ([ARCHEQUENO], [ARCHEQUE_CODE], [CUSTOMER_CODE], [BANKNO], [CHEQUE_DATE], [ACC_YEAR], [ACC_PERIOD], [CHEQUE_AMT], [RECONCILED], [CURR_CODE], [CURR_RATE])
VALUES 
  (10, 'MBB 230112', 'C0001', 1, '20070208', 2007, 2, 1500, 0, 'RM', 1)
GO

INSERT INTO [dbo].[TRN_ARCHEQUE] ([ARCHEQUENO], [ARCHEQUE_CODE], [CUSTOMER_CODE], [BANKNO], [CHEQUE_DATE], [ACC_YEAR], [ACC_PERIOD], [CHEQUE_AMT], [RECONCILED], [CURR_CODE], [CURR_RATE])
VALUES 
  (12, 'PBB 787122', 'Z0001', 1, '20070215', 2007, 2, 1700, 0, 'RM', 1)
GO

INSERT INTO [dbo].[TRN_ARCHEQUE] ([ARCHEQUENO], [ARCHEQUE_CODE], [CUSTOMER_CODE], [BANKNO], [CHEQUE_DATE], [ACC_YEAR], [ACC_PERIOD], [CHEQUE_AMT], [RECONCILED], [CURR_CODE], [CURR_RATE])
VALUES 
  (13, 'HLB 673167', 'M0001', 2, '20070220', 2007, 2, 1730, 0, 'RM', 1)
GO

INSERT INTO [dbo].[TRN_ARCHEQUE] ([ARCHEQUENO], [ARCHEQUE_CODE], [CUSTOMER_CODE], [BANKNO], [CHEQUE_DATE], [ACC_YEAR], [ACC_PERIOD], [CHEQUE_AMT], [RECONCILED], [CURR_CODE], [CURR_RATE])
VALUES 
  (15, 'MBB 879566', 'A0001', 1, '20070202', 2007, 2, 1000, 0, 'RM', 1)
GO

INSERT INTO [dbo].[TRN_ARCHEQUE] ([ARCHEQUENO], [ARCHEQUE_CODE], [CUSTOMER_CODE], [BANKNO], [CHEQUE_DATE], [ACC_YEAR], [ACC_PERIOD], [CHEQUE_AMT], [RECONCILED], [CURR_CODE], [CURR_RATE])
VALUES 
  (16, 'RHB 200578', 'U0001', 2, '20070205', 2007, 2, 2375, 0, 'RM', 1)
GO

INSERT INTO [dbo].[TRN_ARCHEQUE] ([ARCHEQUENO], [ARCHEQUE_CODE], [CUSTOMER_CODE], [BANKNO], [CHEQUE_DATE], [ACC_YEAR], [ACC_PERIOD], [CHEQUE_AMT], [RECONCILED], [CURR_CODE], [CURR_RATE])
VALUES 
  (17, 'CIMB 445387', 'P0001', 1, '20070206', 2007, 2, 1678.1, 0, 'RM', 1)
GO

INSERT INTO [dbo].[TRN_ARCHEQUE] ([ARCHEQUENO], [ARCHEQUE_CODE], [CUSTOMER_CODE], [BANKNO], [CHEQUE_DATE], [ACC_YEAR], [ACC_PERIOD], [CHEQUE_AMT], [RECONCILED], [CURR_CODE], [CURR_RATE])
VALUES 
  (19, 'HLB 267368', 'S0001', 1, '20070301', 2007, 3, 2000, 0, 'RM', 1)
GO

INSERT INTO [dbo].[TRN_ARCHEQUE] ([ARCHEQUENO], [ARCHEQUE_CODE], [CUSTOMER_CODE], [BANKNO], [CHEQUE_DATE], [ACC_YEAR], [ACC_PERIOD], [CHEQUE_AMT], [RECONCILED], [CURR_CODE], [CURR_RATE])
VALUES 
  (20, 'MBB 230135', 'C0001', 2, '20070301', 2007, 3, 1060, 0, 'RM', 1)
GO

INSERT INTO [dbo].[TRN_ARCHEQUE] ([ARCHEQUENO], [ARCHEQUE_CODE], [CUSTOMER_CODE], [BANKNO], [CHEQUE_DATE], [ACC_YEAR], [ACC_PERIOD], [CHEQUE_AMT], [RECONCILED], [CURR_CODE], [CURR_RATE])
VALUES 
  (21, 'MBB 879585', 'A0001', 2, '20070301', 2007, 3, 280, 0, 'RM', 1)
GO

INSERT INTO [dbo].[TRN_ARCHEQUE] ([ARCHEQUENO], [ARCHEQUE_CODE], [CUSTOMER_CODE], [BANKNO], [CHEQUE_DATE], [ACC_YEAR], [ACC_PERIOD], [CHEQUE_AMT], [RECONCILED], [CURR_CODE], [CURR_RATE])
VALUES 
  (22, 'MBB 230146', 'C0001', 1, '20070309', 2007, 3, 2380, 0, 'RM', 1)
GO

INSERT INTO [dbo].[TRN_ARCHEQUE] ([ARCHEQUENO], [ARCHEQUE_CODE], [CUSTOMER_CODE], [BANKNO], [CHEQUE_DATE], [ACC_YEAR], [ACC_PERIOD], [CHEQUE_AMT], [RECONCILED], [CURR_CODE], [CURR_RATE])
VALUES 
  (24, 'HLB 673188', 'M0001', 2, '20070312', 2007, 3, 1100, 0, 'RM', 1)
GO

INSERT INTO [dbo].[TRN_ARCHEQUE] ([ARCHEQUENO], [ARCHEQUE_CODE], [CUSTOMER_CODE], [BANKNO], [CHEQUE_DATE], [ACC_YEAR], [ACC_PERIOD], [CHEQUE_AMT], [RECONCILED], [CURR_CODE], [CURR_RATE])
VALUES 
  (25, 'RHB 200603', 'U0001', 2, '20070209', 2007, 2, 1140, 0, 'RM', 1)
GO

INSERT INTO [dbo].[TRN_ARCHEQUE] ([ARCHEQUENO], [ARCHEQUE_CODE], [CUSTOMER_CODE], [BANKNO], [CHEQUE_DATE], [ACC_YEAR], [ACC_PERIOD], [CHEQUE_AMT], [RECONCILED], [CURR_CODE], [CURR_RATE])
VALUES 
  (26, 'CIMB 678464', 'X0001', 1, '20070209', 2007, 2, 1045, 0, 'RM', 1)
GO

INSERT INTO [dbo].[TRN_ARCHEQUE] ([ARCHEQUENO], [ARCHEQUE_CODE], [CUSTOMER_CODE], [BANKNO], [CHEQUE_DATE], [ACC_YEAR], [ACC_PERIOD], [CHEQUE_AMT], [RECONCILED], [CURR_CODE], [CURR_RATE])
VALUES 
  (27, 'MBB 123485', 'C0002', 2, '20070214', 2007, 3, 1909.5, 0, 'RM', 1)
GO

INSERT INTO [dbo].[TRN_ARCHEQUE] ([ARCHEQUENO], [ARCHEQUE_CODE], [CUSTOMER_CODE], [BANKNO], [CHEQUE_DATE], [ACC_YEAR], [ACC_PERIOD], [CHEQUE_AMT], [RECONCILED], [CURR_CODE], [CURR_RATE])
VALUES 
  (29, 'CN07/02/01', 'U0001', 6, '20070206', 2007, 2, 125, 0, 'RM', 1)
GO

INSERT INTO [dbo].[TRN_ARCHEQUE] ([ARCHEQUENO], [ARCHEQUE_CODE], [CUSTOMER_CODE], [BANKNO], [CHEQUE_DATE], [ACC_YEAR], [ACC_PERIOD], [CHEQUE_AMT], [RECONCILED], [CURR_CODE], [CURR_RATE])
VALUES 
  (30, 'CN07/02/02', 'P0001', 6, '20070212', 2007, 2, 51.9, 0, 'RM', 1)
GO

INSERT INTO [dbo].[TRN_ARCHEQUE] ([ARCHEQUENO], [ARCHEQUE_CODE], [CUSTOMER_CODE], [BANKNO], [CHEQUE_DATE], [ACC_YEAR], [ACC_PERIOD], [CHEQUE_AMT], [RECONCILED], [CURR_CODE], [CURR_RATE])
VALUES 
  (33, 'CN07/03/01', 'C0002', 1, '20070301', 2007, 3, 100.5, 0, 'RM', 1)
GO

--
-- 21 record(s) inserted to [dbo].[TRN_ARCHEQUE]
--



--
-- Data for table TRN_ARCHEQUED  (LIMIT 0,1000)
--

INSERT INTO [dbo].[TRN_ARCHEQUED] ([ARCHEQUEDNO], [ARCHEQUENO], [ARINVNO], [CHEQUEAMT])
VALUES 
  (6, 6, 5, 1995)
GO

INSERT INTO [dbo].[TRN_ARCHEQUED] ([ARCHEQUEDNO], [ARCHEQUENO], [ARINVNO], [CHEQUEAMT])
VALUES 
  (7, 7, 13, 1710)
GO

INSERT INTO [dbo].[TRN_ARCHEQUED] ([ARCHEQUEDNO], [ARCHEQUENO], [ARINVNO], [CHEQUEAMT])
VALUES 
  (12, 8, 7, 4707.25)
GO

INSERT INTO [dbo].[TRN_ARCHEQUED] ([ARCHEQUEDNO], [ARCHEQUENO], [ARINVNO], [CHEQUEAMT])
VALUES 
  (14, 9, 1, 1200)
GO

INSERT INTO [dbo].[TRN_ARCHEQUED] ([ARCHEQUEDNO], [ARCHEQUENO], [ARINVNO], [CHEQUEAMT])
VALUES 
  (15, 10, 3, 1500)
GO

INSERT INTO [dbo].[TRN_ARCHEQUED] ([ARCHEQUEDNO], [ARCHEQUENO], [ARINVNO], [CHEQUEAMT])
VALUES 
  (21, 12, 4, 1700)
GO

INSERT INTO [dbo].[TRN_ARCHEQUED] ([ARCHEQUEDNO], [ARCHEQUENO], [ARINVNO], [CHEQUEAMT])
VALUES 
  (22, 13, 6, 1730)
GO

INSERT INTO [dbo].[TRN_ARCHEQUED] ([ARCHEQUEDNO], [ARCHEQUENO], [ARINVNO], [CHEQUEAMT])
VALUES 
  (23, 15, 8, 1000)
GO

INSERT INTO [dbo].[TRN_ARCHEQUED] ([ARCHEQUEDNO], [ARCHEQUENO], [ARINVNO], [CHEQUEAMT])
VALUES 
  (24, 16, 9, 2375)
GO

INSERT INTO [dbo].[TRN_ARCHEQUED] ([ARCHEQUEDNO], [ARCHEQUENO], [ARINVNO], [CHEQUEAMT])
VALUES 
  (25, 17, 10, 1678.1)
GO

INSERT INTO [dbo].[TRN_ARCHEQUED] ([ARCHEQUEDNO], [ARCHEQUENO], [ARINVNO], [CHEQUEAMT])
VALUES 
  (26, 19, 1, 2000)
GO

INSERT INTO [dbo].[TRN_ARCHEQUED] ([ARCHEQUEDNO], [ARCHEQUENO], [ARINVNO], [CHEQUEAMT])
VALUES 
  (27, 20, 3, 1060)
GO

INSERT INTO [dbo].[TRN_ARCHEQUED] ([ARCHEQUEDNO], [ARCHEQUENO], [ARINVNO], [CHEQUEAMT])
VALUES 
  (28, 21, 8, 280)
GO

INSERT INTO [dbo].[TRN_ARCHEQUED] ([ARCHEQUEDNO], [ARCHEQUENO], [ARINVNO], [CHEQUEAMT])
VALUES 
  (32, 22, 11, 1500)
GO

INSERT INTO [dbo].[TRN_ARCHEQUED] ([ARCHEQUEDNO], [ARCHEQUENO], [ARINVNO], [CHEQUEAMT])
VALUES 
  (33, 22, 14, 880)
GO

INSERT INTO [dbo].[TRN_ARCHEQUED] ([ARCHEQUEDNO], [ARCHEQUENO], [ARINVNO], [CHEQUEAMT])
VALUES 
  (34, 24, 12, 1100)
GO

INSERT INTO [dbo].[TRN_ARCHEQUED] ([ARCHEQUEDNO], [ARCHEQUENO], [ARINVNO], [CHEQUEAMT])
VALUES 
  (36, 25, 15, 1140)
GO

INSERT INTO [dbo].[TRN_ARCHEQUED] ([ARCHEQUEDNO], [ARCHEQUENO], [ARINVNO], [CHEQUEAMT])
VALUES 
  (37, 26, 16, 1045)
GO

INSERT INTO [dbo].[TRN_ARCHEQUED] ([ARCHEQUEDNO], [ARCHEQUENO], [ARINVNO], [CHEQUEAMT])
VALUES 
  (38, 27, 17, 769.5)
GO

INSERT INTO [dbo].[TRN_ARCHEQUED] ([ARCHEQUEDNO], [ARCHEQUENO], [ARINVNO], [CHEQUEAMT])
VALUES 
  (39, 27, 19, 1140)
GO

INSERT INTO [dbo].[TRN_ARCHEQUED] ([ARCHEQUEDNO], [ARCHEQUENO], [ARINVNO], [CHEQUEAMT])
VALUES 
  (41, 29, 9, 125)
GO

INSERT INTO [dbo].[TRN_ARCHEQUED] ([ARCHEQUEDNO], [ARCHEQUENO], [ARINVNO], [CHEQUEAMT])
VALUES 
  (42, 30, 10, 51.9)
GO

INSERT INTO [dbo].[TRN_ARCHEQUED] ([ARCHEQUEDNO], [ARCHEQUENO], [ARINVNO], [CHEQUEAMT])
VALUES 
  (43, 33, 17, 40.5)
GO

INSERT INTO [dbo].[TRN_ARCHEQUED] ([ARCHEQUEDNO], [ARCHEQUENO], [ARINVNO], [CHEQUEAMT])
VALUES 
  (44, 33, 19, 60)
GO

--
-- 24 record(s) inserted to [dbo].[TRN_ARCHEQUED]
--


--
-- Data for table TRN_CHEQUE  (LIMIT 0,1000)
--

INSERT INTO [dbo].[TRN_CHEQUE] ([APCHEQUENO], [APCHEQUE_CODE], [VENDOR_CODE], [BANKNO], [CHEQUE_DATE], [ACC_YEAR], [ACC_PERIOD], [CHEQUE_AMT], [RECONCILED], [CURR_CODE], [CURR_RATE])
VALUES 
  (1, '300430', 'A00001', 1, '20070131', 2007, 1, 2500, 'False', 'RM', 1)
GO

INSERT INTO [dbo].[TRN_CHEQUE] ([APCHEQUENO], [APCHEQUE_CODE], [VENDOR_CODE], [BANKNO], [CHEQUE_DATE], [ACC_YEAR], [ACC_PERIOD], [CHEQUE_AMT], [RECONCILED], [CURR_CODE], [CURR_RATE])
VALUES 
  (3, '450646', 'B00001', 2, '20070131', 2007, 1, 2300, 'False', 'RM', 1)
GO

INSERT INTO [dbo].[TRN_CHEQUE] ([APCHEQUENO], [APCHEQUE_CODE], [VENDOR_CODE], [BANKNO], [CHEQUE_DATE], [ACC_YEAR], [ACC_PERIOD], [CHEQUE_AMT], [RECONCILED], [CURR_CODE], [CURR_RATE])
VALUES 
  (5, '450647', 'Q00001', 2, '20070131', 2007, 1, 1200, 'False', 'RM', 1)
GO

INSERT INTO [dbo].[TRN_CHEQUE] ([APCHEQUENO], [APCHEQUE_CODE], [VENDOR_CODE], [BANKNO], [CHEQUE_DATE], [ACC_YEAR], [ACC_PERIOD], [CHEQUE_AMT], [RECONCILED], [CURR_CODE], [CURR_RATE])
VALUES 
  (6, '300466', 'G00001', 1, '20070205', 2007, 2, 1800, 'False', 'RM', 1)
GO

INSERT INTO [dbo].[TRN_CHEQUE] ([APCHEQUENO], [APCHEQUE_CODE], [VENDOR_CODE], [BANKNO], [CHEQUE_DATE], [ACC_YEAR], [ACC_PERIOD], [CHEQUE_AMT], [RECONCILED], [CURR_CODE], [CURR_RATE])
VALUES 
  (7, '300479', 'O00001', 1, '20070212', 2007, 2, 750, 'False', 'RM', 1)
GO

INSERT INTO [dbo].[TRN_CHEQUE] ([APCHEQUENO], [APCHEQUE_CODE], [VENDOR_CODE], [BANKNO], [CHEQUE_DATE], [ACC_YEAR], [ACC_PERIOD], [CHEQUE_AMT], [RECONCILED], [CURR_CODE], [CURR_RATE])
VALUES 
  (9, '450725', 'M00002', 2, '20070223', 2007, 2, 2600, 'False', 'RM', 1)
GO

INSERT INTO [dbo].[TRN_CHEQUE] ([APCHEQUENO], [APCHEQUE_CODE], [VENDOR_CODE], [BANKNO], [CHEQUE_DATE], [ACC_YEAR], [ACC_PERIOD], [CHEQUE_AMT], [RECONCILED], [CURR_CODE], [CURR_RATE])
VALUES 
  (10, '450726', 'O00001', 2, '20070226', 2007, 2, 1780, 'False', 'RM', 1)
GO

INSERT INTO [dbo].[TRN_CHEQUE] ([APCHEQUENO], [APCHEQUE_CODE], [VENDOR_CODE], [BANKNO], [CHEQUE_DATE], [ACC_YEAR], [ACC_PERIOD], [CHEQUE_AMT], [RECONCILED], [CURR_CODE], [CURR_RATE])
VALUES 
  (11, '300503', 'P00001', 1, '20070219', 2007, 2, 950, 'False', 'RM', 1)
GO

INSERT INTO [dbo].[TRN_CHEQUE] ([APCHEQUENO], [APCHEQUE_CODE], [VENDOR_CODE], [BANKNO], [CHEQUE_DATE], [ACC_YEAR], [ACC_PERIOD], [CHEQUE_AMT], [RECONCILED], [CURR_CODE], [CURR_RATE])
VALUES 
  (12, '300504', 'S00001', 1, '20070228', 2007, 2, 1800, 'False', 'RM', 1)
GO

INSERT INTO [dbo].[TRN_CHEQUE] ([APCHEQUENO], [APCHEQUE_CODE], [VENDOR_CODE], [BANKNO], [CHEQUE_DATE], [ACC_YEAR], [ACC_PERIOD], [CHEQUE_AMT], [RECONCILED], [CURR_CODE], [CURR_RATE])
VALUES 
  (14, 'CNR07/02/01', 'B00002', 3, '20070205', 2007, 2, 150, 'False', 'RM', 1)
GO

INSERT INTO [dbo].[TRN_CHEQUE] ([APCHEQUENO], [APCHEQUE_CODE], [VENDOR_CODE], [BANKNO], [CHEQUE_DATE], [ACC_YEAR], [ACC_PERIOD], [CHEQUE_AMT], [RECONCILED], [CURR_CODE], [CURR_RATE])
VALUES 
  (16, 'CNR07/02/02', 'A00001', 4, '20070209', 2007, 2, 82.5, 'False', 'RM', 1)
GO

--
-- 11 record(s) inserted to [dbo].[TRN_CHEQUE]
--



--
-- Data for table TRN_CHEQUED  (LIMIT 0,1000)
--

INSERT INTO [dbo].[TRN_CHEQUED] ([APCHEQUEDNO], [APCHEQUENO], [APINVNO], [CHEQUEAMT])
VALUES 
  (1, 1, 1, 2500)
GO

INSERT INTO [dbo].[TRN_CHEQUED] ([APCHEQUEDNO], [APCHEQUENO], [APINVNO], [CHEQUEAMT])
VALUES 
  (3, 3, 3, 2300)
GO

INSERT INTO [dbo].[TRN_CHEQUED] ([APCHEQUEDNO], [APCHEQUENO], [APINVNO], [CHEQUEAMT])
VALUES 
  (6, 5, 4, 1200)
GO

INSERT INTO [dbo].[TRN_CHEQUED] ([APCHEQUEDNO], [APCHEQUENO], [APINVNO], [CHEQUEAMT])
VALUES 
  (7, 6, 5, 1800)
GO

INSERT INTO [dbo].[TRN_CHEQUED] ([APCHEQUEDNO], [APCHEQUENO], [APINVNO], [CHEQUEAMT])
VALUES 
  (8, 7, 6, 750)
GO

INSERT INTO [dbo].[TRN_CHEQUED] ([APCHEQUEDNO], [APCHEQUENO], [APINVNO], [CHEQUEAMT])
VALUES 
  (9, 9, 7, 2600)
GO

INSERT INTO [dbo].[TRN_CHEQUED] ([APCHEQUEDNO], [APCHEQUENO], [APINVNO], [CHEQUEAMT])
VALUES 
  (10, 10, 15, 1780)
GO

INSERT INTO [dbo].[TRN_CHEQUED] ([APCHEQUEDNO], [APCHEQUENO], [APINVNO], [CHEQUEAMT])
VALUES 
  (11, 11, 8, 950)
GO

INSERT INTO [dbo].[TRN_CHEQUED] ([APCHEQUEDNO], [APCHEQUENO], [APINVNO], [CHEQUEAMT])
VALUES 
  (12, 12, 14, 1800)
GO

INSERT INTO [dbo].[TRN_CHEQUED] ([APCHEQUEDNO], [APCHEQUENO], [APINVNO], [CHEQUEAMT])
VALUES 
  (13, 14, 9, 150)
GO

INSERT INTO [dbo].[TRN_CHEQUED] ([APCHEQUEDNO], [APCHEQUENO], [APINVNO], [CHEQUEAMT])
VALUES 
  (14, 16, 10, 82.5)
GO

--
-- 11 record(s) inserted to [dbo].[TRN_CHEQUED]
--



--
-- Data for table TRN_DO  (LIMIT 0,1000)
--

INSERT INTO [dbo].[TRN_DO] ([DONO], [TRAN_CODE], [ACC_YEAR], [ACC_MONTH], [TRAN_DATE], [WHNO], [MEMO], [DO_AMT], [CUSTOMER_CODE], [SHIPADDR1], [SHIPADDR2], [SHIPADDR3], [SHIPADDR4], [PHONE], [FAX], [ARINVNO])
VALUES 
  (1, 'DO001', 2007, 3, '20070301', 1, '', 1350, 'A0001', 'Same as above', NULL, NULL, NULL, '( 03) 7888-8888', NULL, NULL)
GO

INSERT INTO [dbo].[TRN_DO] ([DONO], [TRAN_CODE], [ACC_YEAR], [ACC_MONTH], [TRAN_DATE], [WHNO], [MEMO], [DO_AMT], [CUSTOMER_CODE], [SHIPADDR1], [SHIPADDR2], [SHIPADDR3], [SHIPADDR4], [PHONE], [FAX], [ARINVNO])
VALUES 
  (2, 'DO002', 2007, 3, '20070301', 1, '', 167, 'A0001', 'Same as above', NULL, NULL, NULL, '( 03) 7888-8888', NULL, NULL)
GO

--
-- 2 record(s) inserted to [dbo].[TRN_DO]
--



--
-- Data for table TRN_DOD  (LIMIT 0,1000)
--

INSERT INTO [dbo].[TRN_DOD] ([DODNO], [DONO], [WHNO], [ITEM_NO], [ITEM_CODE], [QTY], [UNIT_PRICE], [STD_COST])
VALUES 
  (1, 1, 1, 5, 'DWL001', 50, 10, 6)
GO

INSERT INTO [dbo].[TRN_DOD] ([DODNO], [DONO], [WHNO], [ITEM_NO], [ITEM_CODE], [QTY], [UNIT_PRICE], [STD_COST])
VALUES 
  (2, 1, 1, 6, 'DWL002', 50, 9, 5.5)
GO

INSERT INTO [dbo].[TRN_DOD] ([DODNO], [DONO], [WHNO], [ITEM_NO], [ITEM_CODE], [QTY], [UNIT_PRICE], [STD_COST])
VALUES 
  (3, 1, 1, 7, 'DWL003', 50, 8, 5)
GO

INSERT INTO [dbo].[TRN_DOD] ([DODNO], [DONO], [WHNO], [ITEM_NO], [ITEM_CODE], [QTY], [UNIT_PRICE], [STD_COST])
VALUES 
  (4, 2, 1, 8, 'PIL001', 3, 15, 8)
GO

INSERT INTO [dbo].[TRN_DOD] ([DODNO], [DONO], [WHNO], [ITEM_NO], [ITEM_CODE], [QTY], [UNIT_PRICE], [STD_COST])
VALUES 
  (5, 2, 1, 4, 'SP002', 6, 12, 6)
GO

INSERT INTO [dbo].[TRN_DOD] ([DODNO], [DONO], [WHNO], [ITEM_NO], [ITEM_CODE], [QTY], [UNIT_PRICE], [STD_COST])
VALUES 
  (6, 2, 1, 3, 'SP001', 5, 10, 5)
GO

--
-- 6 record(s) inserted to [dbo].[TRN_DOD]
--



--
-- Data for table TRN_GNLJNL  (LIMIT 0,1000)
--

INSERT INTO [dbo].[TRN_GNLJNL] ([GNLJNLNO], [JNL_CODE], [JNL_DESC], [JNL_DATE], [JNL_AMT], [ACC_YEAR], [ACC_PERIOD], [CURR_CODE], [CURR_RATE])
VALUES 
  (3, 'Journal', 'JN07/01/01', '20070101', 50000, 2007, 1, 'RM', 1)
GO

INSERT INTO [dbo].[TRN_GNLJNL] ([GNLJNLNO], [JNL_CODE], [JNL_DESC], [JNL_DATE], [JNL_AMT], [ACC_YEAR], [ACC_PERIOD], [CURR_CODE], [CURR_RATE])
VALUES 
  (4, 'Journal', 'JN07/01/02', '20070101', 50000, 2007, 1, 'RM', 1)
GO

INSERT INTO [dbo].[TRN_GNLJNL] ([GNLJNLNO], [JNL_CODE], [JNL_DESC], [JNL_DATE], [JNL_AMT], [ACC_YEAR], [ACC_PERIOD], [CURR_CODE], [CURR_RATE])
VALUES 
  (5, 'PBB 300420', 'GL07/01/01', '20070101', 4100, 2007, 1, 'RM', 1)
GO

INSERT INTO [dbo].[TRN_GNLJNL] ([GNLJNLNO], [JNL_CODE], [JNL_DESC], [JNL_DATE], [JNL_AMT], [ACC_YEAR], [ACC_PERIOD], [CURR_CODE], [CURR_RATE])
VALUES 
  (7, 'PBB 300421', 'GL07/01/02', '20070102', 325, 2007, 1, 'RM', 1)
GO

INSERT INTO [dbo].[TRN_GNLJNL] ([GNLJNLNO], [JNL_CODE], [JNL_DESC], [JNL_DATE], [JNL_AMT], [ACC_YEAR], [ACC_PERIOD], [CURR_CODE], [CURR_RATE])
VALUES 
  (9, 'PBB 300422', 'GL07/01/03', '20070103', 2400, 2007, 1, 'RM', 1)
GO

INSERT INTO [dbo].[TRN_GNLJNL] ([GNLJNLNO], [JNL_CODE], [JNL_DESC], [JNL_DATE], [JNL_AMT], [ACC_YEAR], [ACC_PERIOD], [CURR_CODE], [CURR_RATE])
VALUES 
  (12, 'PBB 300423', 'GL07/01/04', '20070108', 800, 2007, 1, 'RM', 1)
GO

INSERT INTO [dbo].[TRN_GNLJNL] ([GNLJNLNO], [JNL_CODE], [JNL_DESC], [JNL_DATE], [JNL_AMT], [ACC_YEAR], [ACC_PERIOD], [CURR_CODE], [CURR_RATE])
VALUES 
  (13, 'PBB 300424', 'GL07/01/05', '20070112', 500, 2007, 1, 'RM', 1)
GO

INSERT INTO [dbo].[TRN_GNLJNL] ([GNLJNLNO], [JNL_CODE], [JNL_DESC], [JNL_DATE], [JNL_AMT], [ACC_YEAR], [ACC_PERIOD], [CURR_CODE], [CURR_RATE])
VALUES 
  (14, 'PBB 300425', 'GL07/01/06', '20070119', 1500, 2007, 1, 'RM', 1)
GO

INSERT INTO [dbo].[TRN_GNLJNL] ([GNLJNLNO], [JNL_CODE], [JNL_DESC], [JNL_DATE], [JNL_AMT], [ACC_YEAR], [ACC_PERIOD], [CURR_CODE], [CURR_RATE])
VALUES 
  (15, 'PBB 300426', 'GL07/01/07', '20070131', 555, 2007, 1, 'RM', 1)
GO

INSERT INTO [dbo].[TRN_GNLJNL] ([GNLJNLNO], [JNL_CODE], [JNL_DESC], [JNL_DATE], [JNL_AMT], [ACC_YEAR], [ACC_PERIOD], [CURR_CODE], [CURR_RATE])
VALUES 
  (16, 'RHB 450635', 'GL07/01/08', '20070123', 500, 2007, 1, 'RM', 1)
GO

INSERT INTO [dbo].[TRN_GNLJNL] ([GNLJNLNO], [JNL_CODE], [JNL_DESC], [JNL_DATE], [JNL_AMT], [ACC_YEAR], [ACC_PERIOD], [CURR_CODE], [CURR_RATE])
VALUES 
  (17, 'RHB 450636', 'GL07/01/09', '20070131', 2300, 2007, 1, 'RM', 1)
GO

INSERT INTO [dbo].[TRN_GNLJNL] ([GNLJNLNO], [JNL_CODE], [JNL_DESC], [JNL_DATE], [JNL_AMT], [ACC_YEAR], [ACC_PERIOD], [CURR_CODE], [CURR_RATE])
VALUES 
  (18, 'RHB 450637', 'GL07/01/10', '20070131', 180, 2007, 1, 'RM', 1)
GO

INSERT INTO [dbo].[TRN_GNLJNL] ([GNLJNLNO], [JNL_CODE], [JNL_DESC], [JNL_DATE], [JNL_AMT], [ACC_YEAR], [ACC_PERIOD], [CURR_CODE], [CURR_RATE])
VALUES 
  (19, 'RHB 450638', 'GL07/01/11', '20070131', 529, 2007, 1, 'RM', 1)
GO

INSERT INTO [dbo].[TRN_GNLJNL] ([GNLJNLNO], [JNL_CODE], [JNL_DESC], [JNL_DATE], [JNL_AMT], [ACC_YEAR], [ACC_PERIOD], [CURR_CODE], [CURR_RATE])
VALUES 
  (20, 'PBB 300427', 'GL07/02/01', '20070202', 1000, 2007, 2, 'RM', 1)
GO

INSERT INTO [dbo].[TRN_GNLJNL] ([GNLJNLNO], [JNL_CODE], [JNL_DESC], [JNL_DATE], [JNL_AMT], [ACC_YEAR], [ACC_PERIOD], [CURR_CODE], [CURR_RATE])
VALUES 
  (21, 'PBB 300435', 'GL07/02/02', '20070205', 1370, 2007, 2, 'RM', 1)
GO

INSERT INTO [dbo].[TRN_GNLJNL] ([GNLJNLNO], [JNL_CODE], [JNL_DESC], [JNL_DATE], [JNL_AMT], [ACC_YEAR], [ACC_PERIOD], [CURR_CODE], [CURR_RATE])
VALUES 
  (22, 'RHB 450655', 'GL07/02/03', '20070214', 1120, 2007, 2, 'RM', 1)
GO

INSERT INTO [dbo].[TRN_GNLJNL] ([GNLJNLNO], [JNL_CODE], [JNL_DESC], [JNL_DATE], [JNL_AMT], [ACC_YEAR], [ACC_PERIOD], [CURR_CODE], [CURR_RATE])
VALUES 
  (23, 'RHB 450660', 'GL07/02/04', '20070223', 145, 2007, 2, 'RM', 1)
GO

INSERT INTO [dbo].[TRN_GNLJNL] ([GNLJNLNO], [JNL_CODE], [JNL_DESC], [JNL_DATE], [JNL_AMT], [ACC_YEAR], [ACC_PERIOD], [CURR_CODE], [CURR_RATE])
VALUES 
  (24, 'RHB 450684', 'GL07/02/05', '20070228', 2300, 2007, 2, 'RM', 1)
GO

INSERT INTO [dbo].[TRN_GNLJNL] ([GNLJNLNO], [JNL_CODE], [JNL_DESC], [JNL_DATE], [JNL_AMT], [ACC_YEAR], [ACC_PERIOD], [CURR_CODE], [CURR_RATE])
VALUES 
  (25, 'RHB 450685', 'GL07/02/06', '20070228', 43.9, 2007, 2, 'RM', 1)
GO

INSERT INTO [dbo].[TRN_GNLJNL] ([GNLJNLNO], [JNL_CODE], [JNL_DESC], [JNL_DATE], [JNL_AMT], [ACC_YEAR], [ACC_PERIOD], [CURR_CODE], [CURR_RATE])
VALUES 
  (26, 'RHB 450639', 'GL07/01/12', '20070131', 43.9, 2007, 1, 'RM', 1)
GO

INSERT INTO [dbo].[TRN_GNLJNL] ([GNLJNLNO], [JNL_CODE], [JNL_DESC], [JNL_DATE], [JNL_AMT], [ACC_YEAR], [ACC_PERIOD], [CURR_CODE], [CURR_RATE])
VALUES 
  (27, 'PBB 300453', 'GL07/02/07', '20070223', 547, 2007, 2, 'RM', 1)
GO

INSERT INTO [dbo].[TRN_GNLJNL] ([GNLJNLNO], [JNL_CODE], [JNL_DESC], [JNL_DATE], [JNL_AMT], [ACC_YEAR], [ACC_PERIOD], [CURR_CODE], [CURR_RATE])
VALUES 
  (28, 'PBB 300459', 'GL07/03/01', '20070301', 1000, 2007, 3, 'RM', 1)
GO

INSERT INTO [dbo].[TRN_GNLJNL] ([GNLJNLNO], [JNL_CODE], [JNL_DESC], [JNL_DATE], [JNL_AMT], [ACC_YEAR], [ACC_PERIOD], [CURR_CODE], [CURR_RATE])
VALUES 
  (29, 'PBB 300461', 'GL07/03/02', '20070305', 1880, 2007, 3, 'RM', 1)
GO

INSERT INTO [dbo].[TRN_GNLJNL] ([GNLJNLNO], [JNL_CODE], [JNL_DESC], [JNL_DATE], [JNL_AMT], [ACC_YEAR], [ACC_PERIOD], [CURR_CODE], [CURR_RATE])
VALUES 
  (30, 'RHB 450733', 'GL07/03/03', '20070308', 788, 2007, 3, 'RM', 1)
GO

INSERT INTO [dbo].[TRN_GNLJNL] ([GNLJNLNO], [JNL_CODE], [JNL_DESC], [JNL_DATE], [JNL_AMT], [ACC_YEAR], [ACC_PERIOD], [CURR_CODE], [CURR_RATE])
VALUES 
  (31, 'RHB 450734', 'GL07/03/04', '20070313', 680, 2007, 3, 'RM', 1)
GO

INSERT INTO [dbo].[TRN_GNLJNL] ([GNLJNLNO], [JNL_CODE], [JNL_DESC], [JNL_DATE], [JNL_AMT], [ACC_YEAR], [ACC_PERIOD], [CURR_CODE], [CURR_RATE])
VALUES 
  (32, 'RHB 450640', 'GL07/01/13', '20070115', 648, 2007, 1, 'RM', 1)
GO

INSERT INTO [dbo].[TRN_GNLJNL] ([GNLJNLNO], [JNL_CODE], [JNL_DESC], [JNL_DATE], [JNL_AMT], [ACC_YEAR], [ACC_PERIOD], [CURR_CODE], [CURR_RATE])
VALUES 
  (33, 'PBB 300452', 'GL07/02/08', '20070215', 640, 2007, 2, 'RM', 1)
GO

INSERT INTO [dbo].[TRN_GNLJNL] ([GNLJNLNO], [JNL_CODE], [JNL_DESC], [JNL_DATE], [JNL_AMT], [ACC_YEAR], [ACC_PERIOD], [CURR_CODE], [CURR_RATE])
VALUES 
  (34, 'PBB 300498', 'GL07/03/05', '20070320', 647, 2007, 3, 'RM', 1)
GO

INSERT INTO [dbo].[TRN_GNLJNL] ([GNLJNLNO], [JNL_CODE], [JNL_DESC], [JNL_DATE], [JNL_AMT], [ACC_YEAR], [ACC_PERIOD], [CURR_CODE], [CURR_RATE])
VALUES 
  (35, 'PBB 300513', 'GL07/03/06', '20070331', 2300, 2007, 3, 'RM', 1)
GO

INSERT INTO [dbo].[TRN_GNLJNL] ([GNLJNLNO], [JNL_CODE], [JNL_DESC], [JNL_DATE], [JNL_AMT], [ACC_YEAR], [ACC_PERIOD], [CURR_CODE], [CURR_RATE])
VALUES 
  (36, 'RHB 450730', 'GL07/03/07', '20070331', 43.9, 2007, 3, 'RM', 1)
GO

INSERT INTO [dbo].[TRN_GNLJNL] ([GNLJNLNO], [JNL_CODE], [JNL_DESC], [JNL_DATE], [JNL_AMT], [ACC_YEAR], [ACC_PERIOD], [CURR_CODE], [CURR_RATE])
VALUES 
  (37, 'RHB 450731', 'GL07/03/08', '20070331', 529, 2007, 3, 'RM', 1)
GO

INSERT INTO [dbo].[TRN_GNLJNL] ([GNLJNLNO], [JNL_CODE], [JNL_DESC], [JNL_DATE], [JNL_AMT], [ACC_YEAR], [ACC_PERIOD], [CURR_CODE], [CURR_RATE])
VALUES 
  (38, 'PBB 300452', 'GL07/02/09', '20070228', 529, 2007, 2, 'RM', 1)
GO

--
-- 32 record(s) inserted to [dbo].[TRN_GNLJNL]
--



--
-- Data for table TRN_GNLJNLD  (LIMIT 0,1000)
--

INSERT INTO [dbo].[TRN_GNLJNLD] ([GNLJNLDNO], [GNLJNLNO], [ACC_CODE], [ACC_MEMO], [ACC_AMT])
VALUES 
  (3, 4, '11320', 'Capital', 50000)
GO

INSERT INTO [dbo].[TRN_GNLJNLD] ([GNLJNLDNO], [GNLJNLNO], [ACC_CODE], [ACC_MEMO], [ACC_AMT])
VALUES 
  (4, 4, '41100', 'Capital', -50000)
GO

INSERT INTO [dbo].[TRN_GNLJNLD] ([GNLJNLDNO], [GNLJNLNO], [ACC_CODE], [ACC_MEMO], [ACC_AMT])
VALUES 
  (10, 7, '72200', 'Stationery', 325)
GO

INSERT INTO [dbo].[TRN_GNLJNLD] ([GNLJNLDNO], [GNLJNLNO], [ACC_CODE], [ACC_MEMO], [ACC_AMT])
VALUES 
  (11, 7, '11310', 'Stationery', -325)
GO

INSERT INTO [dbo].[TRN_GNLJNLD] ([GNLJNLDNO], [GNLJNLNO], [ACC_CODE], [ACC_MEMO], [ACC_AMT])
VALUES 
  (13, 9, '72100', 'Rental for Jan''07', 1000)
GO

INSERT INTO [dbo].[TRN_GNLJNLD] ([GNLJNLDNO], [GNLJNLNO], [ACC_CODE], [ACC_MEMO], [ACC_AMT])
VALUES 
  (14, 9, '14100', 'Rental Deposit', 1000)
GO

INSERT INTO [dbo].[TRN_GNLJNLD] ([GNLJNLDNO], [GNLJNLNO], [ACC_CODE], [ACC_MEMO], [ACC_AMT])
VALUES 
  (15, 9, '14120', 'Electricity Deposit', 300)
GO

INSERT INTO [dbo].[TRN_GNLJNLD] ([GNLJNLDNO], [GNLJNLNO], [ACC_CODE], [ACC_MEMO], [ACC_AMT])
VALUES 
  (16, 9, '14110', 'Water Deposit', 100)
GO

INSERT INTO [dbo].[TRN_GNLJNLD] ([GNLJNLDNO], [GNLJNLNO], [ACC_CODE], [ACC_MEMO], [ACC_AMT])
VALUES 
  (17, 9, '11310', 'Rental & Deposits', -2400)
GO

INSERT INTO [dbo].[TRN_GNLJNLD] ([GNLJNLDNO], [GNLJNLNO], [ACC_CODE], [ACC_MEMO], [ACC_AMT])
VALUES 
  (22, 12, '61100', 'Cash Purchase', 800)
GO

INSERT INTO [dbo].[TRN_GNLJNLD] ([GNLJNLDNO], [GNLJNLNO], [ACC_CODE], [ACC_MEMO], [ACC_AMT])
VALUES 
  (23, 12, '11310', 'Cash Purchase', -800)
GO

INSERT INTO [dbo].[TRN_GNLJNLD] ([GNLJNLDNO], [GNLJNLNO], [ACC_CODE], [ACC_MEMO], [ACC_AMT])
VALUES 
  (24, 13, '72300', 'Printing Expenses', 500)
GO

INSERT INTO [dbo].[TRN_GNLJNLD] ([GNLJNLDNO], [GNLJNLNO], [ACC_CODE], [ACC_MEMO], [ACC_AMT])
VALUES 
  (25, 13, '11310', 'Printing Expenses', -500)
GO

INSERT INTO [dbo].[TRN_GNLJNLD] ([GNLJNLDNO], [GNLJNLNO], [ACC_CODE], [ACC_MEMO], [ACC_AMT])
VALUES 
  (27, 14, '70800', 'Shop Insurance', 1500)
GO

INSERT INTO [dbo].[TRN_GNLJNLD] ([GNLJNLDNO], [GNLJNLNO], [ACC_CODE], [ACC_MEMO], [ACC_AMT])
VALUES 
  (28, 14, '11310', 'Shop Insurance', -1500)
GO

INSERT INTO [dbo].[TRN_GNLJNLD] ([GNLJNLDNO], [GNLJNLNO], [ACC_CODE], [ACC_MEMO], [ACC_AMT])
VALUES 
  (29, 15, '73100', 'General Claim For Jan''07', 250)
GO

INSERT INTO [dbo].[TRN_GNLJNLD] ([GNLJNLDNO], [GNLJNLNO], [ACC_CODE], [ACC_MEMO], [ACC_AMT])
VALUES 
  (30, 15, '72900', 'General Claim For Jan''07', 120)
GO

INSERT INTO [dbo].[TRN_GNLJNLD] ([GNLJNLDNO], [GNLJNLNO], [ACC_CODE], [ACC_MEMO], [ACC_AMT])
VALUES 
  (31, 15, '73000', 'General Claim For Jan''07', 35)
GO

INSERT INTO [dbo].[TRN_GNLJNLD] ([GNLJNLDNO], [GNLJNLNO], [ACC_CODE], [ACC_MEMO], [ACC_AMT])
VALUES 
  (32, 15, '72600', 'General Claim For Jan''07', 150)
GO

INSERT INTO [dbo].[TRN_GNLJNLD] ([GNLJNLDNO], [GNLJNLNO], [ACC_CODE], [ACC_MEMO], [ACC_AMT])
VALUES 
  (33, 15, '11310', 'General Claim For Jan''07', -555)
GO

INSERT INTO [dbo].[TRN_GNLJNLD] ([GNLJNLDNO], [GNLJNLNO], [ACC_CODE], [ACC_MEMO], [ACC_AMT])
VALUES 
  (34, 16, '11200', 'Petty Cash', 500)
GO

INSERT INTO [dbo].[TRN_GNLJNLD] ([GNLJNLDNO], [GNLJNLNO], [ACC_CODE], [ACC_MEMO], [ACC_AMT])
VALUES 
  (35, 16, '11320', 'Petty Cash', -500)
GO

INSERT INTO [dbo].[TRN_GNLJNLD] ([GNLJNLDNO], [GNLJNLNO], [ACC_CODE], [ACC_MEMO], [ACC_AMT])
VALUES 
  (36, 17, '71100', 'Salary For Clerk - Jan''07', 2300)
GO

INSERT INTO [dbo].[TRN_GNLJNLD] ([GNLJNLDNO], [GNLJNLNO], [ACC_CODE], [ACC_MEMO], [ACC_AMT])
VALUES 
  (37, 17, '11320', 'Salary For Clerk - Jan''07', -2037.25)
GO

INSERT INTO [dbo].[TRN_GNLJNLD] ([GNLJNLDNO], [GNLJNLNO], [ACC_CODE], [ACC_MEMO], [ACC_AMT])
VALUES 
  (38, 18, '73200', 'Entertainment', 180)
GO

INSERT INTO [dbo].[TRN_GNLJNLD] ([GNLJNLDNO], [GNLJNLNO], [ACC_CODE], [ACC_MEMO], [ACC_AMT])
VALUES 
  (39, 18, '11320', 'Entertainment', -180)
GO

INSERT INTO [dbo].[TRN_GNLJNLD] ([GNLJNLDNO], [GNLJNLNO], [ACC_CODE], [ACC_MEMO], [ACC_AMT])
VALUES 
  (40, 17, '71500', 'Salary For Clerk - Jan''07', -253)
GO

INSERT INTO [dbo].[TRN_GNLJNLD] ([GNLJNLDNO], [GNLJNLNO], [ACC_CODE], [ACC_MEMO], [ACC_AMT])
VALUES 
  (41, 17, '71600', 'Salary For Clerk - Jan''07', -9.75)
GO

INSERT INTO [dbo].[TRN_GNLJNLD] ([GNLJNLDNO], [GNLJNLNO], [ACC_CODE], [ACC_MEMO], [ACC_AMT])
VALUES 
  (42, 19, '71500', 'EPF Contribution For Jan''07', 529)
GO

INSERT INTO [dbo].[TRN_GNLJNLD] ([GNLJNLDNO], [GNLJNLNO], [ACC_CODE], [ACC_MEMO], [ACC_AMT])
VALUES 
  (43, 19, '11320', 'EPF Contribution For Jan''07', -529)
GO

INSERT INTO [dbo].[TRN_GNLJNLD] ([GNLJNLDNO], [GNLJNLNO], [ACC_CODE], [ACC_MEMO], [ACC_AMT])
VALUES 
  (44, 20, '72100', 'Rental For Feb''07', 1000)
GO

INSERT INTO [dbo].[TRN_GNLJNLD] ([GNLJNLDNO], [GNLJNLNO], [ACC_CODE], [ACC_MEMO], [ACC_AMT])
VALUES 
  (45, 20, '11310', 'Rental For Feb''07', -1000)
GO

INSERT INTO [dbo].[TRN_GNLJNLD] ([GNLJNLDNO], [GNLJNLNO], [ACC_CODE], [ACC_MEMO], [ACC_AMT])
VALUES 
  (46, 21, '72600', 'General Claim', 120)
GO

INSERT INTO [dbo].[TRN_GNLJNLD] ([GNLJNLDNO], [GNLJNLNO], [ACC_CODE], [ACC_MEMO], [ACC_AMT])
VALUES 
  (47, 21, '72900', 'General Claim', 300)
GO

INSERT INTO [dbo].[TRN_GNLJNLD] ([GNLJNLDNO], [GNLJNLNO], [ACC_CODE], [ACC_MEMO], [ACC_AMT])
VALUES 
  (48, 21, '73000', 'General Claim', 100)
GO

INSERT INTO [dbo].[TRN_GNLJNLD] ([GNLJNLDNO], [GNLJNLNO], [ACC_CODE], [ACC_MEMO], [ACC_AMT])
VALUES 
  (49, 21, '73200', 'General Claim', 550)
GO

INSERT INTO [dbo].[TRN_GNLJNLD] ([GNLJNLDNO], [GNLJNLNO], [ACC_CODE], [ACC_MEMO], [ACC_AMT])
VALUES 
  (50, 21, '73100', 'General Claim', 300)
GO

INSERT INTO [dbo].[TRN_GNLJNLD] ([GNLJNLDNO], [GNLJNLNO], [ACC_CODE], [ACC_MEMO], [ACC_AMT])
VALUES 
  (51, 21, '11310', 'General Claim', -1370)
GO

INSERT INTO [dbo].[TRN_GNLJNLD] ([GNLJNLDNO], [GNLJNLNO], [ACC_CODE], [ACC_MEMO], [ACC_AMT])
VALUES 
  (52, 22, '61100', 'Cash Purchase', 1120)
GO

INSERT INTO [dbo].[TRN_GNLJNLD] ([GNLJNLDNO], [GNLJNLNO], [ACC_CODE], [ACC_MEMO], [ACC_AMT])
VALUES 
  (53, 22, '11320', 'Cash Purchase', -1120)
GO

INSERT INTO [dbo].[TRN_GNLJNLD] ([GNLJNLDNO], [GNLJNLNO], [ACC_CODE], [ACC_MEMO], [ACC_AMT])
VALUES 
  (54, 23, '72300', 'Postage Expenses', 145)
GO

INSERT INTO [dbo].[TRN_GNLJNLD] ([GNLJNLDNO], [GNLJNLNO], [ACC_CODE], [ACC_MEMO], [ACC_AMT])
VALUES 
  (55, 23, '11320', 'Postage Expenses', -145)
GO

INSERT INTO [dbo].[TRN_GNLJNLD] ([GNLJNLDNO], [GNLJNLNO], [ACC_CODE], [ACC_MEMO], [ACC_AMT])
VALUES 
  (56, 24, '71100', 'Salary For Clerk - Feb''07', 2300)
GO

INSERT INTO [dbo].[TRN_GNLJNLD] ([GNLJNLDNO], [GNLJNLNO], [ACC_CODE], [ACC_MEMO], [ACC_AMT])
VALUES 
  (57, 24, '11320', 'Salary For Clerk - Feb''07', -2037.25)
GO

INSERT INTO [dbo].[TRN_GNLJNLD] ([GNLJNLDNO], [GNLJNLNO], [ACC_CODE], [ACC_MEMO], [ACC_AMT])
VALUES 
  (58, 24, '71500', 'Salary For Clerk - Feb''07', -253)
GO

INSERT INTO [dbo].[TRN_GNLJNLD] ([GNLJNLDNO], [GNLJNLNO], [ACC_CODE], [ACC_MEMO], [ACC_AMT])
VALUES 
  (59, 24, '71600', 'Salary For Clerk - Feb''07', -9.75)
GO

INSERT INTO [dbo].[TRN_GNLJNLD] ([GNLJNLDNO], [GNLJNLNO], [ACC_CODE], [ACC_MEMO], [ACC_AMT])
VALUES 
  (61, 25, '71600', 'Socso Contribution - Feb''07', 43.9)
GO

INSERT INTO [dbo].[TRN_GNLJNLD] ([GNLJNLDNO], [GNLJNLNO], [ACC_CODE], [ACC_MEMO], [ACC_AMT])
VALUES 
  (62, 25, '11320', 'Socso Contribution - Feb''07', -43.9)
GO

INSERT INTO [dbo].[TRN_GNLJNLD] ([GNLJNLDNO], [GNLJNLNO], [ACC_CODE], [ACC_MEMO], [ACC_AMT])
VALUES 
  (63, 26, '71600', 'Socso Contribution For Jan''07', 43.9)
GO

INSERT INTO [dbo].[TRN_GNLJNLD] ([GNLJNLDNO], [GNLJNLNO], [ACC_CODE], [ACC_MEMO], [ACC_AMT])
VALUES 
  (64, 26, '11320', 'Socso Contribution For Jan''07', -43.9)
GO

INSERT INTO [dbo].[TRN_GNLJNLD] ([GNLJNLDNO], [GNLJNLNO], [ACC_CODE], [ACC_MEMO], [ACC_AMT])
VALUES 
  (65, 27, '61100', 'Cash Purchase', 547)
GO

INSERT INTO [dbo].[TRN_GNLJNLD] ([GNLJNLDNO], [GNLJNLNO], [ACC_CODE], [ACC_MEMO], [ACC_AMT])
VALUES 
  (66, 27, '11310', 'Cash Purchase', -547)
GO

INSERT INTO [dbo].[TRN_GNLJNLD] ([GNLJNLDNO], [GNLJNLNO], [ACC_CODE], [ACC_MEMO], [ACC_AMT])
VALUES 
  (67, 28, '72100', 'Rental For Mar''07', 1000)
GO

INSERT INTO [dbo].[TRN_GNLJNLD] ([GNLJNLDNO], [GNLJNLNO], [ACC_CODE], [ACC_MEMO], [ACC_AMT])
VALUES 
  (68, 28, '11310', 'Rental For Mar''07', -1000)
GO

INSERT INTO [dbo].[TRN_GNLJNLD] ([GNLJNLDNO], [GNLJNLNO], [ACC_CODE], [ACC_MEMO], [ACC_AMT])
VALUES 
  (70, 29, '72900', 'General Claim', 300)
GO

INSERT INTO [dbo].[TRN_GNLJNLD] ([GNLJNLDNO], [GNLJNLNO], [ACC_CODE], [ACC_MEMO], [ACC_AMT])
VALUES 
  (71, 29, '73000', 'General Claim', 150)
GO

INSERT INTO [dbo].[TRN_GNLJNLD] ([GNLJNLDNO], [GNLJNLNO], [ACC_CODE], [ACC_MEMO], [ACC_AMT])
VALUES 
  (72, 29, '73200', 'General Claim', 500)
GO

INSERT INTO [dbo].[TRN_GNLJNLD] ([GNLJNLDNO], [GNLJNLNO], [ACC_CODE], [ACC_MEMO], [ACC_AMT])
VALUES 
  (73, 29, '73100', 'General Claim', 630)
GO

INSERT INTO [dbo].[TRN_GNLJNLD] ([GNLJNLDNO], [GNLJNLNO], [ACC_CODE], [ACC_MEMO], [ACC_AMT])
VALUES 
  (74, 29, '72600', 'General Claim', 300)
GO

INSERT INTO [dbo].[TRN_GNLJNLD] ([GNLJNLDNO], [GNLJNLNO], [ACC_CODE], [ACC_MEMO], [ACC_AMT])
VALUES 
  (75, 29, '11310', 'General Claim', -1880)
GO

INSERT INTO [dbo].[TRN_GNLJNLD] ([GNLJNLDNO], [GNLJNLNO], [ACC_CODE], [ACC_MEMO], [ACC_AMT])
VALUES 
  (79, 30, '61100', 'Cash Purchase', 788)
GO

INSERT INTO [dbo].[TRN_GNLJNLD] ([GNLJNLDNO], [GNLJNLNO], [ACC_CODE], [ACC_MEMO], [ACC_AMT])
VALUES 
  (80, 30, '11320', 'Cash Purchase', -788)
GO

INSERT INTO [dbo].[TRN_GNLJNLD] ([GNLJNLDNO], [GNLJNLNO], [ACC_CODE], [ACC_MEMO], [ACC_AMT])
VALUES 
  (81, 31, '72500', 'Telephone Charges', 244)
GO

INSERT INTO [dbo].[TRN_GNLJNLD] ([GNLJNLDNO], [GNLJNLNO], [ACC_CODE], [ACC_MEMO], [ACC_AMT])
VALUES 
  (82, 31, '72700', 'Electricity Charges', 378)
GO

INSERT INTO [dbo].[TRN_GNLJNLD] ([GNLJNLDNO], [GNLJNLNO], [ACC_CODE], [ACC_MEMO], [ACC_AMT])
VALUES 
  (83, 31, '72800', 'Water Charges', 58)
GO

INSERT INTO [dbo].[TRN_GNLJNLD] ([GNLJNLDNO], [GNLJNLNO], [ACC_CODE], [ACC_MEMO], [ACC_AMT])
VALUES 
  (84, 31, '11320', 'Utility Charges', -680)
GO

INSERT INTO [dbo].[TRN_GNLJNLD] ([GNLJNLDNO], [GNLJNLNO], [ACC_CODE], [ACC_MEMO], [ACC_AMT])
VALUES 
  (85, 32, '72500', 'Telephone Charges', 288)
GO

INSERT INTO [dbo].[TRN_GNLJNLD] ([GNLJNLDNO], [GNLJNLNO], [ACC_CODE], [ACC_MEMO], [ACC_AMT])
VALUES 
  (86, 32, '72700', 'Electricity Charges', 327)
GO

INSERT INTO [dbo].[TRN_GNLJNLD] ([GNLJNLDNO], [GNLJNLNO], [ACC_CODE], [ACC_MEMO], [ACC_AMT])
VALUES 
  (87, 32, '72800', 'Water Charges', 33)
GO

INSERT INTO [dbo].[TRN_GNLJNLD] ([GNLJNLDNO], [GNLJNLNO], [ACC_CODE], [ACC_MEMO], [ACC_AMT])
VALUES 
  (88, 32, '11320', 'Utility Charges', -648)
GO

INSERT INTO [dbo].[TRN_GNLJNLD] ([GNLJNLDNO], [GNLJNLNO], [ACC_CODE], [ACC_MEMO], [ACC_AMT])
VALUES 
  (90, 33, '72500', 'Telephone Charges', 213)
GO

INSERT INTO [dbo].[TRN_GNLJNLD] ([GNLJNLDNO], [GNLJNLNO], [ACC_CODE], [ACC_MEMO], [ACC_AMT])
VALUES 
  (91, 33, '72700', 'Electricity Charges', 389)
GO

INSERT INTO [dbo].[TRN_GNLJNLD] ([GNLJNLDNO], [GNLJNLNO], [ACC_CODE], [ACC_MEMO], [ACC_AMT])
VALUES 
  (92, 33, '72800', 'Water Charges', 38)
GO

INSERT INTO [dbo].[TRN_GNLJNLD] ([GNLJNLDNO], [GNLJNLNO], [ACC_CODE], [ACC_MEMO], [ACC_AMT])
VALUES 
  (93, 33, '11310', 'Utility Charges', -640)
GO

INSERT INTO [dbo].[TRN_GNLJNLD] ([GNLJNLDNO], [GNLJNLNO], [ACC_CODE], [ACC_MEMO], [ACC_AMT])
VALUES 
  (94, 34, '61100', 'Cash Purchase', 647)
GO

INSERT INTO [dbo].[TRN_GNLJNLD] ([GNLJNLDNO], [GNLJNLNO], [ACC_CODE], [ACC_MEMO], [ACC_AMT])
VALUES 
  (95, 34, '11310', 'Cash Purchase', -647)
GO

INSERT INTO [dbo].[TRN_GNLJNLD] ([GNLJNLDNO], [GNLJNLNO], [ACC_CODE], [ACC_MEMO], [ACC_AMT])
VALUES 
  (97, 35, '71100', 'Salary For Clerk - Mar''07', 2300)
GO

INSERT INTO [dbo].[TRN_GNLJNLD] ([GNLJNLDNO], [GNLJNLNO], [ACC_CODE], [ACC_MEMO], [ACC_AMT])
VALUES 
  (98, 35, '11310', 'Salary For Clerk - Mar''07', -2037.25)
GO

INSERT INTO [dbo].[TRN_GNLJNLD] ([GNLJNLDNO], [GNLJNLNO], [ACC_CODE], [ACC_MEMO], [ACC_AMT])
VALUES 
  (99, 35, '71500', 'Salary For Clerk - Mar''07', -253)
GO

INSERT INTO [dbo].[TRN_GNLJNLD] ([GNLJNLDNO], [GNLJNLNO], [ACC_CODE], [ACC_MEMO], [ACC_AMT])
VALUES 
  (100, 35, '71600', 'Salary For Clerk - Mar''07', -9.75)
GO

INSERT INTO [dbo].[TRN_GNLJNLD] ([GNLJNLDNO], [GNLJNLNO], [ACC_CODE], [ACC_MEMO], [ACC_AMT])
VALUES 
  (101, 36, '71600', 'Socso Contribution For Mar''07', 43.9)
GO

INSERT INTO [dbo].[TRN_GNLJNLD] ([GNLJNLDNO], [GNLJNLNO], [ACC_CODE], [ACC_MEMO], [ACC_AMT])
VALUES 
  (102, 36, '11320', 'Socso Contribution For Mar''07', -43.9)
GO

INSERT INTO [dbo].[TRN_GNLJNLD] ([GNLJNLDNO], [GNLJNLNO], [ACC_CODE], [ACC_MEMO], [ACC_AMT])
VALUES 
  (103, 37, '71500', 'EPF Contribution For Mar''07', 529)
GO

INSERT INTO [dbo].[TRN_GNLJNLD] ([GNLJNLDNO], [GNLJNLNO], [ACC_CODE], [ACC_MEMO], [ACC_AMT])
VALUES 
  (104, 37, '11320', 'EPF Contribution For Mar''07', -529)
GO

INSERT INTO [dbo].[TRN_GNLJNLD] ([GNLJNLDNO], [GNLJNLNO], [ACC_CODE], [ACC_MEMO], [ACC_AMT])
VALUES 
  (105, 38, '71500', 'EPF Contribution For Feb''07', 529)
GO

INSERT INTO [dbo].[TRN_GNLJNLD] ([GNLJNLDNO], [GNLJNLNO], [ACC_CODE], [ACC_MEMO], [ACC_AMT])
VALUES 
  (106, 38, '11310', 'EPF Contribution For Feb''07', -529)
GO

INSERT INTO [dbo].[TRN_GNLJNLD] ([GNLJNLDNO], [GNLJNLNO], [ACC_CODE], [ACC_MEMO], [ACC_AMT])
VALUES 
  (107, 5, '21100', 'Fax Machine', 1700)
GO

INSERT INTO [dbo].[TRN_GNLJNLD] ([GNLJNLDNO], [GNLJNLNO], [ACC_CODE], [ACC_MEMO], [ACC_AMT])
VALUES 
  (108, 5, '21300', 'Computer', 2400)
GO

INSERT INTO [dbo].[TRN_GNLJNLD] ([GNLJNLDNO], [GNLJNLNO], [ACC_CODE], [ACC_MEMO], [ACC_AMT])
VALUES 
  (109, 5, '11310', 'Fax Machine & Computer', -4100)
GO

INSERT INTO [dbo].[TRN_GNLJNLD] ([GNLJNLDNO], [GNLJNLNO], [ACC_CODE], [ACC_MEMO], [ACC_AMT])
VALUES 
  (110, 3, '11310', 'Capital', 50000)
GO

INSERT INTO [dbo].[TRN_GNLJNLD] ([GNLJNLDNO], [GNLJNLNO], [ACC_CODE], [ACC_MEMO], [ACC_AMT])
VALUES 
  (111, 3, '41100', 'Capital', -50000)
GO

--
-- 91 record(s) inserted to [dbo].[TRN_GNLJNLD]
--



--
-- Data for table TRN_RC  (LIMIT 0,1000)
--

INSERT INTO [dbo].[TRN_RC] ([RCNO], [TRAN_CODE], [ACC_YEAR], [ACC_MONTH], [TRAN_DATE], [WHNO], [MEMO], [RC_AMT], [VENDOR_CODE])
VALUES 
  (1, 'OPN001', 2007, 3, '20070301', 1, '', 10000, 'A00001')
GO

INSERT INTO [dbo].[TRN_RC] ([RCNO], [TRAN_CODE], [ACC_YEAR], [ACC_MONTH], [TRAN_DATE], [WHNO], [MEMO], [RC_AMT], [VENDOR_CODE])
VALUES 
  (2, 'OPN002', 2007, 3, '20070301', 1, '', 14650, 'B00001')
GO

INSERT INTO [dbo].[TRN_RC] ([RCNO], [TRAN_CODE], [ACC_YEAR], [ACC_MONTH], [TRAN_DATE], [WHNO], [MEMO], [RC_AMT], [VENDOR_CODE])
VALUES 
  (3, 'OPN003', 2007, 3, '20070301', 1, '', 6200, 'K00001')
GO

--
-- 3 record(s) inserted to [dbo].[TRN_RC]
--



--
-- Data for table TRN_RCD  (LIMIT 0,1000)
--

INSERT INTO [dbo].[TRN_RCD] ([RCDNO], [RCNO], [WHNO], [ITEM_NO], [ITEM_CODE], [QTY], [UNIT_PRICE])
VALUES 
  (1, 1, 1, 1, 'GDL001', 1000, 5)
GO

INSERT INTO [dbo].[TRN_RCD] ([RCDNO], [RCNO], [WHNO], [ITEM_NO], [ITEM_CODE], [QTY], [UNIT_PRICE])
VALUES 
  (2, 1, 1, 2, 'WALL01', 1000, 5)
GO

INSERT INTO [dbo].[TRN_RCD] ([RCDNO], [RCNO], [WHNO], [ITEM_NO], [ITEM_CODE], [QTY], [UNIT_PRICE])
VALUES 
  (3, 2, 1, 5, 'DWL001', 1200, 6)
GO

INSERT INTO [dbo].[TRN_RCD] ([RCDNO], [RCNO], [WHNO], [ITEM_NO], [ITEM_CODE], [QTY], [UNIT_PRICE])
VALUES 
  (4, 2, 1, 6, 'DWL002', 900, 5.5)
GO

INSERT INTO [dbo].[TRN_RCD] ([RCDNO], [RCNO], [WHNO], [ITEM_NO], [ITEM_CODE], [QTY], [UNIT_PRICE])
VALUES 
  (5, 2, 1, 7, 'DWL003', 500, 5)
GO

INSERT INTO [dbo].[TRN_RCD] ([RCDNO], [RCNO], [WHNO], [ITEM_NO], [ITEM_CODE], [QTY], [UNIT_PRICE])
VALUES 
  (6, 3, 1, 8, 'PIL001', 100, 8)
GO

INSERT INTO [dbo].[TRN_RCD] ([RCDNO], [RCNO], [WHNO], [ITEM_NO], [ITEM_CODE], [QTY], [UNIT_PRICE])
VALUES 
  (7, 3, 1, 4, 'SP002', 900, 6)
GO

--
-- 7 record(s) inserted to [dbo].[TRN_RCD]
--



--
-- Data for table TRN_RECON  (LIMIT 0,1000)
--

INSERT INTO [dbo].[TRN_RECON] ([RECONNO], [BANKNO], [ACC_YEAR], [ACC_MONTH], [OPEN_AMT], [CLOSE_AMT])
VALUES 
  (15, 2, 2007, 2, 42561.85, 41790.7)
GO

INSERT INTO [dbo].[TRN_RECON] ([RECONNO], [BANKNO], [ACC_YEAR], [ACC_MONTH], [OPEN_AMT], [CLOSE_AMT])
VALUES 
  (16, 1, 2007, 3, 42609.35, 44462.35)
GO

INSERT INTO [dbo].[TRN_RECON] ([RECONNO], [BANKNO], [ACC_YEAR], [ACC_MONTH], [OPEN_AMT], [CLOSE_AMT])
VALUES 
  (17, 1, 2007, 2, 44022.25, 49900.35)
GO

INSERT INTO [dbo].[TRN_RECON] ([RECONNO], [BANKNO], [ACC_YEAR], [ACC_MONTH], [OPEN_AMT], [CLOSE_AMT])
VALUES 
  (18, 2, 2007, 2, 42561.85, 43721.85)
GO

INSERT INTO [dbo].[TRN_RECON] ([RECONNO], [BANKNO], [ACC_YEAR], [ACC_MONTH], [OPEN_AMT], [CLOSE_AMT])
VALUES 
  (20, 1, 2007, 3, 42201.6, 43155.1)
GO

INSERT INTO [dbo].[TRN_RECON] ([RECONNO], [BANKNO], [ACC_YEAR], [ACC_MONTH], [OPEN_AMT], [CLOSE_AMT])
VALUES 
  (21, 2, 2007, 3, 41640.7, 44522.2)
GO

--
-- 6 record(s) inserted to [dbo].[TRN_RECON]
--


--
-- Data for table MST_POSSET  (LIMIT 0,500)
--

INSERT INTO [dbo].[MST_POSSET] ([POSSETNO], [POSSET_NAME], [POSSET_VALUE])
VALUES 
  (15, 'GST/VAT', '0')
GO

INSERT INTO [dbo].[MST_POSSET] ([POSSETNO], [POSSET_NAME], [POSSET_VALUE])
VALUES 
  (16, 'CASHACC', '11100')
GO

INSERT INTO [dbo].[MST_POSSET] ([POSSETNO], [POSSET_NAME], [POSSET_VALUE])
VALUES 
  (17, 'SALESACC', '51100')
GO

INSERT INTO [dbo].[MST_POSSET] ([POSSETNO], [POSSET_NAME], [POSSET_VALUE])
VALUES 
  (18, 'DISCACC', '52200')
GO

INSERT INTO [dbo].[MST_POSSET] ([POSSETNO], [POSSET_NAME], [POSSET_VALUE])
VALUES 
  (19, 'TAXACC', '34400')
GO

INSERT INTO [dbo].[MST_POSSET] ([POSSETNO], [POSSET_NAME], [POSSET_VALUE])
VALUES 
  (20, 'PRICETAX', 'False')
GO

INSERT INTO [dbo].[MST_POSSET] ([POSSETNO], [POSSET_NAME], [POSSET_VALUE])
VALUES 
  (21, 'ROUNDD', 'False')
GO

--
-- 7 record(s) inserted to [dbo].[MST_POSSET]
--

--
-- Data for table MST_POSUSER  (LIMIT 0,500)
--

INSERT INTO [dbo].[MST_POSUSER] ([POSUSERNO], [POSUSER_CODE], [POSUSER_NAME], [POSUSER_GRP], [POSUSER_PASS])
VALUES 
  (1, 'ADMIN', 'ADMIN', 2, 0x0055425A9F5F32B1)
GO

--
-- 1 record(s) inserted to [dbo].[MST_POSUSER]
--
